TF	target	importance
ZCCHC17	TAS1R3	20.12199203090932
RUNX3	AL109936.6	19.36086874238308
HP1BP3	AL031005.2	16.707051658344284
SFPQ	SLC2A1-AS1	16.676585095712586
NOC2L	AL512408.1	16.24613887329669
ZNF691	AL034417.3	16.12133141500771
SMAP2	PIK3CD-AS1	13.7625765047963
HES4	CSF3R	13.670188961113487
SMAP2	AL031602.2	13.607275489612435
FOXO6	GABRD	12.940090028633483
FOXJ3	AL020996.1	12.820965155451898
ZCCHC17	CC2D1B	12.783826328109207
HES5	FOXO6	12.782130062146557
ZBTB17	TTLL10-AS1	12.704516515719098
SCMH1	BMP8B	12.611470340237549
NFIA	ACOT11	12.563415062763273
NFIA	AL591845.1	12.539501652354861
SFPQ	DISP3	12.268772146457367
YBX1	AL357078.2	11.919443751197694
HP1BP3	SLC66A1	11.913886137237908
RUNX3	LINC01772	11.834809931261663
FOXO6	KANK4	11.411153079872902
JUN	MMP23B	11.401337553084845
ZBTB40	CLCN6	11.358774129701606
SFPQ	FO704657.1	11.335957850268013
HP1BP3	PIK3CD-AS1	11.257764003276025
HES4	SLFNL1-AS1	11.246625502509797
NOC2L	AC099791.2	11.24367720758979
ZCCHC17	AL096840.2	11.172954381892609
SMAP2	SLC2A5	11.044314432402103
ZNF362	PADI2	11.030471171549653
SMAP2	AL161644.1	10.86933208230136
YBX1	TFAP2E	10.78978502725362
RLF	OXCT2	10.775155101922365
JUN	BMP8B	10.752299686632803
JUN	AL513477.2	10.682763230643479
MAGOH	CYP2J2	10.522674986711193
HES4	FAAH	10.50038104741801
YBX1	BX293535.1	10.39261459797975
HES5	DLGAP3	10.334419263146573
RUNX3	AL390719.2	10.325014114745253
LUZP1	C1QB	10.310729859898833
FOXJ3	AL139286.3	10.284017033379564
DMAP1	KDM4A-AS1	10.27482458263867
RLF	CA6	10.217840955303737
HP1BP3	SLFNL1	10.209595081934477
EXO5	AKR7A3	10.079496684784942
ENO1	AL162430.2	10.055120591636614
ENO1	KDF1	10.012565676141774
YBX1	ALG6	9.869351178347753
SMAP2	KIF2C	9.76914564220272
TAL1	EXOSC10-AS1	9.742204835377388
SMAP2	NFIA	9.726550079437713
SMAP2	CRYBG2	9.719253415412444
ASAP3	AL031289.2	9.708880994816745
RUNX3	BEST4	9.435737333446129
LUZP1	SLC2A5	9.385873680778312
HES4	THEMIS2	9.320897756205197
HES4	LINC01226	9.309930398742665
MYCL	FAM131C	9.290179868262717
SMAP2	PDE4B	9.283552662631728
FOXO6	WDR78	9.227767425657184
NFYC	TTC34	9.187609531899335
MORN1	AL662907.3	9.14017322649205
MORN1	AL606760.2	9.133181763651269
YBX1	AL139424.2	9.120319760920749
HES4	CDCA8	9.101753601227431
RLF	RIMS3	8.989883820272201
ZNF691	AL034417.4	8.989778369314191
SFPQ	LINC01772	8.985901579436998
NOC2L	DOCK7	8.959169847154653
RUNX3	AL139424.2	8.948437109732282
DMAP1	AL356055.1	8.921080210743533
AGMAT	AL353622.1	8.902108591804737
SMAP2	AL805961.1	8.827162507389104
GMEB1	AL603839.3	8.817520402294335
SMAP2	SMIM1	8.760110744097455
ZSCAN20	FAM43B	8.671596585932278
MTF1	C1orf174	8.647315219954747
HEYL	GJA9	8.624010966134392
JUN	PLA2G2C	8.609551137923054
FOXJ3	AL390719.2	8.588248302253575
ASAP3	FNDC10	8.58521322207857
HES5	SLC6A9	8.556998891427204
JUN	AL020996.1	8.551749511449344
ZBTB48	TESK2	8.542227040867093
SMAP2	AL139286.2	8.524336651519297
MORN1	ICMT	8.523603109221053
ZSCAN20	SGIP1	8.480510640289053
HEYL	AL590438.1	8.405798595903416
RLF	DISP3	8.370896874625464
HP1BP3	PIK3CD	8.35501903326402
ZNF684	ATAD3C	8.31536316710681
NFIA	VWA1	8.286517529620824
RUNX3	AL590822.2	8.274242241778941
NFIA	TSSK3	8.219493226326474
JUN	FABP3	8.20601649497332
JUN	TMEM51-AS1	8.145284362437838
NFIA	CLIC4	8.136185289347551
LUZP1	SCMH1	8.063755506445611
POU3F1	NFIA-AS1	8.061105374477858
HES4	CLDN19	8.055515518825878
VAMP3	AL049795.2	8.055014808432905
KDM4A	CCDC17	8.008363983097567
HES4	AL031432.5	7.96686308130123
ZBTB40	AL033528.2	7.96103320828232
FOXO6	LINC01359	7.94590530477177
ZBTB40	LINC01770	7.942158662294046
SMAP2	TFAP2E	7.843758957152083
SSBP3	MMP23B	7.831686954821231
LUZP1	IL23R	7.7943182085132285
MAGOH	HPDL	7.788847607216202
HES4	AL513493.1	7.785398730739414
AKR1A1	RCC1	7.784144598268088
ZBTB17	RERE-AS1	7.777155176087849
TAL1	MIR34AHG	7.7518604059556075
YBX1	PRKCZ-AS1	7.704844522411779
JUN	AL161644.1	7.674696308959296
FOXD3	SH3D21	7.669021224159773
HES5	AL121992.1	7.6395326890069
DMRTA2	AL606491.1	7.615325728824157
HP1BP3	OMA1	7.586552321777621
GMEB1	EXTL1	7.560742368987567
VAMP3	AL031283.2	7.531373459338953
PRDM16	AL021154.1	7.523705517094083
LUZP1	CRYBG2	7.523455742483419
SFPQ	UQCRH	7.508300213727949
VAMP3	KDF1	7.502630227739792
KDM4A	C1orf159	7.495651995209684
JUN	AL021155.5	7.485447317785664
JUN	KTI12	7.482541529033516
NFIA	NBL1	7.479459266162909
KDM4A	C1QA	7.471320660719847
ASAP3	FOXD2-AS1	7.4462364801639005
JUN	AL020997.5	7.435631939326541
JUN	LINC01135	7.409656839957782
MORN1	AL109936.2	7.3773613014915504
HES4	AL391244.2	7.376093133503614
HP1BP3	LINC02777	7.327416754491396
YBX1	SYF2	7.3130690298271155
SMAP2	CD52	7.296330996296439
RUNX3	MATN1	7.284681585731194
SFPQ	AL627309.5	7.260148311482641
ZBTB40	CEP104	7.257624771654603
ASAP3	AL031985.3	7.255432641990867
JUN	DLEU2L	7.232370688059245
JUN	SH3BGRL3	7.228857445046538
LUZP1	AL627309.5	7.227775045721444
ZNF436	SRARP	7.222270669511047
ZBTB48	IPP	7.2074983586349175
ZNF436	AC114488.1	7.20525994204776
ZBTB40	PANK4	7.188626335778541
HES4	AL021154.1	7.184898468681126
HEYL	AL450043.1	7.1763659386169865
RUNX3	IL23R	7.135183028577023
ZBTB48	RIMS3	7.112634586508174
HDAC1	AL139246.3	7.0409431895677095
FOXO6	SDC3	7.01394525280125
HDAC1	PIGV	7.008005414706274
SFPQ	ORC1	7.0060705840477215
CPTP	HPCA	7.001754822485075
FOXD2	NPHP4	6.997980287848212
NOC2L	CA6	6.993460888250773
NOC2L	HTR6	6.990478073933038
SMAP2	PRDM2	6.981462708391974
ZFP69	LINC01358	6.931469781990811
ENO1	WNT4	6.925679350804959
HES5	IQCC	6.905611125761718
SMAP2	RCAN3	6.896377548111499
HDAC1	AL162430.2	6.886190769535168
HDAC1	KCNQ4	6.886029816442194
NFIA	SCP2	6.882249034882165
NFIA	SMAP2	6.869557232004453
POU3F1	SLFNL1	6.869386102617218
ZSCAN20	GPR153	6.830903494723235
E2F2	CORT	6.8212301129227635
ZCCHC17	DHDDS	6.810881729868739
NFIA	TIE1	6.802420301079793
SMAP2	RUNX3	6.8004810698282165
EXO5	PPP1R8	6.79271386632156
ZNF362	AL139423.1	6.7783068795536
SFPQ	AL020997.5	6.775470420087249
ZNF362	KDM4A-AS1	6.754647535788497
LUZP1	PHF13	6.750526413921318
SFPQ	AL445248.1	6.746599262405432
JUN	NSUN4	6.7338380791172066
NFIA	WRAP73	6.728537303380071
ZBTB48	AC254633.1	6.722103846307078
EXO5	POMGNT1	6.7095846576540366
SMAP2	CZIB	6.70500518998614
NFYC	SZT2	6.689271743979816
FOXJ3	AGO4	6.677940732965033
MTF1	PTPRF	6.672312367638838
RUNX3	PINK1-AS	6.664915650413994
FOXD2	GPR157	6.664675467073143
NFIA	RBP7	6.66176422358233
SFPQ	AL357078.2	6.659653651955532
NOC2L	LINC00339	6.6467745682698585
NFIA	MTF1	6.637631548057372
NFYC	TMEM240	6.6303754762874565
NFIA	CELA2A	6.612747039884162
SMAP2	AL359881.1	6.6124129121928545
ZCCHC17	DNAJC11	6.603830391285073
POU3F1	BEND5	6.602377307746189
ENO1	C1orf109	6.596822657358131
RUNX3	AL033528.2	6.593777876923942
JUN	JAK1	6.593672848780533
RUNX3	TNFRSF4	6.582410811372917
JUN	TRABD2B	6.5655669865559245
ZBTB40	KLHL17	6.548461137808483
ZFP69B	TTC39A	6.521410679159198
HDAC1	IPP	6.517822733397502
ZNF436	PLEKHG5	6.509703272970918
VAMP3	UBXN10-AS1	6.508536450722098
JUN	OXCT2	6.500938998132008
JUN	AL357078.2	6.499164010080054
SMAP2	CDC42-AS1	6.4670940205507454
HP1BP3	DDI2	6.458011453495748
YBX1	TEKT2	6.457853051682605
NFIA	FAM167B	6.453040078473733
YBX1	AL109936.6	6.444905453939626
ZNF691	GPX7	6.4429811157695065
LUZP1	AL359881.1	6.439055330724549
JUN	CMPK1	6.410646469150599
ASAP3	AL139423.1	6.407373575526871
AKR1A1	ATG4C	6.389804325198331
VAMP3	LINC01771	6.36262016430351
ENO1	AL513477.2	6.3617619228118425
MAGOH	AL031280.1	6.3331471079752735
LUZP1	EXOSC10-AS1	6.31244909969291
SCMH1	AL136115.2	6.312361536547867
CPTP	DMRTA2	6.288972839816116
NFIA	C1QC	6.285202006956699
NFYC	LINC02596	6.283259131111866
SMAP2	RBP7	6.255095987458304
ZFP69B	C1QA	6.232794000743304
JUN	BX284668.2	6.221972320649112
ENO1	FOXD2-AS1	6.220378096926867
PRDM16	AL034417.2	6.1939546449115355
SCMH1	AL360012.1	6.189630544380332
RUNX3	MIR4422HG	6.18818064897426
NFIA	PTPRF	6.159964006390339
NFIA	EPHB2	6.1492040445392195
SFPQ	TMEM50A	6.117900642913893
HDAC1	GRIK3	6.113480111380537
KDM4A	ZFP69B	6.112161550108593
HES4	MFSD2A	6.112134686608277
NFIA	ZNF593	6.105984321943996
NFIA	ANKRD65	6.099570462767454
RUNX3	AL359881.1	6.094675180265135
ENO1	AL513493.1	6.094589724339894
NFIA	CD52	6.087292699602644
FOXJ3	MDS2	6.063538413580606
ZFP69B	CCDC17	6.052676889850971
ZNF362	PABPC4-AS1	6.048135899760799
ENO1	RAB3B	6.0240973308070505
NFIA	LEPROT	6.022980835156926
NFIA	TINAGL1	6.022838639815289
HES4	AL031432.4	6.019527130089666
CPTP	AL627309.1	6.019338639349585
HDAC1	LINC01409	6.01698623348101
HP1BP3	IPO13	6.015323975414856
TFAP2E	COL9A2	6.009717129998285
NFYC	AL513218.2	6.005450721739961
HDAC1	AL691432.2	5.976842210603618
JUN	LINC01783	5.964929510972732
KDM4A	AL137127.1	5.960195944533212
HES4	LINC02812	5.959771854740276
MTF1	MIB2	5.947021661999816
NFYC	EMC1	5.936221203704544
JUN	RPL22	5.931119441772447
YBX1	AL139260.1	5.9281962413538185
VAMP3	TAL1	5.927350164008429
RLF	ZYG11A	5.91857311580629
AGMAT	LINC02812	5.91829501029148
NFIA	BX284668.5	5.91731541196716
HDAC1	RHD	5.909631003946552
ZNF362	CYP4B1	5.904028064003642
ZCCHC17	LINC01144	5.901074190416034
AGMAT	LRP8	5.881807474654252
PRKAA2	FBLIM1	5.873702121198082
NOC2L	PAFAH2	5.8731080716757225
MAGOH	AL049795.2	5.87040898113582
YBX1	RHD	5.860670608511572
JUN	SNHG12	5.836566562788622
HES4	GJA4	5.83199391386992
ZNF691	AC093151.8	5.814564994258269
SMAP2	AL390719.2	5.792675672913113
MORN1	MANEAL	5.782562853905719
SMAP2	CAMTA1	5.77313867204518
NFIA	DHRS3	5.768281486236413
NFIA	CAMTA1	5.7627419499932975
NOC2L	AL050341.2	5.760502527269272
SMAP2	SFPQ	5.74850074685596
SFPQ	PLCH2	5.743378090966918
HIVEP3	SH2D5	5.73994609774866
AKR1A1	HPCA	5.723184086704348
SMAP2	AL513493.1	5.720869022623847
HES4	TMEM51-AS1	5.717313906875661
ASAP3	LINC01137	5.705410593860026
HES5	AL139423.2	5.701457193204338
MAGOH	AL109627.1	5.699701836202761
SMAP2	CLIC4	5.687578290157437
HDAC1	ZBTB48	5.6874589778615405
JUN	AL359881.1	5.67778825871151
MYCL	FNDC5	5.6678072874237975
CPTP	TP73	5.665466574281888
TAL1	AL451042.2	5.661476775590959
ZCCHC17	ACAP3	5.658048662974846
MAGOH	LINC01783	5.647454190822668
JUN	PLK3	5.639989992578523
AKR1A1	AL513327.1	5.6369285928106425
JUN	AKIRIN1	5.634513242078969
SSBP3	DNAJC6	5.630436523911814
JUN	ID3	5.629449998410511
EXO5	EYA3	5.629382959729906
NFIA	LEPR	5.6225289487152015
SFPQ	MARCKSL1	5.619950736322125
SMAP2	SSBP3	5.61601681397193
AKR1A1	ALG6	5.615439816246769
SCMH1	S100PBP	5.607872791312663
PRDM16	BMP8A	5.587747355438936
JUN	RSRP1	5.583981058153259
SFPQ	C1QB	5.577280503619318
EXO5	MED18	5.573061014653902
HP1BP3	TMEM240	5.560955000630017
ZBTB40	ZFP69	5.557315382793718
VAMP3	NFIA-AS1	5.546003925081971
NFIA	CITED4	5.538703150143369
PRDM16	EXTL1	5.5357839611647055
SMAP2	TINAGL1	5.532841376349988
MTF1	MTHFR	5.5095386413359195
PRKAA2	AL139220.2	5.508482703570751
JUN	ZYG11A	5.506687346594953
FOXJ3	AGMAT	5.503688881879207
SMAP2	PEF1	5.503051346054256
HDAC1	AGMAT	5.486885613009073
SMAP2	AL050343.2	5.485531693937993
ZBTB40	EFCAB7	5.484656433144785
ZSCAN20	AL139423.2	5.463835317092734
AKR1A1	AL050343.2	5.463394804806178
NOC2L	CDKN2C	5.457752300898256
SMAP2	LCK	5.448283518889559
POU3F1	UBXN11	5.435167661216512
POU3F1	ELOA-AS1	5.43291535542705
GMEB1	AL031283.2	5.429923563333654
HES5	LINC01778	5.428697807193698
JUN	UBXN10-AS1	5.428529217530005
EXO5	CYB5RL	5.419724198506482
HP1BP3	FO704657.1	5.414796196032559
JUN	SLC35E2A	5.414525493856055
JUN	AL662907.3	5.409425225345682
JUN	AL590438.1	5.407671840789395
LUZP1	RNF19B	5.387269215084338
LUZP1	PATJ	5.380342361464036
HIVEP3	PINK1-AS	5.380150870963395
CPTP	PTPRU	5.377841599719285
HIVEP3	MED18	5.373349255802604
ZNF362	CALML6	5.360759116341697
AKR1A1	IFNLR1	5.360016936888068
MAGOH	AL139286.3	5.359170218884578
AGMAT	FOXD2	5.348232839384106
NFIA	CPTP	5.344778812821039
RLF	MEGF6	5.329476594345917
ZCCHC17	PLCH2	5.3218590574814995
LUZP1	RERE	5.314713481879674
ZNF436	HYI-AS1	5.311228052070968
YBX1	NDUFS5	5.30910982990049
SMAP2	LAPTM5	5.2926569819778315
NFIA	RCAN3	5.284668180678865
JUN	AL603839.3	5.281582120813176
SFPQ	YBX1	5.276533272093415
MTF1	AL139424.3	5.274010413840944
RUNX3	MRPL20-AS1	5.27174639632634
NFIA	BX293535.1	5.253317603794998
POU3F1	SLC45A1	5.243825389359003
JUN	SLFNL1-AS1	5.243700017254543
SMAP2	ID3	5.232337581066921
ZNF691	PRDM16-DT	5.232179855039314
ZCCHC17	NIPAL3	5.200106999077202
SCMH1	AHDC1	5.196270795587949
ZCCHC17	MTOR	5.193613960130313
ZBTB40	RPS8	5.184838821985474
PRDM16	LINC02574	5.184010779004823
HES4	HPDL	5.1831043793809535
VAMP3	HOOK1	5.182408739973864
JUN	CCDC24	5.169533981682328
ZCCHC17	IFNLR1	5.16329000677039
SFPQ	AL805961.1	5.158199345639209
YBX1	FGR	5.154980756029978
NFIA	PLPP3	5.153603543010531
JUN	SLC25A34	5.153017003087775
YBX1	AL031602.2	5.152210116116515
LUZP1	KIAA2013	5.14995770409269
JUN	IPO13	5.147694366541665
SMAP2	VWA1	5.142923960328028
DMAP1	UBIAD1	5.142855630504268
ENO1	MYSM1	5.133171584272349
HDAC1	AL050343.3	5.13271912142729
AKR1A1	AL034417.4	5.1302213041177565
AGMAT	CTNNBIP1	5.127550323587578
JUN	DPH2	5.121185246053404
AKR1A1	AL445183.2	5.119211442455962
HDAC1	Z97987.1	5.117155496386554
GMEB1	BEST4	5.106562187244526
SCMH1	UBE4B	5.101319103022168
HES5	AGRN	5.099761441501024
TAL1	TMEM53	5.096407918265293
GMEB1	AL050343.2	5.09301713091263
JUN	AL359881.2	5.088667334304628
HP1BP3	AC098484.4	5.085489267906506
NOC2L	MIIP	5.084590030224794
FOXJ3	KIF2C	5.082770403151963
MAGOH	PER3	5.078220239895224
ZFP69	MUTYH	5.07765358125825
HP1BP3	DLEU2L	5.077253172828446
NFIA	IFI6	5.0589145101504975
JUN	FAAH	5.058217042216102
AKR1A1	PABPC4-AS1	5.058081782163744
HES5	AL050343.3	5.057577586032414
JUN	KIF2C	5.054282396102792
ZCCHC17	AC098484.4	5.053773126785344
SFPQ	AL590822.3	5.050466814765799
HIVEP3	ACAP3	5.050434110624681
ZNF436	AL357079.1	5.05025614983622
POU3F1	CAMTA1-IT1	5.048858048783982
JUN	LAPTM5	5.0400231573912535
LUZP1	AL031727.2	5.038696744540345
SMAP2	FOXD2-AS1	5.0352386157000915
HEYL	AC254633.1	5.0326939588521995
ZNF436	AL591845.1	5.027886378555804
TAL1	TCTEX1D4	5.0227644500732085
RLF	AGO1	5.0169809366988805
SMAP2	LINC02777	5.01497943049436
MORN1	ERMAP	5.006080143573106
HES4	CAMK2N1	4.982872989022646
JUN	STPG1	4.97610412879237
ZNF684	GPATCH3	4.974517193764567
ENO1	DNAJC6	4.972419440761924
SMAP2	SFN	4.971535444558653
SFPQ	NFIA-AS1	4.970951180902915
NOC2L	AL109811.2	4.966830561207003
ENO1	AL358075.2	4.966542732158151
HDAC1	SH2D5	4.958711505445831
HIVEP3	SMPDL3B	4.956004260860256
HES4	TMEM51	4.945154712894376
JUN	CD52	4.943810192700538
PRDM16	HCRTR1	4.941243938554374
HES4	AL139220.2	4.939056588470312
JUN	FUCA1	4.937987925586953
NFIA	TAL1	4.936977465678197
ZCCHC17	TMEM125	4.933948065268233
DMAP1	LINC01715	4.926817037114698
HP1BP3	TTC34	4.9221563873918335
RLF	ZNF436-AS1	4.921485188246678
RLF	GPR153	4.9135434500176745
LUZP1	L1TD1	4.913309704706098
NFIA	AURKAIP1	4.9022401201484795
ENO1	AL603839.3	4.898296551748663
NFIA	TMCO4	4.896607151323976
HES5	AL135960.1	4.894998152687885
POU3F1	ZMYM6	4.893115179040072
ZCCHC17	UQCRHL	4.8872896560408305
FOXJ3	CPT2	4.886146752688102
ZFP69	FAM41C	4.8852288190260245
NFIA	JUN	4.885049918117498
ZBTB17	LINC01144	4.882330337119146
ZNF691	TMEM269	4.881968537904207
NFIA	ID3	4.879627005922926
HDAC1	PLA2G2C	4.877443418215842
LUZP1	C1orf109	4.876873351412668
ZNF684	C1orf167	4.867904418141937
SMAP2	ECHDC2	4.867289115294173
SFPQ	AL139424.3	4.859661081532674
PRDM16	PLA2G5	4.8428266188045335
YBX1	CAMTA1-DT	4.839524265992699
ZBTB17	MED8	4.8383049705617385
SMAP2	NUDC	4.833639830010882
NFIA	VAMP3	4.832337704961054
SMAP2	HYI	4.8289376174328575
SFPQ	KDM4A-AS1	4.820459763328887
SCMH1	AL590822.1	4.8199882534158895
MYCL	AL139424.1	4.805499647258158
HDAC1	RAB3B	4.7999271679371835
JUN	CALML6	4.792563285798022
SCMH1	SH2D5	4.788311617950895
NFIA	ZMYM1	4.7879310152883585
SMAP2	BX284668.5	4.787627971755766
RLF	AL031727.2	4.780975833096851
ENO1	CLSTN1	4.780676624428694
YBX1	AL139286.3	4.775787670325287
SFPQ	PLK3	4.7658522224016915
ENO1	UQCRHL	4.7642699704844365
YBX1	MIR4422HG	4.764116061746291
EXO5	SNRNP40	4.759083192170194
SMAP2	CDCA8	4.758018352031296
HDAC1	BX284668.2	4.74435471522348
NFIA	TCTEX1D1	4.7435102603462225
JUN	AGO3	4.739050526209564
ENO1	AC119800.1	4.733197923167972
JUN	HPCAL4	4.731567281891877
SFPQ	RERE-AS1	4.7308293156632395
JUN	AL109811.1	4.7287403596154975
POU3F1	AL137857.1	4.728497478253313
JUN	UQCRHL	4.727968857876047
SFPQ	KLHL17	4.722459094681571
HES4	NBPF3	4.720599281916943
GMEB1	PAQR7	4.719833297448579
YBX1	TARDBP	4.716425209919174
PRDM16	AL513218.2	4.713409024893457
FOXJ3	TMEM240	4.711024355436905
RUNX3	SLC25A34	4.710088268497171
SMAP2	CEP85	4.708217987664553
ZBTB40	SLC1A7	4.70276970373787
DMRTA2	GPR3	4.700538902366803
PRDM16	NBPF3	4.6962328128595265
FOXJ3	FAM76A	4.69198299683227
JUN	SMAP2	4.691584524501689
JUN	CNKSR1	4.691460532001001
AKR1A1	RAB3B	4.690167462620618
FOXD3	FAAH	4.686798744172188
HDAC1	LINC01135	4.6859108836728565
ENO1	LRP8	4.675267240542755
JUN	C1orf216	4.6740233902045025
NFIA	TACSTD2	4.6665008351997015
NFIA	UTP11	4.658942802101242
HP1BP3	E2F2	4.656127683526871
YBX1	NOL9	4.653166894152248
ZBTB40	AL606760.1	4.652878962849352
SMAP2	FBXO6	4.652761405944638
YBX1	FAM87B	4.637824359808527
JUN	P3H1	4.635017019788983
SMAP2	AKIRIN1	4.632273207243444
ZBTB40	FBXO42	4.629310036993761
KDM4A	LRRC47	4.626875647334483
SSBP3	FGGY	4.622806139467963
JUN	BMP8A	4.620267979774025
SFPQ	BMP8A	4.611230142169161
HP1BP3	RAB3B	4.608333179443627
HP1BP3	ZMYM1	4.602938832952185
MYCL	LINC01783	4.6014427186375855
HES4	AC099791.4	4.599868706249378
JUN	TNFRSF1B	4.592263729331117
NFIA	PHACTR4	4.586514934034577
HP1BP3	LINC01144	4.582883340525241
YBX1	MACF1	4.572814287768428
SFPQ	ALG6	4.571757902969449
AKR1A1	PADI2	4.570313039977912
FOXJ3	AL139260.1	4.568654902056439
ZBTB17	AL391244.2	4.566718304242753
ZBTB40	LINC02596	4.559739689949368
ZFP69B	AL050343.2	4.5531553793145205
MTF1	AL136985.3	4.547912268747261
PRDM16	MFSD2A	4.546771326433079
ZBTB17	FOXD3-AS1	4.541859334532041
MORN1	CDC20	4.540858132079766
RLF	EIF4G3	4.540339820665094
SCMH1	AL139424.1	4.536744745316642
MORN1	PLEKHN1	4.535101868110107
ZFP69B	AL513320.1	4.534861922769933
NFIA	UBR4	4.533592393451598
NFYC	C1orf216	4.532219595123569
LUZP1	LEPROT	4.525757942877179
MORN1	AL513320.1	4.525391078098217
KDM4A	CDC42-AS1	4.52177952292557
NFIA	RPL11	4.5183299548585
JUN	RPL11	4.5093106388919715
NFYC	EXTL1	4.508709035373731
PRKAA2	FOXD3	4.508021345754746
ENO1	CELA2A	4.5075073690385405
YBX1	AL161644.1	4.5007357678709
ZBTB17	AC004865.2	4.495291714121353
ZNF436	AL357140.1	4.493162963352513
NOC2L	SYNC	4.489903038934317
SMAP2	AURKAIP1	4.487548930944584
SMAP2	CDC42	4.4857520167961225
YBX1	SLFNL1-AS1	4.481300799776408
ZFP69B	NCDN	4.473436371230118
RLF	CNKSR1	4.468683974713374
TAL1	E2F2	4.468100061814671
PRDM16	FHAD1	4.467715365328604
ZCCHC17	AL590822.3	4.4653317204525855
NOC2L	CTPS1	4.465057226258046
ZBTB17	OTUD3	4.461765193274576
SFPQ	LINC01715	4.460393121765736
ZNF362	LINC01562	4.4560446631658674
CPTP	UBXN11	4.451039591723605
TAL1	ATAD3B	4.448779112931757
FOXJ3	AL162430.2	4.446652331566426
HES4	AC098484.4	4.446262270815442
NOC2L	AL590822.3	4.437825436253384
POU3F1	AC119677.1	4.431471728329786
DMAP1	ESPN	4.422575449526507
HES4	CROCC	4.4219679922580335
HP1BP3	CDC42-AS1	4.416640225397641
HES4	FABP3	4.415180452459577
ZCCHC17	UBE4B	4.409755231432685
GMEB1	LINC01771	4.406488548152771
JUN	AL805961.1	4.404409717624488
RLF	AL590434.1	4.398795519592893
NOC2L	MRTO4	4.393825787139969
FOXO6	AUNIP	4.39189693682502
VAMP3	CD52	4.388270902080054
HP1BP3	USP24	4.38780020066445
SSBP3	AL109811.2	4.386579197800771
PRKAA2	FABP3	4.384553264311239
JUN	PITHD1	4.384324807146524
FOXJ3	KCNAB2	4.378878903932528
VAMP3	TTC22	4.378196753615284
JUN	PADI2	4.372313442724565
KDM4A	OSCP1	4.367118547115101
NFIA	LINC01783	4.364989865801808
ZNF436	Z97987.1	4.364106400902148
HDAC1	SLC35E2B	4.361740427881925
ZBTB48	PRKAA2	4.360775185837914
RLF	GNL2	4.357575979134665
SMAP2	LINC00115	4.354769969426977
FOXJ3	TTLL10-AS1	4.352848949854282
MYCL	TMEM52	4.352039716699812
TAL1	AC093424.1	4.352021208257254
JUN	NFIA	4.344271432515828
JUN	MARCKSL1	4.343932302125484
CPTP	FAM110D	4.341105354882266
YBX1	AL033528.2	4.340297170439776
FOXJ3	ARID1A	4.337981323175469
YBX1	ESPN	4.336042177690225
ZBTB40	ZMYM1	4.335721703950122
NFIA	HSPG2	4.329145590817845
SSBP3	PAFAH2	4.3290400622625445
LUZP1	C1QC	4.326970236757026
HES4	AC119677.1	4.326034700827593
NFIA	DFFA	4.3251703540904
ZBTB48	KIAA0319L	4.317928632233629
TAL1	AL020997.2	4.314862689400569
SFPQ	AL590434.1	4.314573412912806
NOC2L	MECR	4.314301652348819
SFPQ	AL109811.1	4.313186735919408
EXO5	FBXO2	4.311777823449653
JUN	CAMTA1-DT	4.308315649731745
ZNF684	DNAJC11	4.306091586779233
KDM4A	TTC22	4.285543022297689
RUNX3	AC119800.1	4.28495876880736
ZCCHC17	PLA2G2C	4.284661200102322
HIVEP3	FNDC10	4.282896108062213
SFPQ	PLA2G2C	4.280916810496108
AKR1A1	USP24	4.274443565825925
HES4	AL513218.2	4.2711115415150385
JUN	AL109936.2	4.269502720824024
ENO1	AJAP1	4.260511310298895
YBX1	USP1	4.259617614752228
ZBTB17	HCRTR1	4.257744136273627
NFIA	COL8A2	4.254781091464462
YBX1	CAMTA1-IT1	4.246702403341954
NFYC	CPT2	4.244068334199022
NOC2L	C1QA	4.236154485682229
NFIA	ACOT7	4.232922549024699
ZBTB17	SLC9A1	4.2238969220982625
SMAP2	C1QA	4.222734398126268
ASAP3	AC119677.1	4.221868209037293
GMEB1	LINC02777	4.221620878663404
NFIA	EPHA10	4.219842951595619
MAGOH	Z97987.1	4.215814219441582
VAMP3	ZYG11A	4.209729876125499
AKR1A1	LINC01770	4.2092355056261255
MTF1	WRAP73	4.208966017404094
LUZP1	AL137857.1	4.205503337859871
SMAP2	SYTL1	4.202609928602252
JUN	ESPN	4.2013435355861635
SMAP2	ANKRD65	4.197872247841002
KDM4A	EFCAB7	4.196229607251659
NFIA	CAMTA1-IT1	4.194393621094872
CPTP	ZNF691	4.1907869956098995
HEYL	AC093425.1	4.188850084926518
RLF	UBIAD1	4.188736275457146
HP1BP3	AL020997.2	4.18642635721916
PRKAA2	FHL3	4.184221454056177
NFIA	SRSF4	4.173581303380274
NFIA	TMEM201	4.159688621496003
HP1BP3	CA6	4.159230100165285
ZCCHC17	KCNQ4	4.15820877200005
ZCCHC17	ERMAP	4.1569585467350585
HES4	HEYL	4.154337211009051
SSBP3	AC098484.4	4.150969525607285
SMAP2	PPIE	4.150712022511132
YBX1	TUT4	4.140603823098483
ENO1	RHD	4.1385114615719605
AKR1A1	YIPF1	4.136684118639138
ENO1	AL031005.1	4.133243082072946
FOXJ3	C1orf50	4.132967518526135
YBX1	AL590434.1	4.130706250718804
NFIA	AL606760.2	4.126096761021991
AKR1A1	TMEM125	4.123417567862564
NFIA	ECHDC2	4.123320016727951
NFIA	ELOA-AS1	4.122868920344598
ZBTB48	CLSPN	4.113603015278392
MTF1	AL359881.2	4.1119130231171
VAMP3	ARHGEF19	4.110180716841478
NFYC	FAM76A	4.106055716142228
VAMP3	CTRC	4.100872813188892
FOXJ3	AL451042.2	4.100835985032599
ZBTB48	HDAC1	4.095104640976581
JUN	TENT5B	4.092823930555719
EXO5	EXOSC10	4.092569113046843
HDAC1	MAST2	4.088175084230942
NFIA	KIF1B	4.084035307456858
NOC2L	ZYG11A	4.083956679894919
NFIA	PAQR7	4.082337919292638
ENO1	CLDN19	4.08108019870672
NFIA	PRDX1	4.080709874316954
SSBP3	TCTEX1D1	4.079759056274893
NOC2L	TP73	4.077765905319492
POU3F1	RPA2	4.077428606066575
ZBTB40	LINC00115	4.077041623031805
ZBTB48	AL590822.1	4.0757414326503465
ENO1	RRAGC	4.074034597327349
SMAP2	HSPG2	4.071462413278964
SCMH1	NADK	4.068269185374016
FOXJ3	NFYC	4.066751426643457
YBX1	SH2D5	4.058955675303448
YBX1	FAM43B	4.058130080869949
FOXJ3	AC099791.4	4.0579229749573535
SMAP2	PHACTR4	4.054032028610739
ZCCHC17	AL590438.1	4.0529600783278035
JUN	HPCA	4.052662513075299
TAL1	CTRC	4.051814627894222
ZCCHC17	BX284668.6	4.0515171409663395
HP1BP3	PTP4A2	4.0501248010298605
HEYL	SAMD11	4.049634858837486
SCMH1	RBBP4	4.049362985074028
VAMP3	LEPROT	4.0483694470231395
AKR1A1	NDC1	4.042506306066501
SMAP2	C1QB	4.039344543688087
SMAP2	UTP11	4.038517263972495
JUN	AL139246.5	4.038395784360418
POU3F1	RCAN3AS	4.037386822566252
HES4	BMP8A	4.035178707886853
SFPQ	SRM	4.032511951419418
HDAC1	E2F2	4.032416358747248
NFIA	AL139423.1	4.030836212725954
YBX1	ZYG11A	4.028388178454782
SMAP2	ECE1	4.025300813457262
CPTP	PIK3CD-AS2	4.01936045622006
NFIA	NUDC	4.012084396460964
NFIA	KAZN	4.006876939886926
YBX1	PRDX1	4.00603689956652
NFIA	AKR7A2	4.00476661524201
SSBP3	PDIK1L	4.0039172777080925
HES4	ARHGEF10L	4.001969847816801
NFIA	MYSM1	3.995784268990009
ZNF362	CELA2B	3.995007196727791
SMAP2	CNKSR1	3.994534214786482
HES4	AL139424.1	3.994337542182052
ZNF684	ZSCAN20	3.9908760636915925
HES4	PLA2G2C	3.99073087582098
FOXO6	MIR34AHG	3.9844149345339037
MTF1	RNF223	3.983763184881017
GMEB1	PIGV	3.9794886157529015
PRDM16	CLDN19	3.9771810425357845
SFPQ	ENO1-AS1	3.9767221948012637
FOXD2	AL353622.1	3.9751440369496907
FOXJ3	SRSF10	3.9710008513123274
SMAP2	CITED4	3.9672300381510612
VAMP3	TNFRSF8	3.9623428915527557
MYCL	DNALI1	3.9611256178331162
PRKAA2	AL135960.1	3.9601704439617995
ZNF362	CDC42-IT1	3.9596132478349695
SFPQ	EYA3	3.956165157574518
ZNF362	FBXO44	3.9498334751339454
GMEB1	TEKT2	3.947905504008979
JUN	FBXO6	3.9409183274613526
NFIA	SVBP	3.9389639550174116
HDAC1	CD164L2	3.938887011499585
JUN	AL031280.1	3.9386589031663815
RUNX3	TNFRSF25	3.9371019203514277
NFIA	PINK1	3.9367323602322237
FOXD2	CCDC30	3.9364428888167216
NOC2L	PEX10	3.9363704244016673
LUZP1	AL137127.1	3.933301351729728
JUN	LEPROT	3.931685337809306
ENO1	BEST4	3.9257452682834586
GMEB1	LINC01635	3.925563698288035
YBX1	OXCT2	3.9250059968309308
LUZP1	SLC30A2	3.9206343875219285
HDAC1	AC114488.3	3.919340269553511
SSBP3	PEX10	3.919318108264438
ZNF362	DHDDS	3.9187824688950306
RUNX3	HPCAL4	3.9175540341995383
SFPQ	SNHG3	3.9158247700782107
KDM4A	RHBDL2	3.9132466415968534
SCMH1	TRIT1	3.9131178139673612
HP1BP3	IFNLR1	3.911916103770571
NFIA	SZT2	3.9102182080189305
SFPQ	ZMYM6	3.904036179173627
JUN	TRIT1	3.901344536689692
HES5	AC093424.1	3.900611870877627
LUZP1	SRARP	3.9004815046514
NFIA	EVA1B	3.8964996479226413
SMAP2	EIF4G3	3.8963581910540017
VAMP3	CASZ1	3.893765362682594
GMEB1	RAB42	3.8933214443269786
HIVEP3	PRKCZ-AS1	3.892562018043828
FOXJ3	FOXO6	3.890457906397208
ZBTB40	FAF1	3.8894557209708234
RUNX3	TRIT1	3.8852146181260334
HP1BP3	AL109811.1	3.8845499155176344
AGMAT	DVL1	3.884242246338021
HES4	HES5	3.8832698748370134
NFIA	LUZP1	3.8811741739367966
NFIA	PRXL2B	3.8790760820530874
MAGOH	RERE-AS1	3.8788830448116163
JUN	DNAJC8	3.8766667134884836
JUN	EFHD2	3.8732408695315774
SMAP2	AL590434.1	3.8728768070159036
JUN	TMEM52	3.8665132004019616
ZBTB17	AL139289.2	3.866324267964721
LUZP1	TSPAN1	3.865992313954969
FOXO6	AJAP1	3.8625898546355586
PRKAA2	SLC25A34	3.861170839133625
ENO1	YARS	3.859116326154009
RLF	RPA2	3.8589893964349957
MTF1	POU3F1	3.8550768230559633
ASAP3	NPHP4	3.852952248652235
FOXJ3	DOCK7	3.850436612841951
ZNF436	AL358075.2	3.8458672179521014
HP1BP3	YBX1	3.8452552150243653
JUN	RPS8	3.8419862639521996
JUN	AL645728.1	3.8403214807553425
NOC2L	CDC20	3.8368721612860575
YBX1	LDLRAD2	3.8309539877134986
HES4	ARTN	3.825640277901108
FOXJ3	TSSK3	3.8234960714848705
LUZP1	ATP6V0B	3.8232573814244653
NFIA	KIF17	3.822216729268251
SMAP2	LUZP1	3.816691674373308
GMEB1	UTS2	3.815744032405388
ZCCHC17	CSF3R	3.814780012008514
MTF1	LNCTAM34A	3.8123912418664507
LUZP1	AL031283.1	3.810511460116974
MAGOH	PITHD1	3.804684090827994
GMEB1	OSBPL9	3.80457351361903
PRDM16	LNCTAM34A	3.7981139750685626
SFPQ	AL606760.1	3.793896719950245
ZCCHC17	ZNF684	3.7927565249415083
ZFP69B	KDM4A	3.788024056021667
SFPQ	TMEM59	3.7866651509969307
JUN	TTLL10	3.7862479600193577
DMAP1	TTLL10	3.7849523074414217
DMAP1	AC114488.1	3.783685336043228
ZNF436	LINC01635	3.7826799411183534
NFIA	USP48	3.7791124981292485
YBX1	LINC01135	3.7776625299967366
AKR1A1	MATN1-AS1	3.772690419216456
VAMP3	IPO13	3.7721318615930066
NFIA	MRPL20	3.7669583932750452
HP1BP3	VPS13D	3.7626721883764396
RUNX3	DLEU2L	3.7617971323110164
SMAP2	MANEAL	3.761443449280815
MYCL	CD164L2	3.7588208964808016
HP1BP3	KLHL17	3.7584539640729515
JUN	TMEM234	3.756970027584034
JUN	CITED4	3.756848735261933
FOXO6	TRIM62	3.7535039385941693
RLF	CRYBG2	3.7515513570049452
PRDM16	GJA4	3.750853607531978
SSBP3	AC093424.1	3.748915409024048
SMAP2	MIB2	3.7476715235309936
YBX1	AL445183.2	3.7473049638660703
ENO1	LINC01135	3.746443547545619
LUZP1	MATN1	3.745250568211379
YBX1	AL031985.3	3.7434935145037684
HP1BP3	SZRD1	3.742971566930969
SSBP3	AL031848.2	3.739661551655848
NFIA	UROD	3.7353049083229184
HP1BP3	LINC01771	3.7344904374589447
FOXO6	AL451042.2	3.7329924022324885
NFIA	ERRFI1	3.730491269116259
HIVEP3	AL512353.1	3.726812266688749
NFIA	KCNQ4	3.726145439232616
NFIA	OSBPL9	3.7246010132741647
HES4	DNAJC6	3.7244337470835216
SFPQ	PABPC4	3.7211765826314522
NFIA	DMRTA2	3.71905414859113
ZBTB17	TTC39A	3.7190102446272397
SSBP3	ZDHHC18	3.7179325958968685
HES5	GPATCH3	3.717228630476872
SFPQ	MTOR	3.716924419500242
HES4	SAMD11	3.7139442890099614
YBX1	DMRTA2	3.7124441897814107
JUN	RCAN3	3.710784020307023
RUNX3	LCK	3.710629020446533
YBX1	JUN	3.7079005086749603
NFIA	TXNDC12	3.707190197610463
MAGOH	AL139286.2	3.7042982146673356
LUZP1	CAMTA1	3.7028736656042223
SCMH1	STIL	3.7024518000973408
ZNF436	EPHB2	3.702150605221968
ZBTB48	STPG1	3.6973439549932805
HP1BP3	IL23R	3.6964887119668166
RLF	KLHL17	3.694651906181127
NFIA	PEX14	3.6938316568561045
MAGOH	SLC2A5	3.6931680970312684
VAMP3	NFIA	3.688898745625369
ZFP69B	E2F2	3.6823005350697784
YBX1	SLFNL1	3.6813223429307693
CPTP	AL162430.2	3.680958234337785
RUNX3	ATP13A2	3.6804645036016277
JUN	PRKCZ	3.6756536608509998
NFIA	NPHP4	3.674932230002447
AKR1A1	PATJ	3.67468403387139
SMAP2	PPCS	3.670485758566877
NFIA	ZBTB40	3.6686074057367026
LUZP1	CDA	3.667448842712586
ZFP69B	MIR34AHG	3.661568809228645
SCMH1	HYI-AS1	3.6607077200502247
SFPQ	NASP	3.65998398294475
HIVEP3	KIAA0319L	3.6598992207760084
VAMP3	AL109936.2	3.6525615988554616
SMAP2	LEPR	3.6517342401661574
YBX1	PRDM2	3.651710724468224
HEYL	PANK4	3.6492848215943057
JUN	HES4	3.6436793116919355
SMAP2	KDM1A	3.64115474385082
AKR1A1	EBNA1BP2	3.6401092548913687
SFPQ	AL645728.1	3.639151274023732
ZCCHC17	AC099791.4	3.638528630593889
RUNX3	AL031727.2	3.636616349780276
SSBP3	ATAD3A	3.6362684997504306
NFIA	PIK3R3	3.6360185581570588
JUN	AC114488.1	3.634363910508354
JUN	AC099791.4	3.634308652422152
SFPQ	CDC42-IT1	3.6287519130241717
HP1BP3	TMCO4	3.62872056751756
ZBTB40	LDLRAP1	3.6278624415675575
VAMP3	CACHD1	3.6277910157814093
SMAP2	SELENON	3.624960349434942
NFIA	C1orf174	3.6243758367207404
SMAP2	CAPZB	3.622314460149477
HES4	DMRTA2	3.6221912948360413
ASAP3	TMEM234	3.621954711434436
GMEB1	C1orf122	3.6186734680442676
NFIA	H6PD	3.6176131024653437
ASAP3	OSCP1	3.617468106138215
ZBTB48	SLC35E2B	3.6168423056240497
SFPQ	EMC1	3.61640308163784
GMEB1	CYP2J2	3.6155175895690195
SMAP2	AL031728.1	3.614117944913533
SMAP2	ATAD3B	3.6124482606790944
YBX1	CDKN2C	3.612182804389628
FOXJ3	XKR8	3.6034790463846713
ASAP3	ZNF362	3.602629819223612
MAGOH	HNRNPR	3.6019640452531565
YBX1	EXOSC10-AS1	3.6010460156324635
SFPQ	YRDC	3.5991474990795274
RUNX3	TNFRSF18	3.597556475900634
LUZP1	PDZK1IP1	3.5963415756483026
CPTP	PINK1	3.5899227526167317
HEYL	TMEM51	3.5880550252710823
NFIA	ZCCHC17	3.5877262284396667
SCMH1	PLA2G5	3.586141371503488
SFPQ	CAPZB	3.5860597760746606
LUZP1	TCTEX1D1	3.5849883156357714
SFPQ	HP1BP3	3.583354952751839
SSBP3	AKR7A3	3.5829377005639227
SMAP2	NBL1	3.582895474434548
LUZP1	GNB1	3.5798936122570417
NFIA	TMEM269	3.5746701517037724
KDM4A	FBXO42	3.573566847881573
JUN	IFNLR1	3.573285306215179
ZCCHC17	CDC42-IT1	3.5703819951269935
JUN	EXTL1	3.5690756054442487
HDAC1	EMC1-AS1	3.567336342208676
CPTP	C1QTNF12	3.567118128208808
HIVEP3	DHDDS	3.565833856215324
NFIA	YTHDF2	3.5657082778094704
SSBP3	AGO1	3.565350099961722
NFIA	ALDH4A1	3.5633866816043933
AKR1A1	CYP4X1	3.56199982301108
NFIA	SERINC2	3.5595277307878805
HDAC1	SNRNP40	3.553653617323331
JUN	NFYC-AS1	3.553625584541652
NFIA	GNB1	3.5524377937857117
NFIA	CZIB	3.552374036621741
KDM4A	NOC2L	3.551909350232446
NFIA	TRAPPC3	3.5514956512459235
TAL1	AL445183.2	3.5492494547108815
HP1BP3	TMEM201	3.545961386176833
MTF1	UBR4	3.5459203158052706
SMAP2	KCNQ4	3.543892635772454
NFIA	CACHD1	3.54327889334634
VAMP3	AL137127.1	3.5432491362041407
RUNX3	ESPN	3.5423453211604503
SFPQ	YTHDF2	3.5399665142132526
HP1BP3	TXLNA	3.539111557591136
HP1BP3	AL139423.2	3.5380671655567895
SMAP2	ZNF436-AS1	3.538032247044906
TAL1	TCEANC2	3.5352077878307533
NFIA	SELENON	3.5330754438464664
NFIA	MTFR1L	3.532876273456938
MTF1	MYSM1	3.530746440310076
HES4	CALML6	3.5302193432996765
SMAP2	CNR2	3.5287683760986566
HP1BP3	PTCH2	3.5274235588268663
SMAP2	PLPP3	3.526571008597205
ZCCHC17	ZBTB8OS	3.5250948952658825
VAMP3	ZNF436	3.524165101202539
GMEB1	AL358075.1	3.5198079915128355
ENO1	KIAA2013	3.5194174289133295
HP1BP3	KCNAB2	3.516214923341034
SFPQ	FBXO6	3.5143979245887462
VAMP3	CCDC163	3.513714782271898
ZNF436	MORN1	3.5117085980682243
ZBTB48	LINC01778	3.5099275796218894
FOXO6	LURAP1	3.509091351464797
ZCCHC17	C1QTNF12	3.505728420003849
ZNF436	CELA2A	3.500135226954948
ZNF362	SH3D21	3.4995088069600824
RLF	CDC42	3.495983246922414
ZBTB48	AL451042.2	3.4959088432923187
JUN	LINC02812	3.4949890862531032
SMAP2	AGTRAP	3.493747762250126
NFIA	STMN1	3.4913665512066157
SFPQ	COA7	3.4905089130490654
SSBP3	AL031728.1	3.4903627853463233
GMEB1	AL031728.1	3.4900160141607
MYCL	LINC01355	3.4896019480918747
SSBP3	AL451042.2	3.487959320244857
GMEB1	PEX14	3.4867507589346936
RLF	DMAP1	3.484402250072993
MTF1	AL137802.2	3.482333696065605
SMAP2	DRAXIN	3.481605292041435
SMAP2	OTUD3	3.48039437003703
LUZP1	FBXO2	3.4749357561082905
DMAP1	AGO1	3.471642552723747
NFIA	PODN	3.4691861040955536
JUN	DDI2	3.4652437329621337
LUZP1	FAM41C	3.465182935655993
HES4	Z97987.1	3.463808650492838
JUN	RERE	3.4616429156470545
SFPQ	USP1	3.4602859478161827
JUN	SNHG3	3.4588894437719384
ZNF436	TCTEX1D4	3.457658366564257
YBX1	AL645608.7	3.457460674859219
HES5	SLC45A1	3.455840005288944
ZBTB48	LINC01715	3.4552518112179937
JUN	ZSWIM5	3.4525886015684235
AKR1A1	ZNF691	3.448660052463205
JUN	SRSF10	3.4475804219741226
NFIA	AGTRAP	3.445468299396755
NOC2L	RCAN3AS	3.444705273503196
GMEB1	SAMD11	3.444159723964073
NFYC	AL096840.2	3.442859427490445
MAGOH	AHDC1	3.441812864990505
HIVEP3	AC093151.8	3.4379912186889685
MAGOH	MIR4422HG	3.4369497162881935
HES4	GJA9	3.436395329554911
POU3F1	AL136115.2	3.4359220198358984
SCMH1	RHD	3.4346361903561697
FOXJ3	AL357079.1	3.4344264059915854
SMAP2	FAM110D	3.4289342538430767
E2F2	ARHGEF16	3.4244768088119484
NFIA	PER3	3.421036258036516
ZNF691	WDR78	3.4182298814776972
ENO1	TMEM52	3.4173314414458464
CPTP	FAM87B	3.4154820476583994
VAMP3	CENPS	3.4152301079321035
LUZP1	TARDBP	3.4150960082867887
ZCCHC17	C1orf216	3.4141012578078183
SFPQ	LINC00115	3.4139642520192846
MYCL	AL391244.2	3.413622435204431
JUN	AL139286.3	3.411209096867334
NFIA	TNFRSF25	3.411110468837391
RUNX3	ISG15	3.409772835520165
SMAP2	PHC2	3.409591694092737
YBX1	NASP	3.409384882926223
AKR1A1	PGD	3.40799476414394
GMEB1	C1QC	3.407641045581283
ENO1	PABPC4-AS1	3.407349807278723
YBX1	LINC00115	3.406590856541157
SCMH1	WDTC1	3.4029370552109257
SFPQ	AL031283.1	3.4017171334181575
ENO1	RERE	3.398089410457345
ENO1	CNKSR1	3.3970723221889183
LUZP1	TMEM35B	3.396696718992043
FOXJ3	VPS13D	3.3965721813538936
ZNF362	AGRN	3.3961950517783874
ASAP3	AL357079.1	3.3954409536082806
YBX1	SSBP3	3.3948809664802284
SMAP2	TMEM59	3.394352601353716
DMAP1	RAB42	3.3930669215427063
SFPQ	BX293535.1	3.3927841930688576
JUN	ZDHHC18	3.390520364365047
JUN	FOXD3	3.3899916500944616
LUZP1	TSSK3	3.389342455238641
DMAP1	PDZK1IP1	3.3884529790785702
RUNX3	BX293535.1	3.387973744003425
SFPQ	DDOST	3.387665463107084
FOXO6	LINC01562	3.3874925759710655
FOXD2	AL137802.2	3.3873969834159237
JUN	COL16A1	3.387011679934469
HEYL	PGM1	3.386236302558152
HES5	MED18	3.385534868616681
AKR1A1	KPNA6	3.3852404588387506
AKR1A1	SCNN1D	3.384775581851179
NFIA	ZNF436	3.384637766095117
VAMP3	RCAN3	3.3816310664617917
NFIA	ZMYM4	3.3812874029807802
PRDM16	ZBTB48	3.380794582469056
ZNF436	AUNIP	3.3806476317069216
HES4	CAMTA1-DT	3.3786929967256145
TAL1	AGRN	3.3777544795476913
SMAP2	MFSD2A	3.372329490026442
TAL1	CDCA8	3.372174529736209
ZBTB48	CCDC24	3.369381139907642
JUN	AL021154.1	3.3691219533487935
YBX1	AL513327.1	3.368392036301702
ENO1	MUL1	3.36815688749178
NFIA	TCEA3	3.3678083490017485
POU3F1	TOE1	3.367634547619269
RUNX3	RHD	3.3673847947645594
SSBP3	AL512408.1	3.3673330059653885
SMAP2	MUL1	3.3672514007799283
YBX1	AL020997.2	3.366379571117203
RUNX3	AL031289.2	3.3641098646775407
HP1BP3	NFYC-AS1	3.3636866533554084
PRDM16	ZMYM6	3.3632714993291963
AGMAT	FBXO44	3.3618362300402187
NFIA	HMGCL	3.3581226390083136
NFIA	PDE4B	3.357415104113346
MAGOH	C1orf122	3.355878953793931
MAGOH	ZFP69	3.3548010131393573
POU3F1	TRIM62	3.354677912830631
AKR1A1	VPS13D	3.353737068602379
JUN	PDIK1L	3.347622390015915
SMAP2	RLF	3.346620934976082
VAMP3	AL139286.2	3.3464510757233263
VAMP3	ERRFI1	3.3462789337921004
JUN	AC004865.2	3.3457879683296547
MAGOH	SLC35E2B	3.3391186907760257
ZNF684	CDK11B	3.3354836172473994
RUNX3	GPN2	3.3343939864882417
HP1BP3	AL606760.3	3.3336336810040454
RLF	UTS2	3.3331308440813605
GMEB1	MEGF6	3.332979061667554
NFYC	ARID1A	3.3307694745060825
VAMP3	PRPF38A	3.33067587454368
JUN	AL137127.1	3.326649544286769
JUN	DHRS3	3.322146113834205
KDM4A	PLA2G5	3.319849701592201
RLF	MRPS15	3.319314904276669
SMAP2	NDUFS5	3.3183837894632746
SCMH1	TMEM69	3.3171819746257323
SFPQ	AL109936.2	3.3157127455921476
LUZP1	ORC1	3.315698803330474
AGMAT	HDAC1	3.313935944651055
ZBTB17	AL513477.2	3.3112339846621692
PRDM16	FNDC5	3.309313529908257
ZBTB48	TOE1	3.307655445288286
HDAC1	EFCAB14	3.30529836229203
NFIA	AK2	3.3052317377489073
ENO1	AL034417.4	3.3045948117471644
HES5	CAMK2N1	3.3034555558076564
CPTP	CENPS	3.301308964475905
PRDM16	AL645608.7	3.293340459448039
LUZP1	CSMD2	3.2910425887853916
NFIA	DVL1	3.288684677993837
MYCL	TENT5B	3.2874577979318773
SMAP2	AL031432.5	3.284533870712484
SMAP2	AL645728.1	3.2827671932780094
ZNF436	TMEM269	3.2822986023090133
SCMH1	CYB5RL	3.2817900770430453
ASAP3	NDC1	3.280598239242783
SMAP2	AL137857.1	3.2802568746618013
SFPQ	HCRTR1	3.2787887015670196
ZNF436	LDLRAD2	3.278622782801132
ZBTB17	TRNP1	3.278489271419359
POU3F1	MTF1	3.27806536111515
RLF	ZDHHC18	3.276209776181952
CPTP	LINC01770	3.2755901903331135
ZBTB17	AL031283.1	3.2740480390318485
NFIA	IQCC	3.2732767130414433
SFPQ	STIL	3.27259906700542
YBX1	IL23R	3.2713464061006556
PRKAA2	ARHGEF10L	3.26704206137998
HP1BP3	LYPLA2	3.265689869615768
TAL1	AC119800.1	3.2631431209859287
RUNX3	RHCE	3.262675176264995
YBX1	DNAJC8	3.2615883697704544
SSBP3	CAP1	3.261458091137315
MAGOH	XKR8	3.260567671131106
NFIA	AL031727.2	3.260492918443203
HIVEP3	EPHB2	3.258097731578963
KDM4A	AL357079.1	3.255170265668821
MYCL	LINC01137	3.253992753645024
NFIA	AK4	3.246121265763324
NFIA	FOXD3-AS1	3.244800163400597
ZBTB40	AL031432.3	3.24327102468967
ZNF684	KIF1B	3.2427980061553208
ZNF362	FOXD3	3.241900606294882
NFIA	TSPAN1	3.2416125821573916
JUN	AC119674.1	3.239974041131709
LUZP1	FAM110D	3.2389213961875933
HES4	CYP2J2	3.2385311352024613
NFIA	TM2D1	3.2360034664877113
HES5	HES4	3.234547079814866
MAGOH	MANEAL	3.233270617172344
JUN	ZCCHC17	3.233178927431817
NFIA	LYPLA2	3.2321978157645215
NFIA	MAP3K6	3.2274046285896016
NFIA	MICOS10	3.2271841659429845
NFIA	AZIN2	3.2263780737687964
ZBTB17	UTS2	3.224930569910639
HIVEP3	USP24	3.2219331931848036
RUNX3	LINC01355	3.2185553480399665
ZNF362	EPHA10	3.2156731226584223
SFPQ	MAGOH	3.2137432324669817
LUZP1	STMN1	3.213590096003236
YBX1	ENO1	3.211043130636933
NFYC	AL031432.4	3.2099429480917214
NFYC	DHCR24	3.2097966753366043
MAGOH	AL031728.1	3.207566284877205
NFIA	PLEKHG5	3.2072081849955416
ZCCHC17	CELA2B	3.207148042910358
NFIA	BTF3L4	3.2069583319955757
SFPQ	NOL9	3.2069260575964793
JUN	ATP13A2	3.2047619915486045
PRDM16	EPS15	3.204121598967651
RLF	SNIP1	3.203873220018398
YBX1	AL513493.1	3.203540943728858
YBX1	AL031005.2	3.201694938493525
SMAP2	LEPROT	3.2002869168558794
HEYL	TMEM53	3.199182824505082
POU3F1	KLHL21	3.199034305554554
RUNX3	CD52	3.198852844902796
JUN	MAN1C1	3.198841995012073
ZBTB48	WNT4	3.1975819397115557
AGMAT	EFHD2	3.1939484905845132
SSBP3	CELA2A	3.1928186443841473
NFIA	LAPTM5	3.1914956832080956
VAMP3	THAP3	3.1904873210032174
GMEB1	LINC01767	3.1900409694243743
HP1BP3	ORC1	3.1898475137749975
FOXJ3	SLC35E2B	3.1889159799089093
ZCCHC17	SCMH1	3.1883925537478683
JUN	CASP9	3.186933015470781
SMAP2	CACHD1	3.1851777276958773
JUN	CYP4X1	3.184531702937747
ZNF362	FBXO42	3.1845031542258755
LUZP1	LINC02606	3.182781541156694
YBX1	CNR2	3.1826645885103035
NFIA	TMEM200B	3.1801576910477682
AKR1A1	KCNAB2	3.179503399615951
CPTP	LINC01359	3.178785867856555
GMEB1	AC114488.3	3.1776851243456417
VAMP3	TMEM35B	3.176812434874778
YBX1	NCMAP-DT	3.1766465763290146
PRDM16	PRDM16-DT	3.175837548217788
LUZP1	PHACTR4	3.1757047575107196
SMAP2	CCDC163	3.1748723686789835
JUN	CLCN6	3.1740693298928453
VAMP3	AL034417.2	3.173000235375899
HES4	SF3A3	3.1726079069649997
CPTP	FOXD3-AS1	3.170156314936251
HES4	SGIP1	3.1697665639077366
JUN	SKI	3.1689044254600307
DMAP1	AL137857.1	3.1675705284024978
HDAC1	FAM229A	3.1668931699746676
HES5	AJAP1	3.165868810374582
SFPQ	AL512353.1	3.163740244381337
FOXJ3	AL050341.2	3.1633911974579885
AKR1A1	MRPL37	3.159205292750226
RLF	TNFRSF9	3.1566496708421896
ENO1	TP73	3.153703500707975
MYCL	TMEM39B	3.1536111155778257
ENO1	PATJ	3.1528970389473323
HES4	SLC6A9	3.1524303620546403
MAGOH	AL020997.2	3.1519213109131976
ZNF362	DAB1	3.1505053026471552
SMAP2	HP1BP3	3.1504865454243594
ZNF362	AL645608.7	3.1495777424783884
LUZP1	AL662907.3	3.1471262446403045
MAGOH	DFFB	3.1452671650454143
MTF1	TM2D1	3.145265311805933
HDAC1	MOB3C	3.142167386434223
NFIA	FNDC10	3.1419589298741273
LUZP1	SELENON	3.1417479934590866
NFIA	PIK3CD	3.1408429349871687
MAGOH	AL139220.2	3.1404660777742737
NFIA	AL590822.2	3.136565762736022
ZNF362	ALDH4A1	3.134751993759439
YBX1	RHCE	3.133869611620474
KDM4A	TNFRSF14-AS1	3.1270123254681135
VAMP3	STMN1	3.126047769339772
AKR1A1	KHDRBS1	3.124137223360692
JUN	CCDC30	3.1236975011667085
LUZP1	ENO1	3.123617309920569
SFPQ	TARDBP	3.123567270903606
ZNF436	AL031283.1	3.1233869900419213
HP1BP3	AGO1	3.1225967524636133
SMAP2	FGGY	3.121004592846156
SCMH1	NOL9	3.1179345062634187
JUN	TMEM51	3.116187701494165
RLF	SCNN1D	3.11518792686965
HES4	RHCE	3.11378484583975
NOC2L	SLC1A7	3.1133630340455545
YBX1	EXO5	3.113059961175821
ZNF436	CD164L2	3.112694739983409
VAMP3	FAM110D	3.1117769494284504
MAGOH	PNRC2	3.1115574919461615
HP1BP3	BTBD19	3.1105794254870527
JUN	DRAXIN	3.1097802780728783
RUNX3	SMAP2	3.109353861289074
RLF	XKR8	3.107876535220355
LUZP1	ACOT11	3.1071283496773097
SMAP2	HMGCL	3.1027208142280998
ZCCHC17	ECE1	3.102350996894036
NFYC	HP1BP3	3.0996448293869805
HDAC1	DNAJC16	3.098103380759151
NFYC	FGGY	3.0977628191718845
HES5	TRNP1	3.095876704587639
VAMP3	MRPL20-AS1	3.095745373464383
RLF	MAN1C1	3.0950971386228874
HEYL	HSPB7	3.094250972102636
HP1BP3	MRPS15	3.0924489569722597
SMAP2	AKR1A1	3.0923128011152534
ZCCHC17	CYP4X1	3.0922331213376566
HES4	AL031432.3	3.0919125644137404
ZCCHC17	RAVER2	3.0914414179019096
SFPQ	ELOVL1	3.090308592309011
ENO1	AL139220.2	3.0900222312961243
YBX1	Z97987.1	3.0869769521355006
FOXJ3	AL357140.1	3.084768132767714
ZNF684	INPP5B	3.082650201330865
HP1BP3	SNHG12	3.08263517513028
LUZP1	AC114488.1	3.082358442175477
SMAP2	AL020997.5	3.0812658259248322
LUZP1	NUDC	3.0806727347793115
ZNF362	ORC1	3.0796759378731124
NFYC	RPS8	3.0794535204757336
RLF	DFFB	3.078225536376999
VAMP3	AC119800.1	3.07684389448516
HES5	FBLIM1	3.07282621008239
AKR1A1	CAMTA1	3.0724252353732573
MORN1	C1orf167	3.0720160191692396
VAMP3	TCEA3	3.0717691905377182
AKR1A1	FAF1	3.0700993107734704
ZBTB17	C1QC	3.0696869974232754
SFPQ	PUSL1	3.0688589453202386
HES4	FHAD1	3.068794170736403
SFPQ	RNF11	3.065814168314825
JUN	LYPLA2	3.064321717052211
ZCCHC17	ORC1	3.062522680215864
SMAP2	L1TD1	3.061118151596468
TAL1	AK2	3.058985799683816
ZBTB40	LINC01409	3.0582231726355804
HES5	FAM43B	3.058050269335571
SMAP2	EIF3I	3.0561921465296042
ZBTB40	AL031283.2	3.0554993690974723
NFIA	TENT5B	3.055206878252299
JUN	EPB41	3.0538150359535114
ENO1	AL139286.2	3.0526261061209947
VAMP3	PIK3R3	3.0524897340265666
ENO1	CASP9	3.0518641235547896
MAGOH	AL031283.1	3.051395036479697
VAMP3	AL031005.1	3.050307857284118
MAGOH	FBXO44	3.04993926053501
MTF1	SZT2	3.0490004388972825
JUN	MATN1	3.0480579538034362
YBX1	EIF3I	3.045730816205865
E2F2	SMPDL3B	3.0449755674521994
TAL1	EMC1-AS1	3.0447047829362766
SMAP2	C1orf122	3.0431481932251714
HIVEP3	CD164L2	3.042413642229135
JUN	PDE4B	3.0420396475625786
ZCCHC17	ZNF436-AS1	3.0414667243915727
ZNF362	MAD2L2	3.0386267399788367
NFIA	ITGB3BP	3.0379012849442786
SFPQ	ATP13A2	3.037004992536698
LUZP1	CAMTA1-IT1	3.0363305285297923
LUZP1	VAMP3	3.036291593249206
ZFP69	NCMAP-DT	3.0355867843374416
NOC2L	FOXJ3	3.0353325903000643
FOXJ3	LINC00339	3.0351592458087535
RLF	RCC2	3.034824713893592
SFPQ	MACO1	3.0344242266153554
JUN	CDC42-IT1	3.0340892330366125
ZBTB48	RHCE	3.03307222780598
POU3F1	AL691432.2	3.032869188341992
NFIA	PRPF38A	3.0317444449700446
JUN	MYCL	3.0292670470076355
HES5	DRAXIN	3.028086952207043
TAL1	TSPAN1	3.0279432612545953
LUZP1	RBBP4	3.0278194891399877
SFPQ	PARK7	3.026385428477429
ZCCHC17	KTI12	3.0262724120111835
SMAP2	FAM167B	3.026149373160725
GMEB1	LINC01778	3.0258740108030326
SSBP3	TRABD2B	3.024695151107634
ZCCHC17	LINC01358	3.0245809775158508
ENO1	RLF	3.023878866636696
SFPQ	TSSK3	3.023387245567589
HES5	CYP4X1	3.0229419242931725
NFIA	AC119677.1	3.0219561524597176
AKR1A1	MYCL	3.019859369594643
NFIA	ARTN	3.019852245823254
RUNX3	AC004865.2	3.019439118757182
AKR1A1	LINC01355	3.0184041580403718
JUN	AL450043.1	3.017503242904492
NFYC	TMEM269	3.0166941549503927
HDAC1	CTRC	3.0162854913487003
NFIA	KHDRBS1	3.0160742594515555
ZNF436	DHDDS	3.0157199509123487
RLF	ZYG11B	3.00850258323355
HES5	AHDC1	3.008134964734157
NFIA	SMIM12	3.0042637131777936
ZBTB40	TCTEX1D4	3.001829567572991
FOXO6	MXRA8	3.000410031778217
SSBP3	AL590822.2	2.999589387901423
ASAP3	COL16A1	2.9989632494697918
TAL1	SMIM1	2.9974475442436335
PRDM16	ALPL	2.9973602938411648
SMAP2	NFYC-AS1	2.9963200922845195
HES4	BX284668.2	2.995549924582512
JUN	NIPAL3	2.9938927444343575
HES4	AL590822.1	2.993707545773381
LUZP1	AK4	2.993394119130914
ZBTB40	LINC01771	2.9912468960858924
JUN	DNAJC16	2.990020913543072
FOXD2	AL109811.2	2.9891721126942765
HDAC1	SLC35D1	2.9871764755993766
SFPQ	IL23R	2.9867923348370877
LUZP1	TMEM222	2.985843381629166
ZNF362	FUCA1	2.9850526690783292
SFPQ	MACF1	2.984879732147746
VAMP3	ATAD3B	2.9848696781738577
VAMP3	SRSF4	2.9836906258617515
ENO1	SMIM1	2.983687239335313
VAMP3	CAPZB	2.9832406739303954
SMAP2	ZBTB48	2.9827686324211533
SMAP2	PIK3R3	2.9821176409263583
JUN	AL031005.2	2.9806566183161722
SMAP2	SCNN1D	2.980450641363326
DMAP1	MATN1-AS1	2.9784847866776407
SCMH1	AL031985.3	2.9775762664688608
HES5	MIR34AHG	2.9767144611916962
FOXJ3	GPX7	2.975423001168194
MTF1	KDM4A	2.975389547318485
MAGOH	TMEM269	2.975021941447916
JUN	PTP4A2	2.9738619733456035
ZBTB40	MED8	2.9732775448931585
ZNF362	AL136985.3	2.97137860461375
KDM4A	CLCN6	2.971268642492374
KDM4A	ERMAP	2.9706245671564866
SFPQ	DAB1	2.9703074076115676
ENO1	MIER1	2.969480357495036
RLF	ENO1	2.968126681897421
ENO1	DHCR24	2.9678999497268066
LUZP1	CALML6	2.9678564665419715
NOC2L	HYI-AS1	2.9673929101349867
ZFP69	C1QTNF12	2.9667264267892075
DMAP1	FAM229A	2.963619882784597
HDAC1	KIAA0319L	2.963567616197778
RUNX3	CCDC24	2.9632946285492427
VAMP3	GPR153	2.9626054765863055
ENO1	RPS6KA1	2.9625950855008356
ENO1	LINC01359	2.962493529342258
VAMP3	AL031728.1	2.962125989252576
E2F2	PLOD1	2.961811933686727
ZCCHC17	TENT5B	2.9614053062051933
YBX1	PUM1	2.961175201251142
YBX1	LINC01355	2.9608653214426868
HES5	FCN3	2.960318195812993
NOC2L	PUM1	2.95922099954063
FOXD2	SNIP1	2.9591925007580953
ZNF684	TMEM53	2.9578395421602313
HIVEP3	AC093425.1	2.9575774918088085
ZNF684	AL136115.2	2.9574577322530917
SCMH1	CDA	2.9573505237744615
MAGOH	SPEN	2.9570815206129346
HP1BP3	AL627309.1	2.9561466965341925
KDM4A	WNT4	2.95488787853237
JUN	AL512408.1	2.95392286313595
SMAP2	ZSWIM5	2.9532981702210424
YBX1	AL513320.1	2.9524897730402744
NFYC	RCAN3AS	2.9509377477590997
SFPQ	PNRC2	2.9506970798648022
JUN	PIK3CD	2.9502029047839513
HES4	LRRC41	2.9499763521704465
HIVEP3	GPR3	2.948847120909101
HES5	AL604028.1	2.9472054959342917
NFIA	FAM110D	2.9469911561256508
NFYC	AGO4	2.9456534319379912
HES4	LNCTAM34A	2.9440444181071683
TAL1	MMEL1	2.941889041379887
VAMP3	CD164L2	2.9388527903063815
GMEB1	LRRC42	2.9387861676677227
SFPQ	BX284668.6	2.937658277250072
NFIA	LRRC42	2.9368338583621845
SCMH1	VPS13D	2.936524430903499
MAGOH	SKI	2.9350051276272167
YBX1	MACO1	2.9344018189839605
VAMP3	TINAGL1	2.9341305279779903
SMAP2	CDC20	2.933858280814297
ZCCHC17	S100PBP	2.9330306549061227
SMAP2	TOE1	2.9316896266306274
JUN	MAGOH	2.9284550630018997
NFIA	GRIK3	2.927551922351844
LUZP1	EXO5	2.926166038426974
NFIA	PDZK1IP1	2.9251402953820502
ZFP69B	PTPRU	2.92359909152656
ZCCHC17	SLC30A2	2.921828551153396
SFPQ	MMP23B	2.9217171541339075
SMAP2	LINC01226	2.9207347278278717
PRKAA2	LRRC47	2.918234293056333
HES5	PINK1	2.9174296137886317
YBX1	GJA9	2.9155557331108146
SFPQ	AL590822.2	2.9137200436808937
HES4	TINAGL1	2.9131358656056903
HP1BP3	CPT2	2.9130884303191036
ENO1	PTAFR	2.912683090378302
GMEB1	SERINC2	2.9121037951605926
ASAP3	MOB3C	2.9118114018124217
NFIA	DAB1	2.91167211001984
SFPQ	SRSF10	2.9109405336202974
NFIA	AKR7A3	2.9107000635797786
NFIA	AKR1A1	2.910309655314415
SFPQ	AL139286.2	2.9082157582349972
HP1BP3	CDC42	2.906829616501051
SCMH1	SLC1A7	2.9039165932747655
FOXD3	AL135960.1	2.9038578645026787
JUN	NOC2L	2.9018141662025227
YBX1	LINC01409	2.9008699522244474
SMAP2	EPHA2	2.8986248780935484
ENO1	TNFRSF18	2.8963815942490627
HP1BP3	AL050343.2	2.8943703185633805
YBX1	PNRC2	2.89201302014079
SFPQ	FGR	2.889949279797296
RUNX3	TNFRSF1B	2.8893165994983474
ENO1	BMP8A	2.8881316051765142
NFIA	ATP5IF1	2.887998679144371
ZNF684	ZMYND12	2.887555075150017
ZBTB40	COL9A2	2.885663773972088
JUN	AL096840.2	2.8848501145646828
ASAP3	CELA2B	2.882871733085741
SMAP2	AL031283.1	2.8810243692035584
ENO1	KANK4	2.87991741893581
NFIA	PPT1	2.8783237937409463
HP1BP3	CAMTA1-IT1	2.878148194702552
NFIA	FCN3	2.8778946340521894
SFPQ	CAP1	2.877152750913786
JUN	ZYG11B	2.876306402629667
ENO1	RIMKLA	2.873588177893495
CPTP	ST3GAL3	2.873354610839245
NFIA	ROR1	2.8700691683052124
YBX1	AGMAT	2.869616116776766
ZCCHC17	AL031432.4	2.8688433086991676
RUNX3	DAB1	2.867598351748605
RLF	ADPRHL2	2.8673303957591845
ASAP3	ZBTB17	2.8653084919724447
SCMH1	RNF223	2.8645738563648937
SMAP2	SCP2	2.861546531698653
ZBTB40	LZIC	2.86144791670018
NFIA	LCK	2.860515152522293
VAMP3	ANKRD65	2.859749660979316
HDAC1	LINC02606	2.859204332958102
VAMP3	HCRTR1	2.8582049911874794
JUN	CAMTA1	2.854506966519767
SFPQ	SNHG12	2.8544427697905603
SMAP2	KIAA1522	2.853378270139275
TAL1	C1QC	2.8521421205307984
ZNF436	PEX14	2.851733973002516
AKR1A1	CDK11A	2.8513127786182273
PRDM16	AC254633.1	2.8507907189168478
NFIA	FO704657.1	2.850523539125149
NFYC	DMRTA2	2.849534985483235
FOXO6	LNCTAM34A	2.8493640112723266
CPTP	B3GALT6	2.847298041885549
ZNF436	C1QC	2.8471702332558637
AGMAT	SYTL1	2.846829813250281
VAMP3	TIE1	2.8465755954672907
GMEB1	HEYL	2.8433217767515373
MAGOH	MAN1C1	2.8419347632242875
NOC2L	ITGB3BP	2.8415732927573516
VAMP3	MAGOH	2.841219036333796
HES4	AL645608.7	2.8406337948090745
ENO1	ZBTB17	2.839464040492635
SMAP2	GALE	2.839205754263916
AKR1A1	PRKAA2	2.837474510404811
JUN	FOXD3-AS1	2.837473017442666
MAGOH	BX284668.6	2.8370240903097357
HES4	BTBD19	2.8366125541893106
SMAP2	ZMYM4	2.8362120525136088
LUZP1	KIF17	2.8336778375674294
KDM4A	TCTEX1D4	2.83356018602582
NFYC	PHC2	2.8321543597502483
FOXJ3	AL139286.2	2.8308801098526883
AKR1A1	ZMYND12	2.829137362576861
HIVEP3	UBXN10	2.8288968493528506
ZBTB48	EFCAB14	2.828468759290759
ENO1	PRDX1	2.8279442401642045
JUN	PNRC2	2.827741248450156
JUN	AL033528.2	2.8269737945576705
ZBTB48	SFN	2.8269198536968547
NFIA	PSMB2	2.8266119929482016
NFYC	CSF3R	2.8234783922980506
AKR1A1	BSDC1	2.8205081111469754
SMAP2	SESN2	2.820355565025108
SFPQ	ATP5IF1	2.8203424670777393
POU3F1	AL590434.1	2.8199626379155878
SMAP2	RNF220	2.8196362823280796
MYCL	MMACHC	2.8195065430603745
HES4	PRDM16	2.8168883081178144
SMAP2	CAP1	2.8164134941106527
SMAP2	PUM1	2.815934245023384
JUN	AL121992.1	2.815881899833094
SSBP3	PPT1	2.8158065168020565
VAMP3	CAMTA1-DT	2.814774897750351
SMAP2	AL031005.1	2.8131926781828867
LUZP1	ZFYVE9	2.8126611305973355
SFPQ	RER1	2.810291558751157
RUNX3	TNFRSF9	2.8092916085247754
AKR1A1	TMEM269	2.8091460347106927
SSBP3	SLC30A2	2.807366005995254
HES5	GABRD	2.8072833724260158
JUN	SYTL1	2.806409173585118
POU3F1	RHCE	2.8063026148892747
VAMP3	SGIP1	2.8042596417905346
FOXJ3	AL031280.1	2.803850539533923
SMAP2	EVA1B	2.802885487464786
TAL1	SLC30A2	2.8021443138119166
YBX1	HMGN2	2.798855756859508
TAL1	GPBP1L1	2.7965958983671775
HIVEP3	EXO5	2.79657511599795
ZNF436	HPCA	2.796351567573444
MYCL	EPHA10	2.7944485710904017
ZFP69	GPX7	2.794385446480759
YBX1	AL357140.1	2.792538793342953
SFPQ	ZNF436-AS1	2.791915829020626
NFIA	PARK7	2.7905144575143055
NFIA	ARHGEF19	2.7898096756052873
HP1BP3	NRDC	2.7889937919130663
LUZP1	C1QTNF12	2.787823728156679
HES4	CYP4X1	2.7871887474908976
LUZP1	DFFA	2.7848441389199197
HEYL	C1orf174	2.7845598902854274
SMAP2	DFFA	2.7843765036170467
NFIA	ENO1-AS1	2.7837209201553725
YBX1	SH3BGRL3	2.7834387683525064
SFPQ	UBXN10-AS1	2.7833039299051987
YBX1	CCDC163	2.7829074361622808
VAMP3	LINC01359	2.78267443518924
AKR1A1	AL591845.1	2.7824235880299764
NOC2L	EXOSC10	2.779576680439502
JUN	SLC2A1	2.7792874618938708
JUN	ZBTB8A	2.7788793923898316
ZBTB17	GNL2	2.7785334611202104
HES5	CCDC163	2.7776288059268706
NFIA	EIF4G3	2.7764602180599574
ZNF362	KDF1	2.774204086576811
SFPQ	AL604028.1	2.773322325765053
POU3F1	RNF220	2.772739881354901
ZBTB17	CCNL2	2.766049136479118
LUZP1	AL356055.1	2.76598209919908
MAGOH	AL357078.2	2.764602732378904
RUNX3	HIVEP3	2.762939804660286
ZBTB48	LINC02606	2.7627485654790673
NFIA	TMEM59	2.7612393821874335
NOC2L	SNIP1	2.75927575273759
ZBTB40	HYI-AS1	2.7565130541515184
AKR1A1	MIR4422HG	2.7553439411853278
VAMP3	ASAP3	2.75512535345153
NOC2L	AL109627.1	2.7547213827614385
ZNF684	AL121992.1	2.7534547755575116
NOC2L	ARMH1	2.7530453046750205
YBX1	MICOS10	2.752817341446398
SFPQ	HMGN2	2.7521092198160373
VAMP3	NBPF3	2.752072638812589
ENO1	PLEKHN1	2.749881109566982
YBX1	MAGOH	2.7485373646760958
SMAP2	SRRM1	2.7479744682435907
YBX1	ST3GAL3	2.747187839929019
LUZP1	AL513327.1	2.7454269158579865
JUN	EYA3	2.745352508456915
AKR1A1	AL139246.3	2.745132088178331
HIVEP3	LINC01144	2.7446366877038026
SCMH1	UBE2J2	2.743512116396241
ZNF436	ZSWIM5	2.743137795694541
ZBTB48	LINC01355	2.7427796003935683
JUN	FBXO42	2.741102085183655
SSBP3	MIER1	2.7400170052141317
ZFP69	NBPF1	2.7396257537460205
NFIA	PTAFR	2.737905634085701
ZCCHC17	NBL1	2.7374938846784915
ZNF436	MAST2	2.737168306934819
HIVEP3	PRDM16-DT	2.7371345836779115
SMAP2	NCMAP-DT	2.7362124685890996
AKR1A1	PRKCZ	2.7360674662779045
SMAP2	IFFO2	2.7350004603897875
ZNF362	TTC22	2.734764511576934
VAMP3	FOXD3-AS1	2.7345819434844403
HP1BP3	AL031283.1	2.734375818068752
ZCCHC17	ACOT7	2.7339824181115255
YBX1	TNFRSF8	2.7336093207829997
CPTP	TMEM54	2.733065150242934
GMEB1	MECR	2.7319821320305917
HP1BP3	SAMD11	2.730781936666649
JUN	PABPC4-AS1	2.729568335859582
NFYC	LINC01778	2.729433836130592
NFIA	TNFRSF8	2.7291693615414734
ZNF362	AC254633.1	2.7284809271167068
PRDM16	RAVER2	2.727633830173218
MAGOH	BTF3L4	2.7276194209573017
KDM4A	MTF1	2.7276161382045365
ASAP3	MYCL	2.726085938447379
JUN	AL031727.2	2.725274318352246
GMEB1	AL359881.2	2.724725820767822
FOXD2	AGMAT	2.724177837392074
GMEB1	AL021155.5	2.7206176215457725
HES4	MYCL	2.7197408186145395
SFPQ	C1QA	2.7197050546969384
PRDM16	HEYL	2.7174196512529027
ZBTB48	PTCH2	2.71563803164431
YBX1	ACOT11	2.714379136928408
SMAP2	DHRS3	2.712632771366211
NOC2L	AL031848.2	2.7109670436520337
POU3F1	AC098484.4	2.708795822619654
VAMP3	YIPF1	2.7067962958089735
EXO5	LINC01128	2.706393800503836
JUN	CCDC17	2.7060870250651643
YBX1	TMEM59	2.7051046374880356
HES5	ALPL	2.7036195925996918
VAMP3	SPATA6	2.7029096985650063
ZBTB17	HTR6	2.7027034536082537
ZBTB17	NDC1	2.702609242980493
VAMP3	RBP7	2.7025028327379186
FOXO6	KIAA1522	2.701383275307767
NFIA	HYI	2.699118766921832
ZNF362	MOB3C	2.699096380010936
SFPQ	SSBP3	2.699061834360077
SFPQ	MRPL20-AS1	2.6985769726667654
NFYC	CPLANE2	2.6972338823654827
JUN	ISG15	2.696749383865508
SFPQ	NBPF3	2.696718060678042
ZBTB40	RER1	2.6966795339513485
HES5	GJA4	2.695008352296089
ZBTB48	SNIP1	2.6939985026457576
NFIA	AL021154.1	2.6933478835687232
YBX1	PTPRU	2.692149237706264
JUN	LEPR	2.689913259331698
VAMP3	NDC1	2.688890245157727
MTF1	ELOA	2.6886825985356624
TAL1	ROR1	2.688049594007935
VAMP3	AGTRAP	2.685724699965547
LUZP1	TTLL10	2.684043772047303
MORN1	ELOA-AS1	2.683709709142943
HDAC1	DFFA	2.683352619179205
MAGOH	TAF12	2.6833160753259246
SMAP2	MDS2	2.6809541366639036
SFPQ	LINC01144	2.6796561426986676
NOC2L	MDS2	2.6784417740076307
YBX1	GPR153	2.678318521699195
ZCCHC17	NFYC	2.677505344056679
SMAP2	COL8A2	2.676831780887835
SMAP2	AGRN	2.676466696142302
JUN	MANEAL	2.6764024188547753
RUNX3	EPB41	2.674867653268767
SMAP2	MIR4422HG	2.673546957602318
ZBTB40	CDK11B	2.6721525240836823
HDAC1	FAM43B	2.6720790440740796
MYCL	ADPRHL2	2.6715392211837012
AKR1A1	HSPG2	2.6714955583797027
SFPQ	PAFAH2	2.671009066244775
HES4	TCEANC2	2.6697586890885683
FOXJ3	AC093424.1	2.6697437274950317
DMAP1	AC119800.1	2.6696324780957346
SMAP2	ZBTB8A	2.669227837034344
AKR1A1	ZBTB8A	2.669086415407652
NFIA	AL627309.1	2.6688655128250622
YBX1	AL356055.1	2.667864470019809
LUZP1	AL137802.2	2.6661435473761848
KDM4A	EMC1-AS1	2.664747437733395
YBX1	CEP104	2.664738607255356
HP1BP3	AL021155.5	2.664704682868618
ZCCHC17	AL606760.1	2.664446717260185
HIVEP3	USP48	2.664067476890634
JUN	CAMK2N1	2.6636372769157846
HES4	AJAP1	2.663080887356415
RUNX3	AL050343.2	2.662588509815774
NFIA	MACO1	2.661351509928274
LUZP1	SDF4	2.660865056840203
GMEB1	AL513327.1	2.6607432836639195
YBX1	EXTL1	2.6594547013639986
SMAP2	RPL22	2.659422723123159
SFPQ	AL021155.5	2.6583207336879973
ZNF684	RPS6KA1	2.656825420067641
HP1BP3	ACAP3	2.6555691926793026
VAMP3	BX284668.5	2.652873354459358
JUN	AL050341.2	2.6523594468921394
MAGOH	EXO5	2.6521831603984696
ZNF691	FCN3	2.6518898253571725
JUN	SHISAL2A	2.650693329416929
ZBTB48	HTR6	2.650348686934023
ENO1	PRPF38A	2.649434367457273
HIVEP3	LINC01128	2.646855498701635
HES4	AL603839.3	2.6466644948045137
HES5	AL139289.2	2.6462329731049867
LUZP1	RAB3B	2.6461153768760237
ZNF684	SNHG3	2.6460545364704156
ZNF362	EIF2B3	2.64504111989837
SFPQ	ATAD3B	2.644462337344917
HES4	PTPRF	2.644330198130388
ZBTB40	STK40	2.6436930921307913
ENO1	NBPF3	2.642715473019068
JUN	ATP6V0B	2.642150860027783
LUZP1	TAL1	2.6362116867327217
AKR1A1	CCNL2	2.6337358635313315
JUN	AC093425.1	2.6336389314555233
ZBTB48	AL445248.1	2.629450297836305
ZFP69B	ISG15	2.62892798231026
MORN1	LINC01635	2.6263368654183803
HES4	DLGAP3	2.6254004746617303
NFIA	SRRM1	2.6246767668801363
ZNF436	FAM87B	2.6245582278544752
SMAP2	AL606760.1	2.6242891405174635
GMEB1	AL513218.2	2.6233035914353846
ZBTB48	YARS	2.6233030037022242
SFPQ	AL031727.2	2.62197858833118
SCMH1	AL604028.1	2.6216097137210626
JUN	PRDM2	2.6193622376950585
HES4	TNFRSF14	2.619084094642576
ZNF436	UQCRHL	2.6182736905592163
VAMP3	EVA1B	2.6163186497783446
SMAP2	DNAJC8	2.6153395987861137
ENO1	CA6	2.615032808796447
HES5	CDA	2.6146021824821917
CPTP	HECTD3	2.613367648193191
JUN	RUNX3	2.612270638233956
ZBTB17	MXRA8	2.6120302832596676
HP1BP3	DNAJC16	2.611538993905881
YBX1	MEAF6	2.6108645509535795
MAGOH	CORT	2.610344963576993
LUZP1	HPCA	2.6080323479104406
SCMH1	TFAP2E	2.607579983681351
YBX1	DLEU2L	2.6074084215473188
HES5	SF3A3	2.606873478338266
ZBTB40	AL031432.5	2.6065421019468795
FOXO6	MAST2	2.6060352029486715
JUN	FOXD2	2.6052486735781124
ZNF684	AL109811.2	2.605226171522613
RUNX3	DHCR24	2.6041884548160645
ZFP69	PIGV	2.603960777396266
VAMP3	LEPR	2.603465892817225
HP1BP3	FAM76A	2.602978267710588
RUNX3	CROCC	2.602698506637055
JUN	ZMPSTE24	2.6005988237804756
SMAP2	ERRFI1	2.598789963976639
NOC2L	BSDC1	2.598571107215702
LUZP1	NADK	2.597637730787855
SFPQ	TUT4	2.597287161447116
MAGOH	KTI12	2.596923495315345
CPTP	NMNAT1	2.59655405015314
VAMP3	C1QC	2.5965044145664073
SMAP2	LINC01635	2.5958967229437087
HES4	LINC01778	2.5956788038823584
NFIA	AC119674.1	2.595481618790045
SFPQ	TXNDC12	2.594905490361847
SMAP2	NADK	2.5944174863448586
JUN	AL050343.3	2.5941540195919157
JUN	STX12	2.592891993858352
ZNF691	STPG1	2.5927526732721327
TAL1	COA7	2.5918840672160735
MTF1	PGD	2.590035318568573
RUNX3	TRIM62	2.589942087430938
EXO5	SPSB1	2.5898875434556867
ZFP69B	AGO4	2.5892622886433716
JUN	TINAGL1	2.5878599146444445
DMAP1	SPEN	2.5865541157831187
FOXO6	CLSPN	2.5864333035841014
YBX1	AURKAIP1	2.5854950523568196
CPTP	LINC01358	2.582902112763804
SCMH1	MEAF6	2.582520679295282
NFIA	SPEN	2.5823834742656535
SFPQ	DPH2	2.579668679473487
NFYC	PINK1-AS	2.5793944477536943
SFPQ	LINC01778	2.579337146890164
MAGOH	AL353622.1	2.579004151386271
HDAC1	RIMKLA	2.5784370614911736
ZFP69B	IQCC	2.5779704421309155
HP1BP3	MMACHC	2.5766513062289764
MTF1	RNF220	2.576468428925067
ZBTB48	DLGAP3	2.5759985686069253
HES5	AGO3	2.575168254555533
RUNX3	AL031432.4	2.57486439205016
NFYC	VPS13D	2.5744366908665275
ZNF436	CASZ1	2.574322859333724
ZNF436	ZMYND12	2.5733503812032956
JUN	SLC35E2B	2.572002891550471
YBX1	GNB1	2.5719191275581315
SSBP3	NCMAP-DT	2.5700658057536896
LUZP1	THAP3	2.569451289318445
SMAP2	AL050343.3	2.5692849276779404
MAGOH	FGR	2.568696894723872
HEYL	HIVEP3	2.567826882144779
ZNF362	E2F2	2.5659295526303683
VAMP3	NBL1	2.5652869370923472
SMAP2	EFCAB14	2.565058523993599
TAL1	PHC2	2.56376910012343
TAL1	TACSTD2	2.5631233518114276
LUZP1	ROR1	2.563103568541225
YBX1	ZC3H12A	2.5608128544570015
SMAP2	TNFRSF4	2.560609385654896
SCMH1	USP48	2.5605948843729327
PRKAA2	AL606760.2	2.5600047773765797
NFIA	B4GALT2	2.5572995008710713
JUN	GPN2	2.5561591458437642
CPTP	HSPB11	2.5554265900002515
JUN	LRRC41	2.5545461063821318
SMAP2	PER3	2.552337045499219
CPTP	TACSTD2	2.552257074568467
NFYC	NMNAT1	2.5517750603642693
SSBP3	SLC1A7	2.5514562237405234
LUZP1	SVBP	2.5513431364581765
CPTP	PTAFR	2.549304293577109
SMAP2	UBXN10	2.54747305572111
JUN	SLC25A33	2.5472957749554817
NFIA	TMEM234	2.5468938131262915
MAGOH	L1TD1	2.546858375728602
FOXJ3	AL590434.1	2.545492708117289
DMAP1	AL031005.1	2.5448277172241878
ZSCAN20	LINC02596	2.540807091186236
NFIA	AGO3	2.540242893912702
VAMP3	FAAP20	2.53420097753938
ENO1	MAP7D1	2.534080920416622
SMAP2	AL020997.2	2.533928608335003
SMAP2	PARK7	2.5326489606029337
CPTP	TNFRSF8	2.5321526724888956
LUZP1	UBE4B	2.5317357985227393
VAMP3	COL8A2	2.5309347268675757
POU3F1	AL031289.2	2.530836367587696
ZNF436	HYI	2.528547695638438
ZNF362	ATAD3C	2.5285277493563423
JUN	EPS15	2.526875523803957
NFIA	HPCA	2.526577474406625
YBX1	CLSTN1	2.5259516382884497
SMAP2	JUN	2.5250481007343875
GMEB1	ZMYM6	2.5249647930519052
EXO5	PUSL1	2.52477991321584
ZBTB40	CYB5RL	2.523490176111703
YBX1	GPX7	2.5221213489933447
PRDM16	FAF1	2.520598069964882
NFIA	PLOD1	2.520333589219809
JUN	CZIB	2.5203096747776152
AGMAT	FOXJ3	2.520216752661041
SFPQ	AL358075.2	2.5196512755955562
MTF1	ORC1	2.5196485097799384
SFPQ	ERI3	2.5181573499211143
RUNX3	AKR1A1	2.517365169372307
RLF	CELA2A	2.5167191421554698
ZNF691	PLEKHN1	2.5155940821910527
HES4	LINC01359	2.5154761480576666
SFPQ	FOXD3-AS1	2.5150717437994943
VAMP3	FAM167B	2.514600373641635
ZBTB40	PIK3CD-AS2	2.5143605140800718
RLF	MAP7D1	2.5122829909177344
NOC2L	PATJ	2.5114641412797343
NFIA	EIF3I	2.511162752065557
NFIA	SDF4	2.510661807966424
AKR1A1	FAM131C	2.5096749116485757
ZCCHC17	ESPN	2.509318776759476
JUN	CDC42	2.509122945059413
ENO1	FAM43B	2.5086862392318703
HDAC1	AL109811.1	2.5078975909864845
KDM4A	AZIN2	2.5078749339250908
RUNX3	TMEM201	2.5064405741699525
ZNF436	SFN	2.5050665338170703
ZFP69B	UBIAD1	2.503216984471875
NFIA	AL050341.2	2.5027903107676392
CPTP	UBXN10	2.5024303729506494
MAGOH	AL031289.2	2.501452246766022
ZNF436	AL662907.3	2.499489133421451
FOXJ3	AL805961.1	2.498625384377645
RLF	NSUN4	2.4979564049208283
MAGOH	AC004865.2	2.497072951483456
NFIA	NMNAT1	2.496167805677451
SMAP2	SVBP	2.4944763676939905
ENO1	ZSWIM5	2.4929548968435307
HDAC1	KDM1A	2.4929306708509165
SSBP3	RCAN3AS	2.492693040434541
HES5	EVA1B	2.492638179251241
ZFP69B	MXRA8	2.4925585809381112
SFPQ	AL353622.1	2.4908459390361726
LUZP1	PUSL1	2.490074309543441
HP1BP3	NASP	2.4872834303536284
NFIA	MRPL37	2.4866529849801844
HDAC1	DNAJC6	2.4860105296362884
SMAP2	POMGNT1	2.4848762237919746
ZBTB40	RERE	2.4848641964149287
LUZP1	SCP2	2.4841854736986786
SCMH1	AL358075.1	2.480981372819626
RUNX3	COL9A2	2.4808489184053215
SFPQ	AC099791.2	2.4807671443101236
ZCCHC17	AK4	2.4805010057150954
MAGOH	ZBTB8OS	2.480487667160007
HP1BP3	AL031289.2	2.480217462213949
NOC2L	LYPLA2	2.478833203655832
SMAP2	TCEANC2	2.4779663723272787
SFPQ	PHF13	2.477725387830379
KDM4A	PLEKHM2	2.476839013943783
RLF	RPL22	2.476014772768052
JUN	LINC01226	2.4759900143272113
ZBTB40	PTPRF	2.4755406630409387
ZBTB40	AC114488.3	2.4748654376048127
YBX1	C1orf159	2.4746645709070316
VAMP3	AL662907.3	2.473940669083908
NFIA	CLDN19	2.4723174589698163
HES4	SDHB	2.472307021260807
ENO1	UBR4	2.4718750827494254
JUN	AL049795.2	2.471152310692112
NFYC	SAMD11	2.4705582950414313
HP1BP3	CYB5RL	2.470227689405134
NFIA	CDK11A	2.4698595133697996
MYCL	CSF3R	2.4696381681068966
YBX1	UQCRH	2.4677256033346353
ZSCAN20	MMEL1	2.4667236826185364
RUNX3	ZNF691	2.4665731012231116
HES5	MMACHC	2.4646225717154056
VAMP3	C1orf159	2.4644714701267043
AKR1A1	C1orf50	2.4641641161131385
HES4	PGD	2.4637520409382776
JUN	TSPAN1	2.4634186501224167
POU3F1	NOC2L	2.463404223997431
NFIA	ZNF362	2.463242764085179
MTF1	TRIM62	2.462745751272545
ZBTB40	FAM76A	2.46180657081734
ZCCHC17	CCDC30	2.460557257112092
MAGOH	SPSB1	2.459377219863625
DMAP1	ZYG11A	2.4591741855791893
ENO1	EPS15	2.4588755457546267
MAGOH	NFYC-AS1	2.4586643283684833
SSBP3	GNB1	2.458252843012449
ZNF684	TRIM62	2.456999645986837
LUZP1	AL031848.2	2.456075492160583
NFIA	SPATA6	2.4549605164921613
JUN	SRM	2.4548044405515905
ENO1	AGMAT	2.454616638204073
JUN	NFIA-AS1	2.4543479039659464
ENO1	PRKAA2	2.453922170126331
MAGOH	TNFRSF9	2.4538826143221457
RLF	HP1BP3	2.4535759866675244
ZBTB40	UBXN10	2.4534215539842843
JUN	AL139424.2	2.4534187179937668
ENO1	LSM10	2.452917491932852
HDAC1	LINC01767	2.4510020034384676
SMAP2	MACF1	2.4509159341118543
SSBP3	HTR6	2.4506553114158796
NOC2L	LRRC41	2.450393747387785
ZBTB48	AL357140.1	2.4492981792925472
ZBTB17	ZBTB40	2.4484064301920534
HIVEP3	ERI3	2.447829657545018
HP1BP3	FGR	2.4477041969275493
ZBTB17	AL139423.1	2.4457722173041403
SFPQ	SZRD1	2.4452207305941687
ZNF362	ERI3	2.4448735025280466
HES5	MEGF6	2.4446123494527656
HP1BP3	RPL22	2.4421287651502057
SMAP2	AL360012.1	2.442122960471329
SMAP2	SRSF4	2.4409975889583544
NFIA	AC114488.1	2.440427494223349
NFIA	SLC66A1	2.4393270925610566
VAMP3	ZMYND12	2.438841963893505
AGMAT	UBR4	2.4364624303532953
NFIA	ZMYND12	2.4361152366780288
RUNX3	HCRTR1	2.429542461567833
LUZP1	CLIC4	2.4287252267189094
SCMH1	SLC35E2A	2.4285715164304937
RUNX3	PDE4B	2.4276981142813474
AKR1A1	KAZN	2.427656884958765
SFPQ	SAMD11	2.4271583893771442
SFPQ	NDUFS5	2.425833152333832
RLF	LINC00339	2.4246331953633
ZNF362	TNFRSF9	2.424402204131159
ZCCHC17	NRDC	2.423789586066304
HDAC1	DPH2	2.4232385166340955
NFIA	TMEM69	2.4217762884834646
SFPQ	FAM87B	2.4213933224283593
HEYL	PRDM16	2.4213814431634857
ZBTB40	MYCBP	2.4211057682319304
MAGOH	C1orf50	2.420798246907524
FOXJ3	AL137802.2	2.420658204257837
YBX1	AL606760.3	2.419664547931526
SSBP3	AL034417.4	2.419208903530975
ZBTB17	TNFRSF18	2.4187922913436872
SFPQ	ZBTB40	2.4182942960118967
FOXJ3	LINC01715	2.417789069853982
ENO1	SFN	2.417292741272485
YBX1	PTP4A2	2.417279220158143
ENO1	AL606760.3	2.417252416909197
LUZP1	HIVEP3	2.4145512390849397
NFIA	SLC9A1	2.4133571682817148
SSBP3	AL450043.1	2.4129631866105448
ZFP69	LINC01137	2.4129209557039286
PRDM16	AL590822.1	2.4122784479836095
ZFP69	AC114488.3	2.4120160085437528
HP1BP3	AL020997.5	2.4115452206546384
DMAP1	AL358075.1	2.4097397108174063
MAGOH	MIB2	2.409476380515293
SMAP2	TMEM50A	2.409348235706493
CPTP	ATAD3C	2.4090838838427215
ASAP3	LINC01135	2.4084506480566232
ASAP3	AL358075.1	2.4083989648829403
LUZP1	DMAP1	2.4080915129145555
SMAP2	MICOS10	2.4079071915062285
FOXJ3	MIIP	2.4072811922287913
FOXJ3	ZFP69	2.4067723108171912
SFPQ	AL357079.1	2.403800982137914
YBX1	LINC01715	2.4037594472649757
RUNX3	DNAJC8	2.4029945681938596
RUNX3	AL606491.1	2.4023889715360496
GMEB1	KDM1A	2.4020944360951204
ZCCHC17	AL139424.2	2.402011253303637
NFIA	PHC2	2.4016068767382905
JUN	CACHD1	2.4011300614407896
MAGOH	CAPZB	2.400969471116097
NFYC	AL031602.2	2.400859719885746
NFYC	FNDC5	2.400717462435324
CPTP	MAST2	2.3993122356542806
JUN	TP73	2.399101732003738
GMEB1	ATG4C	2.3983440369536653
TFAP2E	MTOR	2.3982300834894894
HP1BP3	SLC35E2A	2.3979862238862424
YBX1	DLGAP3	2.3970695326901192
HDAC1	IFFO2	2.3969466153101795
ENO1	AL031283.2	2.396501261719731
MAGOH	PTCH2	2.396205841112303
HES4	INPP5B	2.3948646798784017
MAGOH	FNDC10	2.3945305460298134
VAMP3	AL450998.2	2.3928542514816087
SCMH1	SMIM12	2.3916244565558182
ZFP69	TOE1	2.391344937996176
ZNF436	AKR7A2	2.390539027945972
POU3F1	CLSPN	2.3904373775818413
SFPQ	C1orf50	2.389522651249366
VAMP3	TNFRSF1B	2.3892768855570847
HES4	FOXD3	2.3885330562013842
ZBTB48	AL445183.2	2.3883075145958133
AGMAT	BSDC1	2.388097791316783
YBX1	AL049795.2	2.3880074881159814
YBX1	AL121992.1	2.386629422167042
ZSCAN20	FCN3	2.3866108398622417
HES4	RSRP1	2.3856649732164215
RUNX3	THRAP3	2.385588417925386
HIVEP3	AL451042.2	2.3854012418313215
HP1BP3	CD164L2	2.3845593458061134
NFIA	HNRNPR	2.382614074431449
SCMH1	ZMYND12	2.3824363317366695
NFIA	MACF1	2.381259326402565
NFIA	MFN2	2.3806241821595155
LUZP1	PADI2	2.380242522997365
ZCCHC17	NFIA-AS1	2.380190292042428
NFIA	TPRG1L	2.3793329376037025
NFIA	ASAP3	2.37629038947618
SMAP2	EYA3	2.3753347699240512
JUN	ZFP69	2.3745617025728487
HDAC1	CTNNBIP1	2.3742980980618746
LUZP1	CPTP	2.374099705550825
JUN	NASP	2.3739255187024013
YBX1	AL031848.2	2.3738110218362034
SFPQ	LINC02596	2.3734098088677835
SCMH1	RCC2	2.3725497954229167
JUN	OMA1	2.371938790055991
SMAP2	ISG15	2.371271806713788
AKR1A1	CNR2	2.368924711843127
ENO1	PEX10	2.3687132171134433
JUN	RCAN3AS	2.368375513413427
RLF	AL513218.2	2.368262153163366
KDM4A	BEND5	2.3677407811408067
LUZP1	AL357140.1	2.3674472687804444
ZNF684	SHISAL2A	2.3669589900157746
RUNX3	CASP9	2.366084302178337
MAGOH	IFNLR1	2.3658086148250175
FOXD3	TMEM200B	2.365082807522553
YBX1	SF3A3	2.363616548422285
SCMH1	TNFRSF9	2.3632038893320892
MAGOH	HSPB11	2.3616048096331705
RLF	ACOT11	2.361529216682704
SSBP3	NFYC-AS1	2.3612245378534884
EXO5	SRARP	2.3609855788778082
FOXO6	BTBD19	2.360798822164231
SMAP2	PRKCZ-AS1	2.358038268067277
SFPQ	RLF	2.357154787803261
LUZP1	HTR6	2.3563978946419954
HP1BP3	FUCA1	2.3563335039215363
NFIA	KIAA2013	2.356018446126739
TFAP2E	SCMH1	2.3560007741295386
HES5	PRDM16	2.353851578351145
KDM4A	KANK4	2.353728103984731
SMAP2	EMC1	2.353405787991395
MYCL	MYCBP	2.353352991975201
ENO1	TUT4	2.353066834674114
JUN	AL591845.1	2.3529583617819156
ZBTB40	FGR	2.3529411028034257
HES4	FOXD2	2.352304417862097
JUN	AL031848.2	2.3520618510290756
ZBTB17	B4GALT2	2.3504972527555625
JUN	IPP	2.349956745642508
SFPQ	ENO1	2.3495632855411026
MAGOH	TP73	2.3492130450412163
KDM4A	CPLANE2	2.3485637282281306
RLF	SYNC	2.3474862048842073
GMEB1	GPN2	2.34727024419374
ZBTB17	AL358075.1	2.346855161233507
RUNX3	SHISAL2A	2.3467922777902905
KDM4A	SLFNL1-AS1	2.3464327686326247
ASAP3	NBPF1	2.346012453765457
SMAP2	AK4	2.345798790586294
YBX1	ERMAP	2.345361324242305
JUN	EMC1	2.3451121659872323
CPTP	FOXO6	2.3440520236105264
SMAP2	TMEM35B	2.3434563260642225
SMAP2	SNIP1	2.3429877244739297
ZBTB17	SZT2	2.3422216952430057
LUZP1	MKNK1	2.341961405754817
SMAP2	MRPL20	2.341303625453551
ZCCHC17	GPR153	2.340588300079709
JUN	PUSL1	2.3395613317396164
ENO1	JUN	2.339479352063462
JUN	CYB5RL	2.3371974402674427
NFIA	EPHA2	2.336291956329372
TAL1	NBPF1	2.335862543182853
GMEB1	AL031432.4	2.335770993711275
RUNX3	JUN	2.334509153165427
SFPQ	SRRM1	2.3344043823558502
RLF	FAM87B	2.334381394690038
SMAP2	PRDM16	2.333938042143674
SMAP2	PLCH2	2.3330242156564327
VAMP3	AL139246.3	2.3324440117373353
SSBP3	AL445248.1	2.332158873998779
NFIA	TMEM35B	2.331418568100479
HDAC1	NIPAL3	2.33123795579178
POU3F1	AC093151.8	2.33112783907337
DMAP1	HECTD3	2.330806740982153
ZBTB40	LYPLA2	2.330548773885285
ZNF436	OSCP1	2.3301888207425723
HP1BP3	AL031727.2	2.329879676513704
SMAP2	ALDH4A1	2.329789522274871
FOXJ3	ZBTB8OS	2.3280918290370063
YBX1	AC093424.1	2.3270502595944627
LUZP1	PPIE	2.3265809658501837
SMAP2	HECTD3	2.3263692723600005
YBX1	CNKSR1	2.326037774145832
HDAC1	LRRC47	2.32575926790693
RLF	TMEM269	2.3256481719116406
AKR1A1	TACSTD2	2.325342793542284
FOXJ3	SZT2	2.3248138399644285
HP1BP3	AL590822.3	2.324032293830225
NFYC	CCDC30	2.323722282212478
DMAP1	AL606491.1	2.323035789604746
NFIA	LZIC	2.3230158222349075
SMAP2	NDC1	2.3223108509533907
JUN	WNT4	2.3222843248317084
ZCCHC17	STPG1	2.3213013773412876
SFPQ	STK40	2.3203758893787927
NFIA	MMEL1	2.320240272256653
VAMP3	EFHD2	2.319841614230438
LUZP1	TMEM50A	2.3197443709591075
LUZP1	TACSTD2	2.31972541470841
SFPQ	ARHGEF19	2.319352576011446
HDAC1	PLA2G5	2.31850625552794
HES5	AL606491.1	2.318101463462433
SMAP2	TACSTD2	2.3179491982419766
SMAP2	LINC01715	2.3176309119488305
ENO1	ARMH1	2.317617859910163
VAMP3	PARK7	2.316086446150281
SMAP2	TMEM125	2.3151059902639415
ASAP3	TNFRSF14	2.3147563585110595
ZNF436	ELOVL1	2.314011763107689
SFPQ	MUTYH	2.313260492041835
SMAP2	TAL1	2.312663482595646
ENO1	CTPS1	2.3119744590044564
RUNX3	MRTO4	2.31176889772516
LUZP1	MRTO4	2.3117305109004103
SMAP2	AL450998.2	2.311547867320549
MTF1	NCDN	2.3096299044674735
ZBTB17	ST3GAL3	2.308308918549098
DMAP1	AL691432.2	2.307801714068372
VAMP3	AL050343.3	2.307500720402143
ZBTB48	NADK	2.305490343634513
LUZP1	CITED4	2.305160799252606
MAGOH	SLC30A2	2.302353095477907
JUN	LRP8	2.302330626413617
RLF	ZNF362	2.3021741067336263
TAL1	LINC01562	2.3019810901501
JUN	LCK	2.301941050471812
NOC2L	LSM10	2.3018445639306426
JUN	ZNF436	2.3008859759978706
LUZP1	ID3	2.30055539980208
JUN	PPIE	2.3003288518875857
YBX1	PSMB2	2.3000160265189575
NFIA	CTRC	2.2983185003217725
JUN	MUTYH	2.297615415030958
SFPQ	SH3BGRL3	2.2961299696540824
HP1BP3	EXTL1	2.2957148429627803
HES4	UBXN10	2.295435774121689
NFIA	RNF207	2.2939846817459744
E2F2	LDLRAD2	2.2935709412856315
YBX1	TMEM125	2.29301476444113
MAGOH	STMN1	2.2922844335401633
ZBTB17	SESN2	2.2916182616491128
ZNF691	MFN2	2.289847554896667
HES4	AL450043.1	2.289277020884569
SMAP2	ZFYVE9	2.2888178304762965
SFPQ	PAQR7	2.2878130662371357
ZNF436	TRAPPC3	2.286952517310187
ZCCHC17	SSU72	2.285552611887865
ZFP69	L1TD1	2.284105725939836
ZCCHC17	RIMKLA	2.2838273889657086
AGMAT	SESN2	2.2834455687524033
JUN	DNAJC6	2.283161193005465
ZBTB40	TNFRSF14-AS1	2.2830557780498313
LUZP1	CD52	2.28235673614573
ZNF362	LNCTAM34A	2.2821128099859385
MTF1	ALPL	2.281573349697263
ZBTB40	EXO5	2.281258493320979
ENO1	TMEM59	2.280729625465452
RLF	ALDH4A1	2.2804355123222866
RLF	GNB1	2.2802612433923
ZFP69B	IPP	2.279896741264826
HP1BP3	LINC01715	2.2790713662359035
AKR1A1	TNFRSF1B	2.2788750409242424
MYCL	LINC02574	2.278813334214784
SCMH1	TXLNA	2.278494104383648
NOC2L	ZFP69B	2.2783668279809066
SMAP2	KAZN	2.277827231978543
ZBTB40	NADK	2.277639326247783
SCMH1	AL513327.1	2.276936532732631
SFPQ	KDF1	2.2767304887450073
FOXJ3	AL031728.1	2.2756620359177515
TAL1	MAD2L2	2.2754555099868803
ZFP69B	MTFR1L	2.2752153429198443
AKR1A1	TP73	2.2751158403905727
SMAP2	TMEM51-AS1	2.2746679423954363
HEYL	PRKCZ	2.2746600336316525
SCMH1	MRPL37	2.274518918373299
SMAP2	VAMP3	2.274008306996314
AKR1A1	LDLRAP1	2.2739291581616983
ZNF684	NCMAP-DT	2.273318108026172
MAGOH	UTP11	2.2731016750139337
SMAP2	WASF2	2.2726380758364813
ZCCHC17	PDZK1IP1	2.2721674728672427
SFPQ	AL050343.2	2.2704049182652217
HES4	KIAA1522	2.2693582593372765
RLF	ST3GAL3	2.268932663142708
HDAC1	TMEM52	2.267297210646337
VAMP3	WASF2	2.2671332086623046
NFYC	EPHB2	2.267033848313702
ENO1	LINC01144	2.266591645164419
JUN	ARID1A	2.265358537398259
JUN	SCMH1	2.265070294362971
JUN	HES5	2.2638891469696127
VAMP3	AL627309.1	2.2628713808956507
ZNF436	TMEM54	2.262846558412968
FOXJ3	GPR153	2.262459821180517
KDM4A	SSU72	2.261810275259632
RLF	AC093151.8	2.2603318063372813
YBX1	SLC25A33	2.2598083815372196
HP1BP3	EPHB2	2.259592938446674
NFYC	LINC01226	2.2594704305024207
VAMP3	MYCL	2.258104855311732
ZFP69B	NOC2L	2.257798082848632
ENO1	CELA2B	2.25778331167687
YBX1	MUTYH	2.257478868341769
ZCCHC17	THAP3	2.25719178187458
FOXD3	PRKAA2	2.2570010362174475
YBX1	CEP85	2.2563123589609018
ENO1	AC099791.2	2.2561663362284508
NFIA	ATAD3A	2.255396600495607
SFPQ	TNFRSF4	2.2545968319640672
NFIA	HES4	2.2544530548481587
SMAP2	LRP8	2.2541593596694853
AKR1A1	PLEKHN1	2.2541166381712796
ZNF362	CSMD2	2.2540695282240826
ENO1	FAM229A	2.2538980909177884
NFIA	PEF1	2.2525304264291988
SMAP2	AL139246.5	2.252186043217977
SFPQ	S100PBP	2.25171889819807
YBX1	BX284668.6	2.2515998376744553
JUN	AJAP1	2.250943853719444
JUN	GPR157	2.2491373699628925
VAMP3	MECR	2.2489756800882783
VAMP3	RUNX3	2.2487481695144753
YBX1	ENO1-AS1	2.2484285685678675
JUN	CDK11B	2.2482753230376114
VAMP3	LINC01226	2.2482467087968394
JUN	PINK1	2.2478188235935854
ZBTB17	AL139424.1	2.2470810065420173
CPTP	HYI-AS1	2.2468492301288916
NFIA	HEYL	2.2451504278149654
SFPQ	SFN	2.2450290807471793
YBX1	SSU72	2.2446527796319122
SFPQ	PTP4A2	2.243951252768045
ENO1	ZFP69B	2.2434759623076124
SFPQ	TMEM125	2.243234708800978
NFIA	FAM131C	2.2418641346815247
MTF1	CTRC	2.2393952340537155
NFIA	AL645608.7	2.2392346922327646
LUZP1	SF3A3	2.2386646979521667
NFYC	AL139424.1	2.2384488333444716
LUZP1	LINC01128	2.2371369691819396
SFPQ	RPL22	2.237100992585754
RUNX3	NFYC-AS1	2.236748620181837
JUN	AL109811.2	2.236058681062873
NFIA	PLA2G5	2.235893360917344
JUN	SLC9A1	2.233987962771989
LUZP1	AGO3	2.2336709121951017
DMAP1	RLF	2.2327266393858873
SSBP3	PLK3	2.2327233831568245
RUNX3	UBXN11	2.231156272224817
SMAP2	SLC35D1	2.2299657392364014
DMAP1	SLC25A33	2.229766974634458
VAMP3	GMEB1	2.2292468811583595
MTF1	CDC42-AS1	2.228993004057871
ZBTB17	AC098484.4	2.228750576009954
LUZP1	CLSTN1	2.2278093240993693
SCMH1	NPHP4	2.2275898864727215
NOC2L	DNAJC6	2.2273810651085544
SMAP2	PSMB2	2.2266216204600924
KDM4A	AGRN	2.2257142189417882
ZFP69	MAD2L2	2.2256895402212553
RUNX3	ECHDC2	2.225183060269711
CPTP	LINC01767	2.2237731243087646
HES4	AC119674.1	2.223586699969069
FOXJ3	LRP8	2.22283929948084
VAMP3	AL450043.1	2.2228176774528388
LUZP1	P3H1	2.221678386722522
FOXJ3	LINC01409	2.220637042904437
JUN	MOB3C	2.219169961185572
ZNF436	CAMTA1	2.2169211999512544
NFIA	EBNA1BP2	2.2154053135749887
TAL1	YIPF1	2.2145042716073142
NOC2L	PTPRF	2.21394031151819
DMAP1	AL357140.1	2.2137398255122998
JUN	NFYC	2.2131791950468904
E2F2	AL139246.3	2.2130653030419056
SMAP2	HEYL	2.2126683997731447
YBX1	RPS8	2.212538255977885
SFPQ	FHL3	2.2112290081919665
JUN	EPHA2	2.210432173721775
SFPQ	MMEL1	2.2096509119812024
NFYC	LINC01137	2.209623096217914
ZFP69B	SMPDL3B	2.209336647889201
NFIA	THAP3	2.2090405180847035
SCMH1	SYNC	2.2087230838185654
HP1BP3	RPS8	2.2084880901667736
ZNF684	C1orf109	2.2073830320013763
ENO1	EMC1-AS1	2.20736383683669
ZCCHC17	C1orf159	2.2073495972953414
MAGOH	IQCC	2.20669895567828
RLF	H6PD	2.2064636045901973
RUNX3	MIER1	2.2062674096316788
MAGOH	CCNL2	2.2055537250331523
HDAC1	RCAN3AS	2.2052767834008993
AKR1A1	DNALI1	2.2052566154287043
YBX1	AL390719.2	2.2051553837335196
CPTP	SELENON	2.205046325044981
LUZP1	RCC1	2.2047581385323523
SFPQ	MATN1	2.203823670414948
YBX1	KDM4A-AS1	2.2037639386802983
JUN	AL031602.2	2.203013562732694
LUZP1	AL360012.1	2.2027993378073845
NFIA	LINC02574	2.2021223179432354
AKR1A1	SLC25A33	2.2019490910194106
JUN	CDK11A	2.2016361605453905
MTF1	YARS	2.2014888373643013
SFPQ	AC004865.2	2.201163362471539
MAGOH	TNFRSF8	2.200546808048962
AKR1A1	NCMAP-DT	2.2004690989739304
ZNF362	AL050341.2	2.200364414526829
KDM4A	FCN3	2.1998184872654414
JUN	AL590822.3	2.1997848977143586
POU3F1	PPP1R8	2.199516522495673
YBX1	RNF11	2.1995126350121956
ZFP69	FHL3	2.1988651365482528
HES5	MORN1	2.1982897006427
HP1BP3	EFCAB7	2.1976262523963
JUN	FNDC5	2.1965965217764034
HES4	PRDM16-DT	2.1964573805069354
ZBTB40	NBPF1	2.1964550420258053
HES4	AL357140.1	2.19630592336145
KDM4A	SERINC2	2.195188847660555
AKR1A1	TMEM35B	2.195022323377792
LUZP1	RBP7	2.1943987075880242
POU3F1	WNT4	2.1942332412386767
ZBTB40	PNRC2	2.193826480391585
AGMAT	MACO1	2.193168611155397
HES5	AZIN2	2.1928086852276873
MAGOH	CLSPN	2.1925782009697152
SMAP2	CPTP	2.1923976089516306
JUN	MIER1	2.192162070507251
SFPQ	SGIP1	2.1918161300760106
ZBTB48	PRDM16	2.1897387848191436
NOC2L	AL590822.1	2.189661244524432
SMAP2	LZIC	2.1892062541659394
HIVEP3	MIER1	2.1890944909847954
SMAP2	SH3BGRL3	2.1883803133432647
AKR1A1	SNHG3	2.1867610637524666
NFIA	AL137127.1	2.1863974257460694
FOXD2	ZFYVE9	2.1859228033060694
ZNF684	AL445248.1	2.1847371211835314
LUZP1	AL109811.1	2.1846508892400642
SFPQ	CYP4B1	2.1832313962839174
HES4	TMEM52	2.1830928477388447
SMAP2	PITHD1	2.1822072770353254
VAMP3	TMEM59	2.181764596794426
VAMP3	AL139424.2	2.181336465326709
HP1BP3	CAPZB	2.180995444942712
FOXJ3	BSDC1	2.1806315703630754
NFIA	PLEKHM2	2.17968658361896
SMAP2	UBR4	2.1787074209292543
NOC2L	RNF207	2.178535856847629
ENO1	HYI-AS1	2.177424204768497
YBX1	TTC22	2.1768574656692663
YBX1	UBXN10-AS1	2.1764001649851665
LUZP1	ZSWIM5	2.176216983094776
GMEB1	AC093151.8	2.175747868415195
AKR1A1	NOC2L	2.175182234459082
KDM4A	ZYG11B	2.174473183484917
LUZP1	LINC01770	2.1742605962699524
SMAP2	SRM	2.1737030816414724
RUNX3	LEPROT	2.173126957194219
SMAP2	SHISAL2A	2.1731108149862575
EXO5	ZBTB40	2.1720044605034885
ZCCHC17	TAF12	2.171553177900379
ZNF436	TXNDC12	2.1709201053062848
KDM4A	TRIT1	2.170802430758499
SSBP3	AL050343.3	2.1707526901913448
LUZP1	CEP104	2.170583725341874
ZNF684	SERINC2	2.1688648127115426
SFPQ	CYB5RL	2.168308743419773
HIVEP3	C1orf109	2.1682322171207673
ZNF436	IFI6	2.1675077082221126
SFPQ	PPIE	2.1670310644505686
YBX1	SLC2A1	2.166892113302057
SFPQ	PITHD1	2.166405448870209
SMAP2	THAP3	2.166090891142733
EXO5	TAF12	2.16558660548407
AKR1A1	FNDC10	2.165549747231123
SMAP2	FAM131C	2.1650556507328855
HES4	AL590438.1	2.164519127862647
ZNF691	AL606760.3	2.1638590330337744
CPTP	AL031985.3	2.1636978202302526
JUN	NECAP2	2.1633320321623004
HDAC1	TMEM125	2.1633274096929442
NFIA	FAAP20	2.1618375938376517
ZNF436	SCNN1D	2.160892094339075
RLF	CASP9	2.160653957504676
AGMAT	CCDC28B	2.1590467793984947
SMAP2	AL139424.3	2.157874875000771
NFIA	AGO1	2.1572553648749233
FOXJ3	CDK11A	2.157206601732498
PRKAA2	NSUN4	2.1564889040667468
FOXJ3	SYNC	2.1552400131053497
MTF1	EXOSC10	2.155161511701722
SCMH1	C1orf159	2.1548625334368987
SMAP2	TM2D1	2.154289417078
HP1BP3	TTC39A	2.154012496437345
FOXJ3	TTC4	2.1532377661981528
CPTP	CASZ1	2.152885576481553
SMAP2	AL604028.1	2.1519341225622886
MTF1	AL137857.1	2.151867882694923
HEYL	ATPAF1	2.150332224624755
SMAP2	LINC01128	2.149924570958556
LUZP1	NMNAT1	2.1498372319338186
LUZP1	FBXO6	2.149679930019138
NFIA	CPLANE2	2.1494799879507425
ZCCHC17	AL021155.5	2.149179777709488
DMAP1	CELA2B	2.148217195439538
HES4	COL16A1	2.147462669900791
MORN1	IPO13	2.146766331788676
JUN	ZC3H12A	2.1467128688511616
SMAP2	TPRG1L	2.146323857638053
NFIA	ELOVL1	2.1460945423598923
NFYC	HSPB7	2.145695943480185
RUNX3	AL604028.1	2.145625779797918
ZNF436	AL109936.2	2.1445713683486582
SMAP2	UTS2	2.1440375894163917
LUZP1	MYSM1	2.143645821777461
ZCCHC17	SLC2A1	2.1436265409682824
SMAP2	PUSL1	2.137867035434617
JUN	COL9A2	2.1376861574421273
NFIA	RER1	2.1374602217832948
RLF	CCDC17	2.137436372363252
ZSCAN20	ZBTB8A	2.1372105235142325
VAMP3	FHL3	2.1357968249366746
DMAP1	LINC01767	2.1344390086024347
ZCCHC17	SPATA6	2.134053835992919
HES4	ATPAF1	2.1334613902113113
YBX1	ISG15	2.1322002501438555
MTF1	CROCC	2.1319604619098866
YBX1	INTS11	2.131101058379315
ENO1	AURKAIP1	2.1310666859221183
FOXJ3	CDC42-IT1	2.1307677378495473
HDAC1	SKI	2.130431085959319
LUZP1	KLHL21	2.1302278374898047
HES5	SGIP1	2.130070264781288
VAMP3	LAPTM5	2.12982695911856
JUN	TMEM69	2.1280325181639252
NFIA	MTHFR	2.1278855695887846
RUNX3	ELOA	2.127647510559834
MAGOH	LDLRAP1	2.1274707431098734
VAMP3	ZBTB40	2.12680520386164
ZNF362	CDA	2.125535339361367
HES4	PDIK1L	2.1255106972166184
POU3F1	RNF223	2.1251550042583447
MTF1	ZNF593	2.125051378139161
RUNX3	ZCCHC17	2.124525444330541
GMEB1	DNAJC16	2.123656467700027
JUN	MORN1	2.12339903549876
JUN	VAMP3	2.12294798126346
MAGOH	TMEM35B	2.122543281167835
HES4	ERI3	2.122325730279348
JUN	AL450998.2	2.1220615558924645
JUN	SFN	2.121508679814007
FOXD3	ATPAF1	2.120836771624353
SMAP2	FHL3	2.1207034514902268
SMAP2	MORN1	2.1194221918587566
PRKAA2	PTPRU	2.118745624225448
HES4	SPEN	2.1178500359739068
YBX1	ECHDC2	2.117827553918351
ENO1	TPRG1L	2.1165892201526293
ENO1	CDK11B	2.1164761460426833
YBX1	DNAJC16	2.116331809862933
RUNX3	DMAP1	2.1156824793584947
MAGOH	ARMH1	2.1126327910331306
CPTP	AK2	2.1126029997580544
HIVEP3	TNFRSF14	2.1125988047822717
TAL1	AL590822.2	2.1125955256863924
SFPQ	NFYC-AS1	2.112025614637699
FOXJ3	ATP6V0B	2.1100826596403115
CPTP	KIAA1522	2.109900409722307
ZBTB40	CCNL2	2.1081197915805125
MAGOH	RAB42	2.1076719868490916
HIVEP3	WRAP73	2.1067794818722914
MAGOH	PEF1	2.105844666923372
JUN	FAM87B	2.1055301839629004
ENO1	SLC35D1	2.1046262923032466
RLF	AL513327.1	2.104607536380954
NFIA	ECE1	2.103121206483956
HEYL	SESN2	2.102574545750701
LUZP1	TAF12	2.1023592913542335
YBX1	H6PD	2.101334792840504
VAMP3	PLOD1	2.1010318636219796
HIVEP3	YRDC	2.1002809532985536
SMAP2	AC093425.1	2.0998962710168216
JUN	SYF2	2.099472468200486
RUNX3	SF3A3	2.098703284957104
ZCCHC17	COL16A1	2.098696488841724
ZNF684	RHCE	2.0984751577942946
SMAP2	CDK11B	2.0976274749839394
KDM4A	AGO4	2.0972389927826134
SMAP2	TRNP1	2.0972131123322306
SMAP2	EPB41	2.096977857753839
GMEB1	HSPB7	2.0964920553525497
RUNX3	KPNA6	2.096477472797846
PRDM16	TCEA3	2.0954553285773247
GMEB1	LINC01358	2.0933753618832136
FOXD3	AL031848.2	2.0932602740084088
ENO1	PER3	2.0931615438193836
MAGOH	MARCKSL1	2.0929582041308463
NOC2L	EFCAB7	2.09256404754616
YBX1	RUNX3	2.092434848436475
ZNF436	LEPR	2.0923360186533917
RUNX3	AL590822.3	2.0913910015959503
FOXJ3	CDC42-AS1	2.0912499844832984
NFIA	AL359881.2	2.0908319648886073
AKR1A1	AL034417.3	2.0904488714403495
CPTP	MATN1-AS1	2.0903221518600255
YBX1	MARCKSL1	2.0903046369405742
YBX1	KDF1	2.0902365447754194
VAMP3	TMEM52	2.088939078704324
NFIA	TMEM125	2.088633745668748
NFIA	DNALI1	2.0885438085301677
SFPQ	FABP3	2.0873508624067574
ENO1	TSPAN1	2.087299562563928
GMEB1	CELA2B	2.0869736273659956
DMAP1	MIIP	2.086468396541665
POU3F1	AL357140.1	2.086411534884478
ZCCHC17	TMEM200B	2.086345536151592
ZBTB48	CDK11B	2.086102164712634
LUZP1	SMIM12	2.0846623338863424
SFPQ	HPDL	2.083920008500508
SFPQ	CDKN2C	2.0836565157475384
ZCCHC17	HMGN2	2.08355013658795
NFIA	CDC42	2.0826159140222162
YBX1	MRPL20	2.0818593247981223
HES4	NDUFS5	2.081827616715748
RUNX3	AL031280.1	2.081668518773417
JUN	ARTN	2.0814676774709486
JUN	ACAP3	2.080146905550234
SMAP2	ESPN	2.0791884396542635
MAGOH	ATAD3C	2.0791348119818913
POU3F1	MDS2	2.0781731680599824
ZCCHC17	GPATCH3	2.077667890638267
SFPQ	KDM4A	2.0770299125264975
VAMP3	KIAA2013	2.0769947365938557
SCMH1	KAZN	2.0767554530472223
JUN	TM2D1	2.0761593069768742
SMAP2	AC254633.1	2.076032386877805
HES4	TTC39A	2.075206697193342
YBX1	TTC4	2.074695745542234
ZNF436	COL8A2	2.074337099040833
MAGOH	RCC1	2.0731793906301066
RUNX3	ID3	2.073173986517448
SSBP3	STIL	2.0728220185661264
HDAC1	GPBP1L1	2.0721609669141907
RUNX3	KCNAB2	2.071755676400971
ENO1	MYCL	2.0711901873775727
VAMP3	TXNDC12	2.0707724779760905
ASAP3	AGO4	2.0701756281179238
TAL1	GPR3	2.070136189628164
FOXJ3	AC254633.1	2.0684254607898764
FOXO6	ARHGEF10L	2.0681479500285618
SMAP2	HPDL	2.0675471426975736
YBX1	RBBP4	2.0665827852301915
ZNF691	AL512353.1	2.0663305710875126
ZNF362	TRNAU1AP	2.065836233674876
HIVEP3	AL031280.1	2.0658214745607477
AKR1A1	AL445248.1	2.065448524608478
TAL1	KDM4A	2.065108285331042
MAGOH	MRPS15	2.064623259210238
AKR1A1	SDF4	2.064149144985433
ZNF436	EPHA10	2.0640393982274032
ZNF436	TNFRSF14-AS1	2.062477518955487
AKR1A1	AURKAIP1	2.062196655845425
YBX1	MRPS15	2.0619337504495867
RUNX3	SH3BGRL3	2.0599550577047854
YBX1	XKR8	2.0585141674521314
SMAP2	XKR8	2.058443725923735
RLF	HSPB11	2.057264885795527
ZNF436	SLC1A7	2.0563316301767185
NFYC	TUT4	2.0561455855061124
SMAP2	KIF17	2.05547246282533
AGMAT	AL137802.2	2.055364213164579
ENO1	ISG15	2.0547702559074534
JUN	TNFRSF25	2.054437180862048
SFPQ	NSUN4	2.054342694464256
JUN	SNIP1	2.053651719373024
YBX1	YIPF1	2.051893989758107
CPTP	RAVER2	2.0512890617977875
DMAP1	ZBTB17	2.0506402425986408
SMAP2	GPBP1L1	2.050565737769109
FOXJ3	PER3	2.050471996140471
VAMP3	PHACTR4	2.0503903993480965
RLF	AL606760.3	2.0502454889762034
SMAP2	PODN	2.049787486632529
ZBTB17	IFFO2	2.04976821460676
JUN	AL360012.1	2.0483531259199403
SMAP2	CPLANE2	2.048065287054889
YBX1	ASAP3	2.047984022485467
FOXJ3	TMEM69	2.0477844087533366
YBX1	NBPF3	2.0477594901258707
JUN	SDHB	2.04755277563635
AKR1A1	ZFYVE9	2.0469776962068407
SCMH1	AKR7A3	2.0466815354570875
SMAP2	FNDC10	2.0457112747640562
ENO1	AL139286.3	2.0436963548849274
VAMP3	HECTD3	2.0436256798425525
GMEB1	SSU72	2.04314477486964
SFPQ	NDC1	2.0430474284868563
ZNF436	HES5	2.043010254354699
YBX1	AKR7A3	2.0427149775126665
RLF	PUM1	2.042492200985845
JUN	LRRC47	2.0422268438929674
ZNF436	CACHD1	2.0416748992986222
AKR1A1	AL604028.1	2.0400490835618883
LUZP1	SPATA6	2.038647172233487
AKR1A1	GRIK3	2.037674793059441
HIVEP3	CLSPN	2.0372692086449375
SFPQ	CDC42-AS1	2.0371538373041873
GMEB1	SLC35D1	2.0370412491726775
NFYC	AL606491.1	2.036491580375462
HP1BP3	TMEM234	2.036460102251288
ZCCHC17	TRNP1	2.035081754774136
HES5	FOXD3	2.0344338906532027
JUN	CLIC4	2.033536606308512
YBX1	RNF220	2.033471791586531
HES4	AL627309.5	2.0331551109016126
SFPQ	EFCAB7	2.0329142283124177
RLF	ZFP69B	2.032603951142067
FOXJ3	EPB41	2.032048929058798
JUN	CASZ1	2.031683312477825
SFPQ	FAAP20	2.0316587256357392
YBX1	TMEM52	2.0311237816451078
KDM4A	EXOSC10	2.030668341646589
HES4	ADPRHL2	2.030638607894424
ENO1	WDTC1	2.0300017312382552
SFPQ	OTUD3	2.029762359740522
SSBP3	CYP4B1	2.0295259494464353
POU3F1	FOXD3	2.0292767542413706
VAMP3	CCDC28B	2.029003028015625
VAMP3	RPA2	2.028978615738196
ENO1	PARK7	2.0289641252101953
RUNX3	MYCBP	2.0284394711747042
HP1BP3	LINC01128	2.028300517587652
ENO1	AL139423.2	2.0279092304616215
ZBTB17	NIPAL3	2.0264958673191455
RUNX3	TTC22	2.0256913778643737
RUNX3	PSMB2	2.0256298677779006
YBX1	CDC20	2.025432736471843
NFIA	PDIK1L	2.02537226488343
FOXJ3	EIF2B3	2.022864830476185
YBX1	PIGV	2.022477072903537
ZCCHC17	STX12	2.0223236413726124
NOC2L	PLK3	2.02226130776679
RUNX3	RPL22	2.021691694009583
POU3F1	AL137802.2	2.0209804723808333
DMAP1	ZBTB8A	2.020138779102368
LUZP1	RAB42	2.0182922082159096
RUNX3	LINC02777	2.018242030948833
MAGOH	PLEKHN1	2.0166723003469795
AKR1A1	PAQR7	2.0165222136937317
ZBTB48	FAM229A	2.015729556805351
KDM4A	TCTEX1D1	2.01518719742826
JUN	FAM167B	2.0149381360972862
SFPQ	AC093151.8	2.0144115177395627
NFIA	AC093425.1	2.013965945082636
ZBTB17	AC119677.1	2.0131530304355936
AGMAT	CDK11A	2.0130682842130048
GMEB1	DVL1	2.0127003404656127
ZBTB48	PUSL1	2.0123768543623837
NFYC	KCNAB2	2.0121525068806774
ENO1	STK40	2.012059390988643
ZCCHC17	PABPC4	2.011924903728147
JUN	DNALI1	2.011195818977949
MAGOH	SRARP	2.0096092782178405
LUZP1	IFI6	2.009202420690516
YBX1	DPH2	2.0091153645875126
HES5	DOCK7	2.008716640123487
YBX1	CLDN19	2.0079198664858624
SFPQ	SSU72	2.0074951101218677
HES5	FABP3	2.0073416403211453
SCMH1	RNF207	2.005364299995383
ENO1	LUZP1	2.0052888733133893
HEYL	PODN	2.004796665278498
SMAP2	CTNNBIP1	2.003612280800376
YBX1	SDHB	2.003054923142082
FOXD3	AL606491.1	2.002998386380683
HES5	AL357140.1	2.0028552514795734
LUZP1	ALPL	2.0002217096075863
LUZP1	ALDH4A1	1.9999581352856322
RUNX3	FAAP20	1.9998693434234347
NFIA	ZC3H12A	1.999549982412896
PRDM16	SDC3	1.9984651503286706
MORN1	RNF223	1.9981958581006518
NFIA	AL109627.1	1.9972752531412339
AKR1A1	PABPC4	1.9961556010908086
LUZP1	CYB5RL	1.9960733983353753
POU3F1	EPS15	1.995345942899108
VAMP3	P3H1	1.9951390720153364
GMEB1	AL137127.1	1.9944298461762888
SMAP2	TMEM54	1.9941514092789836
SMAP2	CLSTN1	1.9936978150307525
ZNF684	RAB42	1.9935495385299107
AKR1A1	CTNNBIP1	1.992748190484062
HDAC1	TP73	1.9927321323045049
NFIA	AC093424.1	1.9924949907781282
NFIA	HP1BP3	1.9917815375490404
MAGOH	ERRFI1	1.9916730202262478
HES4	KIF1B	1.99139781555743
DMAP1	OTUD3	1.991013828462584
JUN	YBX1	1.9906273703616684
SMAP2	KDF1	1.9904295017909717
NFYC	FAAP20	1.989630787279812
ZNF436	TMEM200B	1.9893455473822068
HES4	AGRN	1.9893022716291713
MAGOH	CPLANE2	1.988544397884103
YBX1	NDC1	1.9879294925835536
SSBP3	PLEKHN1	1.987782813133633
MAGOH	AL604028.1	1.9872617351595752
ENO1	AL109811.2	1.9872234842718064
CPTP	SDHB	1.9869628901009158
PRDM16	EFCAB14	1.9847970971776558
JUN	SRRM1	1.9836911903515688
SMAP2	TCEA3	1.9824727392884847
SFPQ	NADK	1.9816482203456653
HP1BP3	ZBTB17	1.9814294775110004
HP1BP3	WASF2	1.9808714555950078
SMAP2	ARTN	1.980702626631362
YBX1	GPN2	1.9799125314139825
HDAC1	AC093151.8	1.979607406134401
ZBTB48	FAM43B	1.9788292911595307
SMAP2	ZNF436	1.9783473939704335
ZBTB40	CELA2B	1.9783286555989308
SFPQ	IPO13	1.9776303801354809
POU3F1	TTLL10	1.977405318176233
ENO1	AL136115.2	1.9770232876272944
LUZP1	DNAJC8	1.9764473418180541
NFIA	FHL3	1.9764311491842232
HES5	TRAPPC3	1.9759137059195797
JUN	KLHL17	1.9749965852467568
LUZP1	SRM	1.974948569146597
LUZP1	C1orf216	1.9736618290388035
SFPQ	SNIP1	1.9730452984306543
RUNX3	PLEKHM2	1.9714814999375525
ENO1	AL049795.2	1.9714032855376025
ZBTB17	ZFP69	1.971387058456845
SFPQ	CELA2B	1.9711475576808062
VAMP3	HSPB7	1.969989627140866
HEYL	HES4	1.9695167165860274
SFPQ	SKI	1.9690831038044376
TAL1	AKR1A1	1.9686837797676153
ZCCHC17	LZIC	1.9679129012248897
ENO1	RBBP4	1.9672581851238742
HES4	FBLIM1	1.9660421140123496
JUN	DFFB	1.9657997984416578
SMAP2	MTF1	1.9657241548177982
KDM4A	MAP3K6	1.9651344909768675
ENO1	GPATCH3	1.964555899173081
LUZP1	NFIA	1.964290891673293
YBX1	PDE4B	1.9641871091220682
NFIA	ZBTB8A	1.9639961281943588
SFPQ	AL356055.1	1.9635629637912857
SFPQ	GPR3	1.9632630819165247
MAGOH	EPHA10	1.9620878591554614
LUZP1	BTBD19	1.9617972254745681
NFIA	RUNX3	1.9613932080856482
ZBTB40	SH3BGRL3	1.9598021711553066
SMAP2	ATPAF1	1.9594987710982046
KDM4A	EIF2B3	1.959119880792519
ZNF691	RNF223	1.9586526212501254
NOC2L	AL139246.3	1.957859701740235
POU3F1	ZSCAN20	1.9577135057495147
ZNF684	ZMPSTE24	1.9574682351023178
MTF1	SLC45A1	1.957234241982555
NFIA	AHDC1	1.9569446696594663
YBX1	ZDHHC18	1.9568054337396155
TAL1	TMEM52	1.9567233882691117
JUN	LINC00339	1.9566754553377537
RUNX3	AL031728.1	1.9552605866656136
NFYC	AL691432.2	1.9552460745594802
ZBTB40	RAB42	1.9551897498514652
MAGOH	FOXD2	1.9543864972155673
ZBTB40	AL139424.3	1.9541985501066423
CPTP	INTS11	1.9541865009870925
VAMP3	HSPG2	1.9535681719914948
VAMP3	EIF3I	1.9535606168221793
YBX1	RPS6KA1	1.9522857309738382
ZFP69	TNFRSF14-AS1	1.9518662538934546
RUNX3	DDOST	1.9513785170913986
YBX1	TRIT1	1.9508086470138584
HDAC1	SMIM1	1.9505851812379256
NOC2L	SSU72	1.9502328595806344
HP1BP3	CLIC4	1.9501568185109195
ENO1	BX284668.2	1.9501033054872416
HP1BP3	RNF19B	1.9497342793504833
FOXJ3	GABRD	1.9495113383623464
ZNF362	PRDM16	1.9493804060716091
RUNX3	EIF3I	1.9490670116679498
NFIA	TMEM39B	1.9483096513512632
SFPQ	EFHD2	1.9482525371373967
AKR1A1	CTPS1	1.9477268438148188
RUNX3	CAMTA1	1.9476511433935608
MAGOH	TXLNA	1.94641489530907
ENO1	SLC25A33	1.9455859295746951
SMAP2	ZCCHC17	1.9450034790250925
NFIA	AL606760.1	1.9448121911145049
HES4	TRNP1	1.9440741915387123
NOC2L	PDZK1IP1	1.9437559050010527
ASAP3	SLC66A1	1.9436263235922995
SMAP2	H6PD	1.9433776327233117
RUNX3	B3GALT6	1.9430231963674611
ZBTB17	SLC35D1	1.9430193212656772
RLF	YRDC	1.9429925304203468
AKR1A1	AL136115.2	1.9427064653806616
FOXJ3	SZRD1	1.9426710119503225
SMAP2	CCNL2	1.9420455185066963
AKR1A1	GNB1	1.9419889473423957
MAGOH	EIF3I	1.9403455461947194
ENO1	EFHD2	1.9399237671453355
AKR1A1	ARHGEF19	1.939835723561966
ZFP69	AC093425.1	1.9397134457807983
SMAP2	KPNA6	1.9396400458685754
KDM4A	MEGF6	1.9394876821912013
SMAP2	DLGAP3	1.939394036193674
HES4	STIL	1.938355125248356
ZNF436	FAM167B	1.9375817104782458
LUZP1	MRPL20	1.9375124300665019
JUN	CDKN2C	1.9368776744237264
RUNX3	YRDC	1.9363087376357244
ASAP3	TNFRSF9	1.9360880528736044
NFYC	SPEN	1.9358652251639707
HP1BP3	SSU72	1.935699380382071
NFIA	EPB41	1.9347889145447994
MAGOH	CC2D1B	1.9343160982145933
SMAP2	IQCC	1.9341552553534613
SMAP2	MOB3C	1.9337434468304564
SSBP3	AL645608.7	1.9330587463857865
JUN	HSPG2	1.9329287021589088
SMAP2	MRPL37	1.9318757332431291
SCMH1	AL031432.3	1.9312638953756198
EXO5	AL513327.1	1.9311198747534013
LUZP1	TCEA3	1.9304020123072836
KDM4A	RNF220	1.9302020833529094
YBX1	CCDC17	1.9298289777223991
ZBTB40	CDKN2C	1.929667707804626
NOC2L	LDLRAP1	1.9285079517388128
NFYC	MTHFR	1.9283376926394435
ZCCHC17	AHDC1	1.9276186125689856
LUZP1	EIF3I	1.9270223558394657
SMAP2	KIF1B	1.9265145238153651
AKR1A1	LYPLA2	1.9261099613404096
YBX1	P3H1	1.9258252743730102
AKR1A1	C1QB	1.925656459639307
SMAP2	AC114488.3	1.9253862591308346
ENO1	HMGN2	1.9252409438595688
KDM4A	AJAP1	1.9251874222846628
YBX1	TMEM54	1.9236217981866237
ZFP69	ZSCAN20	1.9233238881141281
VAMP3	CLDN19	1.9233074759788806
HP1BP3	KTI12	1.9227417250617118
JUN	PGD	1.9221861997117284
SFPQ	MATN1-AS1	1.921884102925627
JUN	RER1	1.9216581710201412
HEYL	DVL1	1.9207611266091567
ENO1	MAGOH	1.9204952076398796
SMAP2	CCDC28B	1.920061463995698
YBX1	AKIRIN1	1.9200325503915872
SMAP2	COL16A1	1.919958154491464
JUN	WDTC1	1.9194860747271953
AKR1A1	COL8A2	1.9194767510775106
DMRTA2	XKR8	1.9192529690917104
NFIA	TOE1	1.91706373682331
FOXO6	HECTD3	1.9166691249290935
NFIA	WNT4	1.9159192432514949
YBX1	SPSB1	1.9141200711412192
HES4	EIF2B3	1.9132437394393809
JUN	MAP3K6	1.9125748379871872
HDAC1	LDLRAP1	1.9122711439515436
NFIA	SDC3	1.9119275224516432
SFPQ	RPL11	1.911689939094075
NFIA	INTS11	1.9114777827696585
YBX1	ZMYM1	1.9112839612860504
JUN	FBXO44	1.9112080746192555
AKR1A1	SLC45A1	1.9111362524988436
AKR1A1	CZIB	1.9109241277371873
SMAP2	FCN3	1.9102129361566016
MTF1	PRPF38A	1.9087754495231197
YBX1	PDZK1IP1	1.9080231074889196
NFIA	MECR	1.907353204423395
ZBTB40	CDC20	1.9067323396820903
DMAP1	RPL11	1.9051806899851444
ASAP3	ARHGEF16	1.9050837627613793
FOXD2	TNFRSF18	1.9044295797004338
SFPQ	TCEA3	1.9040311254451
NFYC	MRPL20-AS1	1.9037177189431473
HES4	PLPP3	1.9032773572293038
RUNX3	GPR157	1.9028750950462576
RLF	SLC2A1	1.9024219071411412
ZNF436	AL358075.1	1.9023383667394866
CPTP	TNFRSF18	1.9020023622772921
ZSCAN20	ZNF684	1.9017437638648729
AKR1A1	CPLANE2	1.900236642506818
MAGOH	NDUFS5	1.8993351165816845
FOXJ3	DNAJC6	1.8991993618823153
NFIA	TMEM51	1.8986265807192493
ZNF436	CSMD2	1.8986169790170635
HP1BP3	PPP1R8	1.897948771464942
SSBP3	HNRNPR	1.8966507998921018
SFPQ	ELOA	1.8963258099138216
HES5	AL445183.2	1.8961884467230614
JUN	MXRA8	1.8954171170056175
ZBTB17	RNF220	1.8950789517656716
HP1BP3	AL590438.1	1.894947103954744
POU3F1	JAK1	1.894125509890375
ZCCHC17	PEX14	1.8940271362160093
NOC2L	AL139289.2	1.8933849320277092
RLF	DHCR24	1.893198200989075
AGMAT	GPBP1L1	1.892503648857848
HES4	POU3F1	1.8921133279280054
DMAP1	AL121992.1	1.8918850223090113
YBX1	PIK3CD-AS2	1.8912116943482407
SMAP2	OSBPL9	1.890963442335591
SFPQ	TP73	1.8904738039020719
JUN	SFPQ	1.8903994778623996
RLF	FOXD3	1.8903729823326596
YBX1	KCNQ4	1.8901354487699311
JUN	SZRD1	1.889148027195571
SMAP2	TMEM201	1.8889967347764198
ZBTB17	AL031005.1	1.88895736069309
ENO1	PRXL2B	1.8881919193262857
NFIA	CCDC28B	1.887079474255247
AGMAT	TTC22	1.886004632180271
LUZP1	SRSF4	1.8855549383738426
HES5	LINC01767	1.8846116134790338
HP1BP3	POMGNT1	1.8833976016134821
YBX1	TMEM50A	1.8830416383665323
ZNF362	PODN	1.882526830367685
HES5	HCRTR1	1.8824356501266877
DMAP1	HYI	1.882323515651159
SFPQ	TMEM240	1.8819366881542547
SMAP2	MATN1	1.8818457702815559
HP1BP3	SDF4	1.8816397680539534
JUN	ERRFI1	1.8808355148279536
DMAP1	KIAA2013	1.8803983149439862
NFIA	NECAP2	1.8799080160308228
LUZP1	ECE1	1.8799060200827231
RUNX3	AL139246.5	1.879810847217764
VAMP3	MIIP	1.879384236122024
LUZP1	AL358075.2	1.87938176054525
HP1BP3	AL136115.2	1.8791920927227035
HEYL	MXRA8	1.8788958424085167
FOXJ3	SPEN	1.8788861864776245
SFPQ	PPIH	1.8781561420211461
POU3F1	PIK3CD-AS2	1.8753541980417339
FOXJ3	LINC01562	1.8743869275036775
SMAP2	MTFR1L	1.8738255247534925
ZBTB17	MRTO4	1.8738195857479194
ZNF436	ARHGEF19	1.8736179461972966
HEYL	SLC2A1	1.8734773236403948
JUN	HPDL	1.8733490456550441
MYCL	TMEM240	1.8723523768441972
RLF	DMRTA2	1.8720761080970902
NFIA	EFHD2	1.871733816290427
HES4	LINC01767	1.8707072146255925
PRDM16	SLC6A9	1.8706377705757062
KDM4A	MANEAL	1.8704922037016412
YBX1	RNF207	1.8691609099783382
RLF	FOXD2	1.8686910720755936
ENO1	TEKT2	1.8678882006516666
ZNF436	CCDC30	1.8676055462132732
ZNF436	SLC9A1	1.8675944425608857
SFPQ	CAMTA1	1.8674739490022505
ENO1	MATN1-AS1	1.867284561759941
LUZP1	DVL1	1.866272353763068
HIVEP3	AL049795.2	1.8652329756775248
ZBTB48	ZSCAN20	1.8627105923373053
POU3F1	ZDHHC18	1.8624510046695628
ZCCHC17	HP1BP3	1.8622052550355996
MTF1	CDKN2C	1.8620951006408768
MTF1	BTF3L4	1.861895580409427
SFPQ	TEKT2	1.8605951145532722
NFIA	MDS2	1.8602841599946025
SCMH1	TNFRSF18	1.859922114739252
RUNX3	PUM1	1.8593060405903894
MAGOH	TPRG1L	1.859283519161636
DMAP1	NIPAL3	1.85825574863572
NFYC	SH3D21	1.8567659818437807
JUN	AGMAT	1.8562874254028254
MAGOH	AL356055.1	1.8556593852849341
SFPQ	MFN2	1.8555563396103647
HEYL	GMEB1	1.8554865873235669
POU3F1	ACOT7	1.85508711103089
SMAP2	MAP3K6	1.8548497995409978
HIVEP3	SAMD11	1.8545787015220907
AKR1A1	ATAD3A	1.8539096021351678
POU3F1	AL512353.1	1.853716616815234
VAMP3	ID3	1.8532855180522791
RUNX3	KHDRBS1	1.8532736631279068
RLF	MYCBP	1.8532720777664005
HES4	MFN2	1.8532472271923845
AKR1A1	FBLIM1	1.8525555750589757
YBX1	ALDH4A1	1.8523105685289751
HES4	AL034417.2	1.852039249024266
YBX1	AL031432.5	1.8518076025311931
VAMP3	AL358075.1	1.851040212024092
VAMP3	ATP6V0B	1.8508967190716987
ZFP69B	RIMKLA	1.8502237154081433
PRKAA2	AL606491.1	1.8499909481324492
ZSCAN20	MUL1	1.849926490145172
SFPQ	KLHL21	1.8498974266346346
DMAP1	BX284668.5	1.8496753057042683
YBX1	CITED4	1.8495752934534238
AKR1A1	SLC25A34	1.8492023654274732
MYCL	TMEM222	1.8489490477316586
MAGOH	ORC1	1.8471943466088387
SFPQ	MRPL37	1.847017531221274
GMEB1	SZRD1	1.8448462980223064
HP1BP3	SZT2	1.8443399614086615
LUZP1	PIK3R3	1.8442807666014087
NFIA	MAP7D1	1.8442025238179425
ENO1	PSMB2	1.8436019083737856
TAL1	PPIH	1.8425225947181574
NFIA	AUNIP	1.842331331010113
SFPQ	LRRC41	1.8423095085045458
SSBP3	MECR	1.8418116719656024
SMAP2	C1orf167	1.8409808836960961
NFYC	FOXJ3	1.8407634296456008
VAMP3	VWA1	1.8403443094780492
JUN	ECHDC2	1.8398842712058665
NFIA	STX12	1.8398252836590852
MAGOH	FOXJ3	1.8395367428856904
TAL1	NMNAT1	1.8393439600772215
HP1BP3	INPP5B	1.8391693971180778
ZCCHC17	MAN1C1	1.8379533260788605
HDAC1	SNHG3	1.8372079277173883
HES4	LINC02606	1.8368362237714668
SMAP2	PGD	1.8367949609348673
SMAP2	TTC34	1.8363019551162076
MTF1	TTLL10	1.835936858334798
ENO1	AL606760.1	1.835788361000972
SMAP2	TNFRSF9	1.8349509181195582
ENO1	AL139424.3	1.8348164717166264
SFPQ	SMIM1	1.8338256258232637
HP1BP3	CRYBG2	1.8330353385297153
SFPQ	WASF2	1.832115671041966
PRDM16	AUNIP	1.8320801083951772
SMAP2	SYF2	1.8317801575714456
HES4	TENT5B	1.8302979084141426
SMAP2	FAM229A	1.8301189311943933
JUN	TAL1	1.8298574934945226
VAMP3	AL139260.1	1.8297758142671405
SSBP3	AL034417.3	1.8282595994300936
LUZP1	CELA2A	1.827997239312596
YBX1	PPT1	1.827635519151501
RUNX3	FUCA1	1.8276203054882334
PRDM16	GMEB1	1.826889689568089
ENO1	AL512353.1	1.826570869699768
FOXJ3	ZC3H12A	1.8263449488987207
ZCCHC17	NDC1	1.8258806787180613
SMAP2	SRSF10	1.8256185911530012
RLF	JAK1	1.825076553536182
SMAP2	HOOK1	1.8245038875087876
YBX1	AL662907.3	1.82447346219501
FOXD2	OTUD3	1.8238388814257294
HEYL	LURAP1	1.823340933937938
LUZP1	SFPQ	1.8230218852394238
AKR1A1	YTHDF2	1.8227748676425266
ZNF436	PODN	1.8224746784351795
TAL1	DHCR24	1.822394169365753
VAMP3	MTHFR	1.8220707846722628
SMAP2	KLHL17	1.8218717692456388
SFPQ	DRAXIN	1.8216104881928763
SMAP2	MATN1-AS1	1.8215950081885326
ZCCHC17	NOL9	1.8209668281105504
DMAP1	RERE	1.8205209949700694
HP1BP3	SCP2	1.8202990053715933
ZNF362	SELENON	1.8192708516906797
MYCL	UBXN11	1.8187244392737119
RUNX3	RLF	1.8186666244542078
MYCL	NRDC	1.8185587566023007
ENO1	XKR8	1.8181678274610071
POU3F1	MIB2	1.8181234996281959
AKR1A1	PRXL2B	1.8180362913587755
RUNX3	AL139260.1	1.8178900200133379
HP1BP3	SLC2A5	1.8178769384613698
HEYL	MTFR1L	1.817445482672779
RLF	MRPL37	1.8172454246012735
SFPQ	CDK11A	1.8171788679368177
YBX1	AL109936.2	1.8165566935183373
YBX1	AL034417.3	1.816459862362118
YBX1	UBIAD1	1.816125968542353
POU3F1	AL357079.1	1.8125241736118738
VAMP3	TFAP2E	1.8109557612624627
AKR1A1	TNFRSF25	1.8106489050813745
SSBP3	GPATCH3	1.8105125906274238
JUN	MED8	1.8099402228014216
SMAP2	RHBDL2	1.809852389311202
ENO1	SAMD11	1.8089706871611835
VAMP3	AL513320.1	1.8086526425368454
SMAP2	DFFB	1.808043810009272
SFPQ	LINC01771	1.8076439383095746
HES4	ROR1	1.8066952053140597
ZCCHC17	UQCRH	1.8064643195273191
ZBTB48	CALML6	1.8062757558391387
LUZP1	TNFRSF4	1.8062520539405755
MAGOH	COL9A2	1.8058005511147308
NFIA	PPCS	1.8056515766843928
SMAP2	MTOR	1.8056105123664283
NFIA	RPS6KA1	1.8049592639791443
SFPQ	LDLRAP1	1.8048110644019084
AGMAT	SLC35D1	1.8040259274664272
GMEB1	USP1	1.803798261508763
FOXO6	SLC2A1-AS1	1.8028654451752248
SMAP2	AC119677.1	1.8025514423972286
SFPQ	AGO1	1.8010757097893082
SMAP2	CLCN6	1.8008215413410988
NFIA	ICMT	1.7997535927260964
YBX1	TOE1	1.7990108705316041
DMAP1	LINC01562	1.7988784909230289
SSBP3	FAF1	1.7985246673403459
SMAP2	SLC1A7	1.798349583896333
ZBTB48	HP1BP3	1.7974736627356906
CPTP	BSDC1	1.7969296788437517
NFIA	NFIA-AS1	1.7963805535653559
JUN	KIAA0319L	1.7961813346538895
ASAP3	PLEKHG5	1.795901387797875
ZFP69B	BSDC1	1.79587783817651
MTF1	NDC1	1.79584379001178
RUNX3	STX12	1.7958434814711925
ZSCAN20	DNALI1	1.7950148912245607
AKR1A1	AL606760.2	1.7946167312174106
TFAP2E	IFFO2	1.7944863996261669
VAMP3	LUZP1	1.7943050365971067
JUN	AL031432.5	1.7933764464385857
LUZP1	SLC2A1-AS1	1.7921175321059957
ENO1	AL135960.1	1.7920266647795156
LUZP1	LINC01355	1.791489493433596
LUZP1	RRAGC	1.791482730739968
MAGOH	CYB5RL	1.7914793985502862
VAMP3	UBXN10	1.7909893964852504
HES5	MFN2	1.7907436533728456
ENO1	HSPB7	1.7905695954399143
HP1BP3	LINC01355	1.789850598777469
RUNX3	SCMH1	1.7898041419978308
SFPQ	CELA2A	1.7893970909677561
RLF	SMAP2	1.7891096878500878
RUNX3	EFHD2	1.7890552702830191
FOXJ3	AL645728.1	1.788638786160056
SSBP3	TUT4	1.7882158458680668
MAGOH	RHCE	1.78820301796612
SFPQ	DNAJC6	1.7881111455899679
VAMP3	RHBDL2	1.7879592889300862
SMAP2	AL031432.3	1.7879047604245035
NFYC	AL391244.2	1.7878366458362496
NOC2L	CPT2	1.7873669585351317
FOXJ3	PLCH2	1.7858930466902325
AGMAT	YRDC	1.785698106860659
JUN	NCMAP-DT	1.7850326701442798
ENO1	AL606491.1	1.7848133665622177
RUNX3	HYI	1.784506219449859
RUNX3	SLC2A1	1.7844725785769417
YBX1	SDC3	1.7844186402038547
HES4	PGM1	1.7843853209874208
SFPQ	ADPRHL2	1.7838689230115063
SMAP2	B4GALT2	1.7837123475019856
CPTP	TRABD2B	1.7828190381093159
POU3F1	ICMT	1.782486402789385
NOC2L	STIL	1.7823715615729063
YBX1	PLK3	1.781987977694061
SFPQ	AKR1A1	1.7813043165597409
LUZP1	CENPS	1.7812683780588001
NFIA	MED8	1.7806042310074155
RUNX3	PRKCZ-AS1	1.7802628468521207
NFIA	LINC01358	1.780201146484568
MAGOH	TTC39A	1.7800157762373103
ASAP3	RPS6KA1	1.7799701117989761
YBX1	PTCH2	1.7797878272270202
EXO5	UBE2J2	1.7797097226917875
TAL1	AL513320.1	1.7789371605241795
LUZP1	AL606760.1	1.778601408791751
NOC2L	AC114488.3	1.7782412545276398
SFPQ	MAP3K6	1.7773488471359713
NFIA	FOXD2	1.7770615486493238
ENO1	ACOT7	1.7769967690844204
YBX1	SNRNP40	1.7769552222617218
SMAP2	PRXL2B	1.7765690673192673
ENO1	CDC20	1.7763261172111355
SCMH1	HPCAL4	1.7760980600906071
SMAP2	NCDN	1.7754796629699143
HDAC1	PAQR7	1.775415240764271
RLF	FGGY	1.7752134188421822
SFPQ	STPG1	1.7746800186011578
NFIA	ZYG11B	1.7745612553065462
ENO1	SMPDL3B	1.7744692480678521
MTF1	AL139289.2	1.7740002284270486
FOXJ3	FGR	1.7737412357484117
AKR1A1	VWA1	1.7730794517228898
MAGOH	NDC1	1.7725483597975789
ZNF436	EPHA2	1.7725455453589052
HP1BP3	AL604028.1	1.771701740460694
SFPQ	PRDM16-DT	1.770735315999529
POU3F1	AZIN2	1.7706166979604716
RLF	BX284668.2	1.7703574834116025
SFPQ	AL109811.2	1.7694255071360294
VAMP3	ECE1	1.7691338587039056
SMAP2	VPS13D	1.7690946027391636
NFIA	HECTD3	1.7688827924136081
ZNF362	AL445183.2	1.7688817252663112
DMAP1	TEKT2	1.7686366960307216
AKR1A1	FOXO6	1.7686028435527918
HES4	PIK3CD-AS2	1.7684227864769388
JUN	VPS13D	1.768049896554373
POU3F1	GPR157	1.7671139307464507
HIVEP3	GPR157	1.7667064412244133
PRKAA2	DAB1	1.7657571692945264
ENO1	B3GALT6	1.765189154805898
SFPQ	OSCP1	1.7649069955092145
YBX1	CLSPN	1.7648584921278827
RLF	MAP3K6	1.764676007891924
SFPQ	GPN2	1.7646733630423983
SMAP2	AL031280.1	1.7645623366487326
SFPQ	EMC1-AS1	1.7639280786093507
FOXO6	BTF3L4	1.7637649207736577
KDM4A	AL358075.1	1.7634631248303476
SMAP2	SF3A3	1.7618798732135486
YBX1	HPCAL4	1.7618735826117122
YBX1	DNAJC6	1.7610009020772626
LUZP1	ZNF436	1.7609671423451063
YBX1	ARTN	1.7607734199581289
NFIA	SYTL1	1.7607280320785157
JUN	IFI6	1.7605800480353795
MAGOH	UQCRH	1.7605315989001349
FOXJ3	NOC2L	1.7601870389631729
ZNF436	PRXL2B	1.7597727798420146
PRDM16	AL604028.1	1.7587706353990882
RUNX3	SDF4	1.7586670634741952
NFIA	MORN1	1.7585913084920084
SFPQ	ARHGEF10L	1.758208892661073
ENO1	ATP6V0B	1.7580145237129814
ENO1	AL513320.1	1.7575595646957234
HES5	EMC1	1.757078400843269
YBX1	IPO13	1.7561576782684731
SFPQ	TMEM201	1.7558233304324231
HEYL	CYP4B1	1.7544551907333603
SSBP3	RNF223	1.7538492421832257
VAMP3	OSCP1	1.7531579702315077
HES4	HSPB7	1.7531219618255247
RUNX3	MRPL37	1.7529538255199333
SMAP2	AL109936.2	1.752775009232483
MAGOH	PRDX1	1.7524059277533595
HES4	RNF11	1.7516682970470252
ASAP3	YARS	1.7509257872363013
LUZP1	TMEM39B	1.7505336222881511
YBX1	MAN1C1	1.7504532575726133
VAMP3	ELOVL1	1.750127045347315
CPTP	EBNA1BP2	1.750012172200626
JUN	DNAJC11	1.7494779328599595
JUN	MAST2	1.7490574962997902
ENO1	MTFR1L	1.7486021936996714
ZBTB48	DRAXIN	1.7482406022863737
AKR1A1	EIF3I	1.7474874608403568
MAGOH	PUM1	1.7474204838171947
NOC2L	AL645608.7	1.7470160670532369
SSBP3	MYCL	1.7466154886171776
CPTP	PIK3R3	1.745504776511113
AKR1A1	PLPP3	1.745445158185868
YBX1	OSCP1	1.7447423411991385
NOC2L	AC004865.2	1.7446870250601731
ZBTB17	DMAP1	1.7446750247352496
HDAC1	MED8	1.7441092884512768
YBX1	CCNL2	1.7437945522202254
MYCL	STK40	1.7437001213330292
DMAP1	C1orf50	1.7433208022233817
SMAP2	USP48	1.7426384984646246
KDM4A	ASAP3	1.742450155035505
NFYC	MUTYH	1.7422884207119047
SCMH1	SF3A3	1.7422841056029297
TAL1	AL358075.1	1.7422496560911171
ENO1	AC098484.4	1.7419554756145879
RLF	UBR4	1.741596157429688
YBX1	MRPL20-AS1	1.7406504845866095
YBX1	MFSD2A	1.7404839248140545
NFIA	SLC30A2	1.7387488979925616
DMAP1	AL109627.1	1.7386795522741525
SMAP2	TIE1	1.7382251400351942
POU3F1	TMEM69	1.7376584659227252
ENO1	UBXN10	1.7374598074116714
KDM4A	LURAP1	1.7369646535107006
POU3F1	GNL2	1.7369379484896392
SMAP2	SLC45A1	1.7364127949909882
SFPQ	HNRNPR	1.7363645012567235
KDM4A	AL109627.1	1.734974843475452
RLF	AL139424.3	1.7349124120341846
SMAP2	CMPK1	1.7346793334290764
HP1BP3	AL358075.1	1.7338769181345606
POU3F1	HEYL	1.733739275907889
YBX1	FHAD1	1.7336907281454117
KDM4A	AL031283.2	1.7335550987441686
CPTP	ARHGEF16	1.732595255664916
SMAP2	CTPS1	1.7319846163998782
ZNF684	UBE2J2	1.731927846136816
RUNX3	TNFRSF14-AS1	1.7318643222008494
FOXO6	KDM4A	1.7315179877510607
GMEB1	FUCA1	1.730839352932652
LUZP1	AL357079.1	1.7306899370906434
SMAP2	SMIM12	1.7300264287203067
ASAP3	P3H1	1.729818976641149
LUZP1	PRXL2B	1.7297968462028186
JUN	FBXO2	1.7294415343427934
YBX1	CSMD2	1.7293083289996678
ENO1	SSBP3	1.7289784685719682
ASAP3	ENO1-AS1	1.7287748449678217
RUNX3	PDIK1L	1.727995325833975
FOXD2	DPH2	1.727907054784337
SMAP2	MED8	1.7278435124974707
LUZP1	PRKCZ-AS1	1.7274318043217531
ENO1	USP1	1.7264644458112983
SFPQ	SCP2	1.7263932736604226
SFPQ	MDS2	1.7256375434156623
HP1BP3	PNRC2	1.7254394771313806
ZBTB17	UQCRHL	1.7254120921104503
DMAP1	ZNF691	1.7252789600575864
HES5	ATG4C	1.7252420401940414
EXO5	RNF19B	1.724938899698613
HP1BP3	AL451042.2	1.7245133077762997
SFPQ	KTI12	1.7237479982991615
SMAP2	PPP1R8	1.722512930967903
SMAP2	ZMYM1	1.722390469532303
ENO1	EFCAB7	1.7222934852466936
ZCCHC17	AL360012.1	1.7222539811293334
YBX1	ATP5IF1	1.7218496439500404
SMAP2	RRAGC	1.7216678543611266
RUNX3	PRDM2	1.721447706383484
LUZP1	TXLNA	1.7214399085600587
SFPQ	RCC1	1.7213376987317295
AKR1A1	LRRC41	1.7200917668757902
HDAC1	CALML6	1.720042740962345
DMAP1	CSF3R	1.719838551245539
SMAP2	DDOST	1.7195780554797877
HDAC1	SDF4	1.7191708222529496
ENO1	PLEKHG5	1.7190423807814512
RUNX3	ZMYM4	1.7184992304328415
FOXJ3	IPP	1.7177526612647178
CPTP	ALPL	1.7172594735658786
YBX1	THRAP3	1.7172085202378775
LUZP1	TIE1	1.7172018072955169
JUN	ATAD3B	1.7169914415136907
DMAP1	LDLRAD2	1.7166713186937417
ENO1	CSMD2	1.7166485789641195
JUN	DAB1	1.7165938446454359
LUZP1	TCTEX1D4	1.7161959485550196
MTF1	B3GALT6	1.7157331753468283
NFIA	PPIH	1.7155864500286362
YBX1	PABPC4	1.7154716570234232
HDAC1	RAVER2	1.7154279643325274
YBX1	AL590822.1	1.7148520713724107
CPTP	DDOST	1.7145809475394571
JUN	BX284668.5	1.7143013986150542
JUN	MYCBP	1.7136083801119455
NOC2L	ALG6	1.7134637308084375
POU3F1	AL139220.2	1.7133309920945314
VAMP3	XKR8	1.7132887213354782
RUNX3	EYA3	1.7129790529992444
ZBTB40	MAP3K6	1.712860711004195
AKR1A1	RUNX3	1.7128122833932724
GMEB1	MANEAL	1.7121983150153435
JUN	CCDC28B	1.711654496110132
HP1BP3	MRPL20	1.711300334878966
YBX1	HES4	1.710162524557727
SSBP3	HYI-AS1	1.7097472841384984
NFIA	DHDDS	1.709613380101194
JUN	RHCE	1.709355159381098
VAMP3	JUN	1.7092607876148775
RLF	E2F2	1.708972846613283
ENO1	LNCTAM34A	1.7089318362604728
ZNF436	ID3	1.7085447548732775
VAMP3	DVL1	1.7084640775325455
VAMP3	SCP2	1.708455587969129
HP1BP3	BTF3L4	1.708180202037404
SFPQ	AL137857.1	1.7072793323159114
NFYC	ORC1	1.7070944599351041
SFPQ	PEX10	1.705926614263659
ZNF691	AL450998.2	1.7057928961209223
MYCL	KDM4A	1.7057377045706628
POU3F1	ITGB3BP	1.7055504915003028
JUN	MRPL20	1.7051529438205877
PRDM16	SLC2A1	1.7049064030757275
YBX1	TESK2	1.7046525903700465
ASAP3	PRKCZ	1.7046262554472118
HIVEP3	SHISAL2A	1.7044813857722985
FOXO6	ARHGEF16	1.7044386020216882
ZBTB48	MTOR	1.7042355279844894
HDAC1	HPDL	1.703788109595496
JUN	CTPS1	1.702982279692794
ZBTB48	PIK3CD-AS2	1.7025763900477144
SSBP3	EXOSC10	1.7021322661208687
ZNF436	AL136985.3	1.7019881067664464
DMAP1	CDA	1.7017375674742357
SFPQ	DNAJC16	1.70115036920387
MAGOH	AKR7A2	1.7003836104384522
HDAC1	ICMT	1.7003625011462375
VAMP3	FAM87B	1.7002367415541528
FOXJ3	SLC30A2	1.7001200857929468
AKR1A1	NASP	1.6998127901832798
ASAP3	PEX10	1.6990947099397298
FOXJ3	IFNLR1	1.6985642573706674
VAMP3	AGO3	1.6982026947006266
SFPQ	UBE2J2	1.6978028405871468
LUZP1	RNF11	1.6970160758496398
SCMH1	PPIE	1.6963737776355696
JUN	YIPF1	1.6962272849536293
RLF	CPLANE2	1.6958114103520927
FOXD3	NSUN4	1.6951112420205798
RUNX3	VAMP3	1.694560992509349
NFIA	SRM	1.694314077852083
NOC2L	JAK1	1.6938879514072236
ENO1	AL590822.3	1.6937589472084822
SCMH1	CMPK1	1.6933413958865218
NFYC	MRPL37	1.693340159507108
YBX1	AL645728.1	1.6933369300875725
NFIA	CCDC30	1.6930748267257574
SMAP2	EIF2B3	1.6923284369283809
ZBTB40	L1TD1	1.6920861159454363
JUN	TNFRSF18	1.6919237010317683
SFPQ	KHDRBS1	1.691748920809984
JUN	STMN1	1.691528286189011
ZBTB40	CPT2	1.6914969228964616
SCMH1	ZCCHC17	1.6914116899763139
LUZP1	UBXN10-AS1	1.6913909932879518
YBX1	TRAPPC3	1.691057553394058
NFIA	AL034417.2	1.6908977459267736
ASAP3	AC099791.4	1.6906433506037597
NFIA	MOB3C	1.6904767741323083
RUNX3	LAPTM5	1.6902796004044598
LUZP1	AL450043.1	1.6897509378422093
ZBTB40	SFPQ	1.6891042391111732
MAGOH	LINC01144	1.688390427324012
ENO1	AL450043.1	1.6876736621829498
HIVEP3	GNL2	1.6873744424399093
SFPQ	LINC01767	1.6871717587039308
MYCL	PPIE	1.6866922929770638
NFIA	ARHGEF10L	1.686653314209151
SFPQ	AL034417.2	1.686630490017288
AKR1A1	TTC4	1.6865815492660523
YBX1	ACOT7	1.6861560544411924
SMAP2	GNL2	1.6856518216533953
ZNF684	RCC1	1.6844779863165038
MAGOH	AURKAIP1	1.6841208311119036
ZNF362	RNF223	1.6838753252058805
LUZP1	AKR7A2	1.683197091180642
HEYL	ATAD3A	1.6821085882150502
SFPQ	EXO5	1.6812298403781627
SMAP2	PTAFR	1.6804631461691284
CPTP	UQCRHL	1.6804200994969498
VAMP3	AL445183.2	1.6801301366904153
ZBTB17	PABPC4	1.6798191634437494
CPTP	NUDC	1.6795577504706773
JUN	PLPP3	1.6795343415671689
SFPQ	PADI2	1.6794354891193124
HP1BP3	NBPF3	1.6789602922187137
ZBTB17	KAZN	1.6783644670908069
ZCCHC17	SYNC	1.6777738318297646
NFIA	NRDC	1.6777232485694729
LUZP1	SERINC2	1.67741784660813
YBX1	HSPB7	1.6761250219146158
JUN	AL137857.1	1.6761079778575092
RLF	ARHGEF19	1.6754245259687433
GMEB1	ADPRHL2	1.6746221498200462
SMAP2	FOXJ3	1.6744280549216706
ZNF691	ZBTB8A	1.6732891749041567
LUZP1	PARK7	1.6731930940766877
SFPQ	MRPS15	1.6731778180944505
CPTP	SRARP	1.672845157311641
RLF	PIK3CD	1.6726744094081312
RLF	TRNAU1AP	1.672608534646625
ZFP69B	ZMPSTE24	1.6717802657351108
SMAP2	TMEM234	1.6717324851953823
HEYL	PRDM16-DT	1.6716422907815065
LUZP1	EIF4G3	1.6715430665213256
JUN	ADPRHL2	1.6705566391504625
YBX1	ZMYM4	1.6704324471833887
SSBP3	NECAP2	1.670429996029532
ZBTB48	FHAD1	1.670324809990554
VAMP3	PABPC4-AS1	1.6703167482129775
RUNX3	CACHD1	1.67011335014813
VAMP3	ST3GAL3	1.6688243129591953
SMAP2	SPSB1	1.6686642893002068
AKR1A1	SPSB1	1.6686314380575595
TAL1	TMEM54	1.668559826879535
ASAP3	COL8A2	1.6684327644870582
CPTP	SPATA6	1.66727907171069
SFPQ	CROCC	1.6670410391898391
YBX1	AL691432.2	1.667039369870104
FOXD3	ICMT	1.666423338712415
HP1BP3	PLA2G5	1.6662235170766788
JUN	NMNAT1	1.665888012613244
FOXD2	ST3GAL3	1.66544599647375
SSBP3	ZFP69	1.6644145090068616
VAMP3	PDE4B	1.6642310276094363
HIVEP3	CASP9	1.663531878024409
JUN	ATPAF1	1.6629099369816422
AKR1A1	AL358075.2	1.6624555231700537
JUN	HIVEP3	1.6617088872472978
CPTP	UROD	1.661551893397749
NFIA	POU3F1	1.6611319968925902
YBX1	AL034417.2	1.6611237686465001
NFIA	EYA3	1.6608944847934397
SSBP3	GJA9	1.660794801039232
NFYC	HOOK1	1.6604065931525605
SMAP2	PGM1	1.660384703562429
HP1BP3	PLCH2	1.6602660857904783
ZBTB40	DMAP1	1.660152101560309
ZCCHC17	EPHA10	1.6600461288317716
YBX1	SLC9A1	1.6599550259242861
CPTP	SMIM12	1.6597354564555962
ASAP3	TTC4	1.6595611011920854
RUNX3	CDC42-AS1	1.6594018020353252
YBX1	AL360012.1	1.6593416580125604
ENO1	TMEM50A	1.659207743773396
HES4	AHDC1	1.6589151568538132
RLF	C1QB	1.6588720111604074
ZNF362	ASAP3	1.6577365536808815
ZFP69B	COL9A2	1.6576158039800022
ZCCHC17	ZMYM4	1.6572728336572127
AKR1A1	CPTP	1.6564995116784873
MYCL	AL360012.1	1.656451713600753
MAGOH	WASF2	1.6556195570131724
JUN	PLCH2	1.6555682303460952
HES4	FAAP20	1.6550453090373778
HES4	HYI	1.6541106394226677
SMAP2	RERE	1.6534928821191202
VAMP3	SMAP2	1.6532201447159742
POU3F1	OMA1	1.6532117353373117
ZBTB48	TMEM201	1.6529842323676747
HP1BP3	KIF1B	1.6528333794934944
YBX1	TRIM62	1.6525599942185187
ENO1	SCMH1	1.6523619768595752
NOC2L	CDK11A	1.6521951626451898
HDAC1	TNFRSF18	1.6520866416059252
HIVEP3	EPB41	1.6515004742514314
SFPQ	AKR7A2	1.651366254248137
HP1BP3	SFPQ	1.651133400665307
HP1BP3	PANK4	1.6509120620601192
NOC2L	MICOS10	1.6507510658996127
HP1BP3	TMEM53	1.6501796185281385
YBX1	ZFP69	1.649994062364392
VAMP3	ARMH1	1.649672270770902
HES4	THRAP3	1.6492480124738182
SFPQ	NMNAT1	1.6490483314449258
ASAP3	SLC30A2	1.6484140694629057
AKR1A1	SERINC2	1.6483654430828971
VAMP3	MAD2L2	1.6481850689217445
ENO1	PAFAH2	1.6478860055918847
YBX1	EMC1-AS1	1.6477929902078272
YBX1	STPG1	1.6469587030859265
ZNF436	KIF17	1.6462788023480281
YBX1	MMEL1	1.646043471475302
VAMP3	NECAP2	1.6460395773106955
HDAC1	SPSB1	1.6458811516272847
GMEB1	DNAJC11	1.645641945720238
JUN	EIF2B3	1.6453271113154526
ZNF436	UROD	1.6453258806311122
JUN	SLC6A9	1.6452070468471192
NOC2L	SLC45A1	1.645015028780009
ZNF691	EPS15	1.6449940951877617
ZNF691	RERE-AS1	1.6449539503480772
FOXJ3	LINC01226	1.644806485109133
SFPQ	ZSCAN20	1.6440192159016647
SMAP2	CCDC24	1.6434184279409914
LUZP1	STX12	1.6432557272516155
HDAC1	B3GALT6	1.6431807971343655
SMAP2	CASP9	1.6430131132868535
NFIA	SHISAL2A	1.6427490099652133
LUZP1	ZC3H12A	1.6424606340092018
JUN	HNRNPR	1.6424430912628383
VAMP3	B3GALT6	1.6423718786029466
MTF1	TMEM222	1.642252395321931
SMAP2	LINC02812	1.6419237832876687
SMAP2	UBE4B	1.641735862473343
HP1BP3	ZBTB48	1.641243976913167
SSBP3	TAF12	1.6407883209019516
NFIA	PRKAA2	1.6394182580804857
RLF	AC093424.1	1.639128571758731
HES4	ZFYVE9	1.6386914755165134
JUN	AL606760.3	1.638072509829073
LUZP1	ACOT7	1.6376993793820949
HP1BP3	TNFRSF14-AS1	1.637432809377094
NFYC	MIR4422HG	1.6373460583804522
VAMP3	LINC01767	1.637134897040109
ZNF436	LEPROT	1.636751055858693
SMAP2	MFN2	1.636147752819878
HP1BP3	TRIM62	1.6358638050915086
KDM4A	GPBP1L1	1.6356892937116112
HP1BP3	SLC25A33	1.6355341894795576
POU3F1	PIK3CD	1.635041816130653
YBX1	RSRP1	1.6349563063005865
VAMP3	RPS6KA1	1.634893908728119
RUNX3	PPT1	1.634740964602171
NFIA	BEND5	1.634224547872935
SMAP2	DMAP1	1.6339801612681566
ZSCAN20	LINC02574	1.6337979158304932
ZBTB40	TMEM39B	1.6330290190021077
HDAC1	COA7	1.6328320129007263
MAGOH	UBXN10	1.6327663634404233
JUN	YARS	1.6323211049872304
MAGOH	TMEM50A	1.6321267151658019
SFPQ	VAMP3	1.6315594566215486
RUNX3	AL049795.2	1.6313223714597533
E2F2	PAQR7	1.6309960574080744
HES4	TCEA3	1.6308839714026886
SSBP3	ZFP69B	1.63025025478408
ZNF362	TENT5B	1.6301939039577047
ZCCHC17	DVL1	1.6301238584404887
LUZP1	FOXD3-AS1	1.6297941529748379
ZCCHC17	SF3A3	1.6294453524565577
MAGOH	AL136985.3	1.629434517571117
HES5	LZIC	1.6292149433168825
VAMP3	NUDC	1.6291072085349108
HP1BP3	TM2D1	1.6286757925038549
JUN	KCNQ4	1.6285685339375608
SFPQ	AL391244.2	1.6282425523697048
YBX1	CROCC	1.6281171291634584
SCMH1	SESN2	1.627941093284356
DMAP1	AL590434.1	1.627525103759022
DMRTA2	P3H1	1.626782053465942
JUN	IQCC	1.62612642175149
YBX1	PLA2G5	1.6255853241999065
ZFP69B	RPS6KA1	1.6254399538688056
FOXJ3	AC004865.2	1.624931843977503
TAL1	KAZN	1.624645335337708
NFIA	DOCK7	1.6245242103835458
MTF1	AL590822.1	1.6244591702204765
GMEB1	AL020997.2	1.6239698327969663
ZNF436	MMACHC	1.6238881190423788
YBX1	C1QC	1.6237664098508133
YBX1	SKI	1.623146565931356
ENO1	EXOSC10	1.6224523790826462
ZCCHC17	IFI6	1.6222458733767546
SMAP2	MKNK1	1.6222270533556737
YBX1	DDI2	1.620744077213615
SFPQ	AL034417.4	1.6206518072034948
SMAP2	YBX1	1.6203929788951734
VAMP3	PEF1	1.620341050467328
VAMP3	LSM10	1.620139183140969
RUNX3	MEAF6	1.6198668832747871
HDAC1	TRIM62	1.619005353118439
ZNF436	CLIC4	1.6189268584705876
SMAP2	CLSPN	1.6180313640881665
ZBTB40	EYA3	1.61802520859364
MTF1	B4GALT2	1.6180025114908851
VAMP3	HTR6	1.617594524282732
SMAP2	AK2	1.6173238855762
HES4	OSBPL9	1.617084136767955
NFIA	FABP3	1.6169427898030315
SMAP2	WNT4	1.6168774500844474
RLF	ZBTB48	1.616629220007491
YBX1	WDTC1	1.6165444240791778
CPTP	AKR7A3	1.6165353254411639
HP1BP3	CDK11A	1.6163786533622804
NFIA	STIL	1.612800453851893
ZFP69B	SSU72	1.6124691462717424
HES5	AC093425.1	1.6123728586842676
AGMAT	MIER1	1.612346365699619
YBX1	RPL11	1.6119182986753717
HES4	ATP5IF1	1.6116216754813384
VAMP3	ZMYM4	1.6115909721185238
ENO1	PIGV	1.6114657382836406
ZBTB17	KDM1A	1.6108852816768258
ZCCHC17	YBX1	1.6101645128564461
HDAC1	TMEM234	1.6093523457384546
HDAC1	ENO1-AS1	1.6093436468625295
HP1BP3	NFYC	1.6092873306456672
SSBP3	LRRC41	1.609248009671732
SMAP2	HSPB7	1.6088710895809484
HP1BP3	AL139423.1	1.6081330460013314
CPTP	PPCS	1.6076701721377926
RUNX3	UTS2	1.607652979623137
ZBTB48	SPSB1	1.6070732717043068
RLF	STIL	1.606902527471701
MAGOH	RLF	1.6067772719147608
NFYC	ERRFI1	1.6066119291210645
DMAP1	ATP5IF1	1.6066064726364109
SCMH1	TESK2	1.6063748334793704
SFPQ	MAD2L2	1.6062003913817409
ENO1	TARDBP	1.6044572069290042
ZBTB17	ARTN	1.604105570544348
HIVEP3	ATPAF1	1.6040155794064246
HES4	FOXO6	1.603893181132986
MTF1	AL627309.5	1.6036552305582608
JUN	AL627309.1	1.6024558824416422
PRKAA2	MFN2	1.6022777548900307
MAGOH	TMEM59	1.602093196845451
YBX1	CCDC30	1.6018032559500501
DMAP1	AL627309.1	1.6015354160994921
SMAP2	AL691432.2	1.6013908566802328
VAMP3	C1QTNF12	1.6013625481880989
AKR1A1	HIVEP3	1.600084177176525
GMEB1	PLA2G5	1.6000320641797043
HEYL	GPR157	1.5997817578996627
ZBTB48	TCTEX1D4	1.5992829662033698
MAGOH	KDM1A	1.598697825180662
HDAC1	SNHG12	1.5986435937904169
HP1BP3	CAP1	1.5965192832723099
SFPQ	PRDM2	1.596329022973934
SFPQ	Z97987.1	1.596266666622591
KDM4A	TTC34	1.5962496386537128
FOXJ3	SLC35E2A	1.5958713410458032
CPTP	KAZN	1.59573129532102
ZNF436	VWA1	1.595619046923705
HP1BP3	H6PD	1.5955844050863888
HES5	RCC2	1.5950390554253555
MAGOH	RNF11	1.5946717096444962
RLF	HSPB7	1.5944836953203954
SMAP2	HMGN2	1.5944828445121084
JUN	NBL1	1.5941371143074918
SMAP2	MAN1C1	1.593260993599761
RLF	GPN2	1.5932421581293297
GMEB1	FHAD1	1.5931144374342794
ZFP69B	NSUN4	1.5930518806689884
RUNX3	ECE1	1.5929212575622806
NFIA	HMGN2	1.5928727011685195
ZBTB40	HNRNPR	1.5925622908553518
NFIA	HES5	1.5921358942517998
YBX1	CDC42-IT1	1.5921312530333913
VAMP3	INTS11	1.5920438936201955
ZNF691	SLC45A1	1.591841681380245
RLF	PTCH2	1.591104155496258
RUNX3	OTUD3	1.5909657008770277
GMEB1	AL450043.1	1.590421863722919
HES4	RIMS3	1.590274584219353
RUNX3	BEND5	1.5900525290357694
NFIA	ARMH1	1.5896925161914106
ENO1	KIF1B	1.5896693196601577
LUZP1	GMEB1	1.589066308131938
HES5	L1TD1	1.5888366151042466
RUNX3	MAD2L2	1.5887688601950132
SFPQ	RPS6KA1	1.5887633645260806
MAGOH	USP48	1.588610212275064
ZSCAN20	PRKCZ	1.5874298078036275
HIVEP3	RHBDL2	1.5859433601392168
SFPQ	SLC35D1	1.5853583123270996
RLF	PHF13	1.5843648702706032
FOXJ3	YBX1	1.5843520904572292
ZBTB40	AL691432.2	1.5840367612537591
HP1BP3	CLDN19	1.5833235712690887
HP1BP3	ATPAF1	1.5824780110200165
SMAP2	RPS6KA1	1.5821897203154462
VAMP3	KIF1B	1.5821154015451349
MAGOH	C1orf174	1.5818809475746256
FOXJ3	SKI	1.5814380143807039
RLF	AC099791.2	1.581343109110751
HES4	NECAP2	1.5810059814108228
NFYC	PIK3CD-AS2	1.5808166591059207
JUN	BX284668.6	1.5802256483224437
FOXJ3	HDAC1	1.5801444543625431
SMAP2	FOXD2	1.5800144542994068
HES4	C1orf216	1.5799450153340155
MORN1	LINC01562	1.579703678290403
ENO1	AL136985.3	1.5793779177074894
SFPQ	FAF1	1.579055942981017
MAGOH	AL445248.1	1.578897565588025
ENO1	MRTO4	1.5785915964895867
HDAC1	ZYG11A	1.5783472034594583
NOC2L	PGD	1.5783198176748252
RLF	SLC9A1	1.5782299318992998
POU3F1	LNCTAM34A	1.5782256632563598
SCMH1	AL139289.2	1.5778927232453106
HIVEP3	PIK3CD-AS2	1.5778824439580745
SFPQ	B4GALT2	1.5772352021825469
SFPQ	AL451042.2	1.5765305830239735
RUNX3	RBBP4	1.5764809455741524
ZFP69B	LSM10	1.5762579946384672
YBX1	SNIP1	1.5755512429000798
HES4	PRKAA2	1.5753558353155748
HDAC1	AL139260.1	1.5747805139645175
RLF	NCMAP-DT	1.5746755047963643
HP1BP3	RHCE	1.5745123057676171
AKR1A1	PLCH2	1.5735179278419127
AKR1A1	MTF1	1.573351197496658
ZFP69B	YARS	1.5730019822494035
ZNF436	ZNF362	1.5726923128310415
ENO1	NCDN	1.5726402556970416
GMEB1	CEP104	1.572480857772471
NFIA	AL139423.2	1.5724274061385772
SSBP3	TMEM125	1.572016951790777
SFPQ	SH3D21	1.5719539921762828
PRDM16	ARID1A	1.571929920847781
FOXJ3	PAQR7	1.5717795229765683
ZNF436	LRRC42	1.5716605584694583
JUN	PIK3R3	1.571615378252888
YBX1	CDC42	1.5715554352923493
HIVEP3	HEYL	1.5715493002512564
ENO1	DDI2	1.5712679082501277
YBX1	DFFB	1.5712082049155676
DMAP1	PEF1	1.5709148866442662
HES4	FAM131C	1.5706003077047443
HEYL	CAMK2N1	1.5699874725588812
HDAC1	JAK1	1.5695959688007917
NFIA	AJAP1	1.5692139825030162
JUN	FGR	1.5690204342708354
ZBTB40	GPBP1L1	1.568921258449245
FOXJ3	ZNF684	1.5685572927964506
ENO1	DRAXIN	1.56804981531826
MTF1	PTP4A2	1.5679577792317303
SFPQ	AL031985.3	1.567682197740699
MAGOH	GPR3	1.5673559447058876
MAGOH	TCEA3	1.5672797019328581
HES5	CCDC24	1.5668991087511641
ZNF436	CPLANE2	1.566594633081671
RLF	FAM41C	1.5665775984571746
MAGOH	YRDC	1.5660637210170156
ENO1	GPN2	1.565950970692968
ENO1	AL031432.5	1.5658935945349992
YBX1	AL031289.2	1.5658722624991512
VAMP3	TRNAU1AP	1.5656170458361658
HP1BP3	COA7	1.565417455058861
JUN	AUNIP	1.5642566297805702
RLF	SPEN	1.5641356105533955
JUN	TNFRSF8	1.5640736000268656
MYCL	COL8A2	1.563904339158534
MAGOH	MUL1	1.563669810085393
SMAP2	TTC22	1.5633807727423656
AKR1A1	WASF2	1.5631503165825373
YBX1	SYTL1	1.5627151495228422
ZCCHC17	PGM1	1.5618735937289216
NOC2L	MAN1C1	1.5613945210817108
YBX1	LINC02777	1.5611566106748564
AKR1A1	TNFRSF9	1.561093185732268
VAMP3	DFFA	1.5607579437952215
ZCCHC17	CD52	1.5604051460513242
FOXJ3	OSCP1	1.560321769692055
YBX1	DAB1	1.5601127984634988
CPTP	ROR1	1.5598689360579696
SFPQ	GRIK3	1.559833289221124
AKR1A1	FOXJ3	1.5594372501439497
VAMP3	CORT	1.5589724229528212
FOXJ3	ARHGEF16	1.5584281915500622
LUZP1	ZBTB8A	1.5583270008311023
SSBP3	MXRA8	1.558209391679072
AGMAT	VPS13D	1.5581404960117748
ZNF362	AUNIP	1.5579291975371972
ZCCHC17	COL9A2	1.557707555382423
VAMP3	CPTP	1.5574439411706136
DMAP1	CCNL2	1.5572381647865507
SFPQ	ZMPSTE24	1.556995985062701
MTF1	CDC42-IT1	1.5568651175701336
AKR1A1	SDHB	1.556750605947559
ZNF362	CYP4X1	1.5567134920903474
ZNF362	ADPRHL2	1.5566926718190135
SMAP2	ZBTB17	1.556465427190128
YBX1	AL590822.3	1.5564283544495234
ZBTB17	SHISAL2A	1.5561917392126212
AKR1A1	PHACTR4	1.5548590894295782
ZCCHC17	SDC3	1.554781994945039
ZNF436	SMAP2	1.5547435371449516
ENO1	CITED4	1.5547408860667375
HP1BP3	RNF207	1.5545264885648569
NFIA	RPL22	1.5542291947665046
ENO1	ZMPSTE24	1.5540075279639955
LUZP1	ZNF593	1.5538230726602869
JUN	ZNF593	1.5530954259981085
ZBTB48	SCNN1D	1.5530852194440652
HES5	MXRA8	1.552863305228876
ENO1	SLC35E2B	1.552742494027333
NFIA	C1QTNF12	1.5524992061235918
SMAP2	RNF207	1.552473804511681
JUN	SMIM1	1.552447135323318
SCMH1	FGGY	1.5524458059127069
VAMP3	GRIK3	1.5522086744676655
RUNX3	BTBD19	1.551910494461756
SFPQ	C1orf167	1.5511310940404477
VAMP3	BEST4	1.5503808512143042
ZNF691	PLOD1	1.55006886442954
E2F2	TMEM200B	1.5496153148433918
JUN	C1orf122	1.5491757449484809
FOXJ3	RCAN3AS	1.5479893282538972
HES5	ZSWIM5	1.547202548062643
RUNX3	FAM229A	1.5469469377620664
HDAC1	MEAF6	1.5468779491441018
ZCCHC17	LRRC42	1.5461144627619194
HP1BP3	MATN1-AS1	1.5460194038804382
MAGOH	SVBP	1.545883275413199
YBX1	TTLL10	1.5458721041770416
SMAP2	NSUN4	1.5458700678416162
HP1BP3	AL096840.2	1.545823529297
LUZP1	IQCC	1.545366962006761
LUZP1	OSBPL9	1.5450685227415848
MAGOH	CEP85	1.5449689874797847
RLF	AL139220.2	1.5448946586186196
MAGOH	CSMD2	1.5446092888523886
NFIA	MAGOH	1.5444380529577597
NFYC	ATPAF1	1.5443115779395884
NFIA	CAPZB	1.5441059828146078
AKR1A1	AC114488.3	1.5440477949061366
TAL1	ARHGEF16	1.5439848243257384
SFPQ	DVL1	1.5436740708578722
SSBP3	DFFB	1.543381886316624
ENO1	KHDRBS1	1.5433522961863446
SCMH1	PRKAA2	1.5426131779839178
ZNF436	KHDRBS1	1.5422935391443309
POU3F1	AL590438.1	1.542229531515768
TAL1	IFI6	1.5421065540775352
SMAP2	LINC01144	1.5417506168524782
FOXJ3	P3H1	1.5417181386192986
HIVEP3	DFFB	1.541572229354656
JUN	UBR4	1.541234310626062
SFPQ	ECE1	1.5409159503824146
TAL1	ST3GAL3	1.540839205970816
JUN	AL139220.2	1.5407364164394226
VAMP3	MUL1	1.5406307938541488
HDAC1	LRP8	1.5396582694659873
TAL1	ELOA-AS1	1.5395323636642821
RLF	BX284668.6	1.5393632846091803
SMAP2	KIAA2013	1.5392414311772398
GMEB1	CTRC	1.5391829849032999
NFIA	LURAP1	1.5391604205092784
ENO1	IFI6	1.5389118241157953
ENO1	RNF11	1.5386326594612934
SFPQ	AL031432.3	1.53844734623377
ZFP69B	COA7	1.5381591563094004
LUZP1	RIMKLA	1.5375021701346216
YBX1	PINK1-AS	1.5371803306045924
JUN	KDM1A	1.537162601573911
NOC2L	INTS11	1.5370437560340167
JUN	AL139423.2	1.5363638751460857
SMAP2	ZFP69B	1.5361618491494782
TAL1	STIL	1.5359034228326334
MAGOH	ATP5IF1	1.535903061633037
HES4	MXRA8	1.5354240867504394
RLF	BTBD19	1.5351883419380559
LUZP1	FAM167B	1.5346520125817034
VAMP3	MTFR1L	1.5344702330902618
RLF	FBXO2	1.5341847885535143
ZBTB40	TNFRSF25	1.5339265159215636
SMAP2	NASP	1.5337994581387824
YBX1	ZCCHC17	1.5337613286723912
SFPQ	AL121992.1	1.5335693220526934
JUN	MAP7D1	1.5335046362623732
AKR1A1	FOXD3-AS1	1.533236035683044
SCMH1	EPHA10	1.5332172813564786
HES5	MICOS10	1.533032541651416
HIVEP3	EFHD2	1.5330188423237339
AKR1A1	TMEM59	1.5326322911384547
NFIA	SF3A3	1.5325413439220017
ZCCHC17	BX284668.5	1.532146100077209
JUN	BEND5	1.5314296413578252
NFIA	COL16A1	1.5313338198830981
HES5	ARID1A	1.5312038951944356
JUN	IL23R	1.5310169748718163
NOC2L	FGGY	1.5309307169783575
MTF1	AL121992.1	1.530922666354124
AKR1A1	PHC2	1.5308554237253942
ENO1	EIF4G3	1.5308103906175567
ZNF362	AL109627.1	1.5298120132390935
YBX1	COA7	1.5295465713295204
FOXJ3	NSUN4	1.5293230775786704
SCMH1	TP73	1.5291907013628363
JUN	CYP2J2	1.5290016514267946
SFPQ	CENPS	1.5289826525597356
JUN	TMCO4	1.5288878048104404
ZNF436	ATG4C	1.5287914321457057
HDAC1	MKNK1	1.528421437843156
SFPQ	MOB3C	1.5274911165627516
ASAP3	TCTEX1D4	1.5266846941633574
NFIA	DNAJC8	1.5266101168552992
RUNX3	DHDDS	1.5264938735580715
JUN	KCNAB2	1.5262570417124304
NFIA	AL031985.3	1.525576471183491
VAMP3	PSMB2	1.524842017393212
AGMAT	AL360012.1	1.5247588161902312
TAL1	LINC02606	1.524715233014478
HP1BP3	SRSF10	1.5247097208271694
LUZP1	MICOS10	1.524690717249729
RLF	RERE	1.5240540678945391
SFPQ	SYF2	1.5238080108235699
ENO1	AL445248.1	1.5236062162574502
NOC2L	CLSTN1	1.5234515061313214
AKR1A1	TMEM201	1.5232951405291464
HES4	CDKN2C	1.522331775189554
DMAP1	TRIT1	1.5221928617825642
GMEB1	MAP7D1	1.52208855302693
SFPQ	MTF1	1.5219289516225079
CPTP	STMN1	1.5214453360471105
SMAP2	TNFRSF25	1.5212176688893873
NOC2L	LINC01128	1.521104695049966
ZBTB40	CCDC24	1.5210566952035438
JUN	PODN	1.5208268314507063
NFIA	S100PBP	1.520283678678256
ZNF684	SGIP1	1.5192769782498003
SMAP2	EXO5	1.5191782305900197
JUN	PRDM16	1.518816347616957
SMAP2	FBXO44	1.5186603108768573
MAGOH	SYF2	1.5185056628267035
HIVEP3	LINC01409	1.5182483255427432
JUN	CC2D1B	1.5179912265679694
RUNX3	TTLL10	1.5176788459303796
SFPQ	TOE1	1.517653774739169
YBX1	RAB42	1.5160904728744158
VAMP3	KLHL21	1.5157380317946934
MORN1	PODN	1.5157274834088141
JUN	SMIM12	1.5156102699587222
HES5	AL139246.5	1.5155349473710644
FOXJ3	AL139424.3	1.5151866716821107
JUN	HYI	1.515076663068402
HIVEP3	YIPF1	1.5149246822917468
SCMH1	MOB3C	1.5144298002278993
JUN	THRAP3	1.514226135256991
POU3F1	ATP5IF1	1.514206090583815
MAGOH	AL031432.5	1.514180298191656
HIVEP3	FOXJ3	1.514054700036545
HES4	DFFB	1.513843960317171
MAGOH	SYTL1	1.5137688919094439
HP1BP3	SHISAL2A	1.51367791605445
LUZP1	HOOK1	1.5136354222156003
SMAP2	MIER1	1.5131569435999548
ZNF436	CCNL2	1.5127404679585248
TAL1	STK40	1.5122569936090715
HP1BP3	PLA2G2C	1.511841027972285
HES4	EXTL1	1.5116248383633086
MAGOH	CNKSR1	1.5114209948720077
KDM4A	TCEA3	1.5110689065586425
AKR1A1	MMACHC	1.5109708147286458
SMAP2	DPH2	1.5109658959299805
SFPQ	SMAP2	1.5104840726662796
HP1BP3	NOL9	1.5101904798789696
MAGOH	PUSL1	1.5092766640617628
LUZP1	DFFB	1.508618051759817
HEYL	KIF1B	1.5085917184767847
LUZP1	WASF2	1.5083249124876181
SCMH1	OSBPL9	1.5082641348829897
RUNX3	TTC4	1.508244399243736
MAGOH	CSF3R	1.5081674149992053
JUN	AL358075.2	1.5080925296507515
DMAP1	ARHGEF16	1.5079757173176278
SMAP2	ZC3H12A	1.5078579774585017
RUNX3	LINC01128	1.5073227066817851
HDAC1	AL096840.2	1.5073095809182044
SCMH1	MMACHC	1.506807113977236
FOXJ3	GNL2	1.5064839360513174
RUNX3	AL031848.2	1.5062799827344333
PRDM16	HES4	1.506014324835209
ENO1	AL139289.2	1.5057735072367877
YBX1	GALE	1.5057647070331388
LUZP1	AKR1A1	1.5050338527038802
RUNX3	RCAN3	1.5048199789258514
MTF1	TNFRSF14-AS1	1.504598853361308
LUZP1	MMEL1	1.5045977116915819
JUN	HTR6	1.5042009540506078
VAMP3	AURKAIP1	1.50415894741256
YBX1	NFYC-AS1	1.5041092660382753
SMAP2	PLEKHG5	1.5040518851739904
ZNF436	FAM41C	1.5039850178382168
ZCCHC17	FHL3	1.503742028133435
LUZP1	PRDX1	1.5029480717663644
HES4	ATP13A2	1.5025150124616988
JUN	EXO5	1.5023790703334035
ENO1	SZRD1	1.50179647123917
JUN	FOXJ3	1.5012314007264675
PRDM16	ARTN	1.5011963418089407
MYCL	AL645728.1	1.501188779795336
LUZP1	GALE	1.5010541805166806
JUN	MFSD2A	1.5004764550237586
POU3F1	AC099791.4	1.500300286602804
AKR1A1	EXO5	1.500133904719373
JUN	GMEB1	1.498750794458782
VAMP3	C1orf122	1.4986698857120206
VAMP3	KAZN	1.498462418022974
HP1BP3	CNR2	1.498283935013101
ZBTB40	YBX1	1.4980046497971673
HP1BP3	FNDC5	1.497428599617708
JUN	FNDC10	1.497413014401012
FOXD2	NRDC	1.4969545767461878
LUZP1	AL031432.5	1.4969220518645294
HDAC1	RRAGC	1.4966464496047012
VAMP3	ZCCHC17	1.4965895812235028
JUN	UROD	1.496483967170625
HES4	MARCKSL1	1.4963164370924178
RLF	TNFRSF14-AS1	1.4954085036627036
LUZP1	ERMAP	1.4949924281049776
ASAP3	RNF11	1.4946328178258963
AKR1A1	ZBTB8OS	1.4945907216341074
HEYL	CALML6	1.4938942249115794
MAGOH	UBIAD1	1.493512472685326
ZCCHC17	AL139423.2	1.4934484173026341
SFPQ	RPA2	1.4934254685329906
JUN	ANKRD65	1.4934191695454646
MORN1	INTS11	1.4930288441116202
MAGOH	SRRM1	1.4926996247696027
ZBTB40	SYNC	1.492600917299505
YBX1	TTC39A	1.4923425838497435
VAMP3	PADI2	1.4922351410961565
NFIA	WASF2	1.4919008133210845
JUN	RNF207	1.4914768312072146
YBX1	AL359881.2	1.4911824075775881
SSBP3	ITGB3BP	1.490708597066667
SMAP2	NBPF1	1.4906677874585585
AKR1A1	SRSF4	1.489843709047777
JUN	PANK4	1.4898396556909312
HP1BP3	CENPS	1.4897320602892414
NFYC	AL033528.2	1.4880991669658274
CPTP	SFPQ	1.4880893859723294
YBX1	JAK1	1.4878819597587756
HES5	LINC01635	1.487371682687807
AGMAT	TRNAU1AP	1.486835841473948
YBX1	BX284668.2	1.4861402938557045
TAL1	FAM167B	1.4861333843731745
HP1BP3	FOXD2-AS1	1.4856751699553359
YBX1	CMPK1	1.4852092454977806
SMAP2	SPATA6	1.485168084216585
SFPQ	AL139424.1	1.485149588776566
JUN	ST3GAL3	1.4851044162603553
JUN	PRPF38A	1.484861536625824
YBX1	SCMH1	1.4845157117859413
ZFP69B	C1orf174	1.4844904286337846
LUZP1	HSPG2	1.484451643160082
SFPQ	ZDHHC18	1.4844131597241308
NFIA	KLHL17	1.4842676054537927
AGMAT	SZRD1	1.4842050068491996
NFYC	MUL1	1.4841524917585704
RLF	C1orf159	1.4839743921479134
ZNF691	HYI	1.4839260329153174
VAMP3	AKR7A2	1.483094955395433
NFYC	LINC01355	1.4829720908871575
NOC2L	ZNF691	1.4824129617837754
HDAC1	TMEM240	1.4816067945858495
HES4	TMEM200B	1.4814208082604827
JUN	GPR3	1.481354842482707
SMAP2	YRDC	1.4799145121909125
CPTP	TTC4	1.479784280397978
MAGOH	DFFA	1.479501848138997
MAGOH	COL8A2	1.4784743357645598
NFYC	DRAXIN	1.4784053046183112
GMEB1	ARMH1	1.4781649783925048
NOC2L	LDLRAD2	1.4769306731479257
YBX1	SFPQ	1.4768040655790478
ZBTB40	RSRP1	1.4767953428978815
JUN	PIGV	1.4765649361722313
ENO1	TNFRSF9	1.4760823608407492
TAL1	CEP85	1.4760763676132322
SSBP3	MMACHC	1.475637440854222
HES4	GMEB1	1.4751676065657755
VAMP3	LINC01358	1.4747920629882088
AKR1A1	RPA2	1.4745632563820303
ZCCHC17	RNF207	1.4740980231240515
HP1BP3	HMGN2	1.473700914462718
ZBTB17	SZRD1	1.473239692395457
SFPQ	HSPG2	1.4719994053400138
JUN	B3GALT6	1.471934353077558
NFIA	CASZ1	1.4718639280808608
FOXD2	HOOK1	1.4713757547271191
YBX1	PRKCZ	1.4708051908957391
SFPQ	TRIM62	1.4703019335007905
FOXJ3	KIAA0319L	1.469998072727028
LUZP1	HEYL	1.4698595267363208
YBX1	AL137802.2	1.4697294952265265
ENO1	RIMS3	1.4696499799280922
HIVEP3	SYTL1	1.4695734313244153
ZBTB48	ROR1	1.4695637739231977
ZCCHC17	AL031432.3	1.468872686202192
AKR1A1	NFYC	1.4687271508481639
VAMP3	IFI6	1.4685876844915873
POU3F1	AL135960.1	1.468002800434467
GMEB1	CD164L2	1.467802549452799
JUN	RHBDL2	1.4669417941194236
RLF	AC114488.1	1.4668492402858555
FOXJ3	PUSL1	1.4668383730498122
AKR1A1	HNRNPR	1.4665601841216542
HP1BP3	NCMAP-DT	1.466323163856987
SFPQ	DFFA	1.4659374308599635
SFPQ	RIMS3	1.4653001007685966
MAGOH	DLGAP3	1.464856032192984
HDAC1	TESK2	1.4645975946231211
ZNF684	SH3D21	1.4644972039774027
LUZP1	TRNP1	1.4644256114344663
NFYC	AK4	1.463107869472707
ZCCHC17	PPIE	1.4630939293482084
SSBP3	TRNP1	1.4626424075902953
RUNX3	SLC35E2A	1.462641068472353
SCMH1	PDZK1IP1	1.4624537810807736
SSBP3	NSUN4	1.461896793265613
ENO1	UQCRH	1.4612187552923606
ENO1	CEP85	1.4609704929934968
ZNF436	TMEM59	1.4607952422744925
LUZP1	FCN3	1.4604853672949003
POU3F1	UBXN10	1.4602878904584506
RUNX3	S100PBP	1.4599280284100922
SFPQ	NBPF1	1.4595406679367877
ZNF684	FOXJ3	1.4590752271513543
VAMP3	FAM43B	1.4585558003254175
ENO1	AL357079.1	1.4582906266890714
VAMP3	PLPP3	1.45786917448943
ASAP3	EPHA10	1.4571890979764288
ZNF691	WRAP73	1.4571412860725566
SMAP2	AL139260.1	1.4569018172682884
LUZP1	AK2	1.4565920353472173
DMAP1	ZMPSTE24	1.4565693873749852
JUN	VWA1	1.4563095635722427
FOXJ3	IPO13	1.4557670278674713
RLF	SRSF10	1.4556307139709332
HES5	LURAP1	1.455206313185524
JUN	UBXN11	1.455059102837266
ENO1	PITHD1	1.4550042210845386
PRDM16	MFN2	1.454450965827637
POU3F1	GALE	1.4539341958930565
TAL1	RHBDL2	1.4538658239304934
LUZP1	S100PBP	1.4538367930126774
JUN	ARHGEF10L	1.45370103096352
JUN	HDAC1	1.4536681059998258
HP1BP3	ERI3	1.4534800814857172
YBX1	AL590822.2	1.4533905874723632
ZBTB48	CPT2	1.4533028256564382
MORN1	ALDH4A1	1.4532487381139887
VAMP3	AC119674.1	1.4532459013836452
YBX1	BTF3L4	1.45319764156523
SMAP2	MMACHC	1.4530153222745161
ZBTB40	GMEB1	1.452745164265343
HDAC1	FAM76A	1.4523602558601587
VAMP3	NADK	1.4515790153462298
ZBTB17	TARDBP	1.4515556019624176
JUN	CPLANE2	1.4507968163800093
NFYC	LINC01771	1.4505499992068154
NFIA	TRNAU1AP	1.4499230731032906
RUNX3	TM2D1	1.4498181232978051
CPTP	ENO1-AS1	1.4498059321633388
NFYC	PEF1	1.4497722582591943
HP1BP3	TNFRSF18	1.449630469249881
ZNF362	SRARP	1.4496179723706597
VAMP3	PPIH	1.4495040612822765
RLF	CSMD2	1.4492107655486737
RUNX3	CDK11A	1.4490739362532818
ZBTB17	JAK1	1.4488099000227463
MAGOH	TRNAU1AP	1.4487111207639605
AKR1A1	LRP8	1.448648846459389
HEYL	PER3	1.448385011784041
AKR1A1	HMGCL	1.447832051025614
YBX1	PLCH2	1.447384102819711
HIVEP3	KLHL21	1.4472364926508705
NFIA	GMEB1	1.4463335534796873
ZCCHC17	PIK3R3	1.4459238417300044
ZBTB40	FBXO2	1.4456661342581678
CPTP	ARHGEF10L	1.445614511003229
MAGOH	SH2D5	1.4454554736333294
SMAP2	ADPRHL2	1.445277530623158
SFPQ	EPHB2	1.4448418583567928
CPTP	ID3	1.4444260610965522
HEYL	RHBDL2	1.444366431363216
RUNX3	RERE-AS1	1.443917853681258
NFIA	AGRN	1.442976383596693
ZNF691	TMEM69	1.4426837008130076
SFPQ	AL513477.2	1.441929802453943
SCMH1	SMPDL3B	1.4418885297796993
NFIA	NOC2L	1.441809392914751
EXO5	DDI2	1.441668774578623
MAGOH	KHDRBS1	1.44152163614226
SSBP3	INPP5B	1.4406931444002733
ENO1	IFFO2	1.4405807004819835
ZNF436	TMEM222	1.4405637820633583
NFIA	GALE	1.4399319630617224
SFPQ	AL139246.5	1.4397893484759572
NFYC	AL450998.2	1.439612924296882
YBX1	PRDM16	1.4395616223581238
TAL1	ZMPSTE24	1.4393109884561666
ZBTB40	AL031848.2	1.4382922228999195
SSBP3	EPS15	1.4379427986083433
HES4	ACOT7	1.4378501697993833
MAGOH	HTR6	1.4373160244117675
SMAP2	LRRC47	1.4373124255170664
ZNF436	LZIC	1.4370021874379584
RLF	EXTL1	1.436596783118917
HP1BP3	ZNF684	1.4365742406787967
AKR1A1	ID3	1.4364480359410141
TAL1	GALE	1.4361223559790721
ZNF436	GNL2	1.4353593863159582
SMAP2	PPT1	1.4353226960297945
SFPQ	DFFB	1.4349657367579025
SMAP2	RER1	1.4347896646825236
SFPQ	P3H1	1.4338582347086557
AKR1A1	AL139424.3	1.4338322347244383
VAMP3	SDHB	1.4337204018153185
HES5	AL360012.1	1.4336430374243085
ZCCHC17	TIE1	1.4336040736337217
HP1BP3	ALPL	1.4335126214633542
RUNX3	CTRC	1.4333106887749951
YBX1	IFFO2	1.4332784537291776
SFPQ	TMEM234	1.4327937677878013
ZNF691	ATP13A2	1.4322776621579445
AKR1A1	ARID1A	1.4320047961325995
ENO1	YBX1	1.4315913402078873
RUNX3	LURAP1	1.4313349033675764
JUN	GJA9	1.4309067572985077
HES5	PGM1	1.4299826685586132
HP1BP3	RER1	1.4298764518136948
RLF	RNF220	1.4297115004673886
ZFP69	RNF11	1.4290507706653848
ZCCHC17	PRDX1	1.428995969536242
HES5	PLPP3	1.4289517429815528
RLF	AL139423.2	1.4288070180523014
HP1BP3	EXOSC10-AS1	1.4281129889412598
SMAP2	ZNF691	1.4280799712531738
SFPQ	MECR	1.4278394339679557
E2F2	TMCO4	1.4278348813508164
SFPQ	CCDC24	1.4277727625285506
NFIA	TMEM54	1.427710042916171
ZNF436	SLC35E2A	1.4276675781059307
DMAP1	ATP13A2	1.4276337649085136
ENO1	AL645728.1	1.4276284083597388
HES4	LURAP1	1.4272679021364798
HES5	PPCS	1.4272242108869755
MAGOH	PRKAA2	1.4271159010920336
SMAP2	THRAP3	1.427072328069284
FOXJ3	FAF1	1.4269361071883346
E2F2	RIMKLA	1.4263830643286077
SCMH1	AC099791.4	1.4261107294887283
SFPQ	SHISAL2A	1.4255956342665559
HIVEP3	FHAD1	1.4253891010484814
RLF	UQCRH	1.4251312380588705
FOXJ3	COL8A2	1.424991502441673
HIVEP3	ELOA	1.424841418522327
DMAP1	AL139246.3	1.4243073014881862
ZNF362	ZYG11B	1.4238622437114836
SMAP2	LSM10	1.4230538517048203
SCMH1	TRABD2B	1.422973835661406
YBX1	KLHL17	1.4228413673391174
SFPQ	SYNC	1.4228273748026767
YBX1	AL021155.5	1.4226852783164077
SMAP2	EFCAB7	1.4226850496177046
SCMH1	STX12	1.4224811807898248
JUN	EVA1B	1.4221375114767543
ZFP69B	ZBTB8OS	1.4221137230842886
YBX1	UTS2	1.4217794747790693
CPTP	ZSWIM5	1.4215483595627607
FOXJ3	PABPC4	1.4213755839112565
HIVEP3	EXOSC10	1.4209549053911232
ZCCHC17	ZBTB48	1.4205730519291706
LUZP1	EPHA10	1.4204910921103002
AKR1A1	RER1	1.4200901961253523
JUN	AL353622.1	1.4200070830653708
VAMP3	KIF17	1.419864638613059
DMAP1	MUL1	1.4195055416501485
YBX1	AC004865.2	1.4193966011117223
RLF	POU3F1	1.4192634221945368
ENO1	RSRP1	1.418331742092821
RUNX3	TTC39A	1.4182841945500404
SFPQ	ASAP3	1.4182714126823548
ZNF691	EFHD2	1.4180587800663722
JUN	NADK	1.4179790345858638
RLF	SDF4	1.4177271123971675
ZCCHC17	TTC39A	1.417698794647799
RLF	PLEKHM2	1.417235728123205
JUN	CPT2	1.4165588263749578
ZNF436	AGTRAP	1.4162209096093261
JUN	MIB2	1.4158085442499855
RLF	AL359881.2	1.415645715574183
VAMP3	TEKT2	1.4155636260476154
VAMP3	TCTEX1D1	1.4148905010135204
YBX1	LINC01226	1.4148030512001664
HES4	UROD	1.4147347937516208
HP1BP3	CCDC17	1.4146571838812987
YBX1	SRSF10	1.4137513874251226
ZNF436	YIPF1	1.4137246357268214
YBX1	E2F2	1.4135089869097843
VAMP3	TSPAN1	1.4132330755696856
NOC2L	AL109811.1	1.4131861460339008
AKR1A1	YBX1	1.412663311012541
HEYL	UROD	1.4122922716660544
FOXJ3	CEP104	1.4118443423243525
SFPQ	NCMAP-DT	1.4109522334531697
ZCCHC17	AL135960.1	1.4108801404509337
HP1BP3	MDS2	1.410693749947273
MAGOH	HEYL	1.4101815198741028
VAMP3	CAMTA1	1.4100785601584296
YBX1	GPR3	1.4097705474330409
SFPQ	LINC01358	1.40935168110198
HES4	TNFRSF1B	1.4092150786056121
HDAC1	LDLRAD2	1.409146865665209
HES4	AL020997.5	1.4086574298648726
SFPQ	ESPN	1.4085330020844464
VAMP3	PAQR7	1.4081733269353427
ZBTB17	ASAP3	1.4080083207859027
KDM4A	AL050343.3	1.4078849293678106
HDAC1	AL139220.2	1.4077082705342128
YBX1	CENPS	1.407368204849586
MAGOH	MKNK1	1.406871127852685
LUZP1	MTHFR	1.4068650752285945
RUNX3	NIPAL3	1.4064938232583073
SMAP2	GMEB1	1.4064712760180484
FOXJ3	CALML6	1.4062567656005789
NFIA	AL136985.3	1.4061511663868866
VAMP3	PER3	1.4057265542155193
ZBTB40	AL139246.3	1.4055421055045625
FOXJ3	FBXO44	1.4054069200247725
ZCCHC17	HSPB7	1.4052704079443994
HP1BP3	MKNK1	1.4048107527664766
AGMAT	THRAP3	1.4039780920996794
JUN	SRSF4	1.4039184967430576
SFPQ	CDC42	1.403604578778963
VAMP3	KHDRBS1	1.403140014513454
SMAP2	FAF1	1.4026956342895591
CPTP	C1QB	1.402425808935336
SSBP3	ADPRHL2	1.4022054714190952
ZBTB48	AL606760.3	1.4021496485284977
YBX1	MIER1	1.4020778600463255
ZNF436	MEGF6	1.4012511543266564
HES5	PLEKHN1	1.4011749232834971
SMAP2	NECAP2	1.400921155867904
ENO1	ST3GAL3	1.4006234373412134
MAGOH	CITED4	1.4005855579172806
ZNF436	LRRC47	1.3999812326963559
HP1BP3	PATJ	1.3999097720686409
NOC2L	PPIH	1.3998067773265723
CPTP	LEPR	1.3994641314898022
MAGOH	LUZP1	1.3988856613447946
RLF	AL139246.5	1.3987755438560003
SFPQ	PRDM16	1.3985798226038735
JUN	CDC20	1.3983084551808724
ZCCHC17	AK2	1.3980918087743324
ENO1	RER1	1.3977441993273318
ENO1	AL139424.2	1.3969230206334327
AKR1A1	TEKT2	1.3967713212524004
MYCL	KPNA6	1.3967165893548747
MAGOH	AL603839.3	1.3966283581884762
ZBTB17	CCDC28B	1.3962912317358014
VAMP3	COA7	1.3957068943642517
JUN	CCDC163	1.3955859370634305
SFPQ	HYI-AS1	1.394938589385844
HDAC1	AL450998.2	1.3946108081149156
LUZP1	TPRG1L	1.3942369433754118
HP1BP3	TESK2	1.3942115821989147
LUZP1	STIL	1.394068203151256
JUN	SPATA6	1.3938982170468472
ZBTB48	SELENON	1.3937453893766332
ZNF362	THAP3	1.3936453502740556
LUZP1	ZFP69	1.3929408755618675
MYCL	PRKCZ	1.3928090799233597
VAMP3	CELA2B	1.3923689793825014
GMEB1	AL512353.1	1.391889392738175
ENO1	NFYC	1.391856523958046
YBX1	BEST4	1.3916657674021504
SFPQ	ST3GAL3	1.39154930000725
HES4	SLFNL1	1.3914121969895243
JUN	GJA4	1.3907189581284718
ZBTB40	AL139246.5	1.3904986588497683
SFPQ	TNFRSF14	1.3896611925017015
RLF	AL356055.1	1.3894973647327102
SFPQ	ITGB3BP	1.3891924027363747
HES4	CAMTA1-IT1	1.3886192917368627
JUN	PABPC4	1.3883321514808369
VAMP3	PINK1	1.3880988766983993
HP1BP3	TCEANC2	1.3880120117784884
FOXJ3	HIVEP3	1.3872584040990752
ZBTB17	HSPB11	1.3872316480460212
ZCCHC17	LEPROT	1.3871990121594988
SSBP3	RPA2	1.3871940588550047
SFPQ	C1orf216	1.3871291095337046
JUN	INTS11	1.3869805501693
RUNX3	AL360012.1	1.3866251289903146
HIVEP3	LDLRAP1	1.3863501224483967
HDAC1	ZNF684	1.38622292923477
HIVEP3	AL358075.1	1.3861908377541583
ZBTB48	MICOS10	1.3855448674186535
RLF	SLC35E2B	1.3853019323399836
NFYC	KTI12	1.3851592460678395
NFYC	MKNK1	1.384900079779435
LUZP1	EVA1B	1.3848234415205327
AKR1A1	NDUFS5	1.384793112325389
ENO1	LINC01409	1.3845751275767075
RUNX3	AL020997.5	1.3839501161839445
NFIA	TXLNA	1.3833614584075664
ZBTB17	AC114488.3	1.3832672179034362
ENO1	PLA2G2C	1.3830944014465538
MAGOH	DDOST	1.38284827396463
NFYC	HECTD3	1.3825993438360076
FOXD2	GALE	1.382332539156765
MAGOH	KPNA6	1.382144245303976
HIVEP3	MRPS15	1.3821067448739528
SFPQ	LZIC	1.3820826212341375
KDM4A	GABRD	1.3819763263385947
ZNF436	UBE4B	1.3815748440939717
ZNF436	MAP7D1	1.3815720555585977
JUN	ENO1	1.3814419532325697
SMAP2	PANK4	1.3811967107288043
JUN	MEAF6	1.3811440105127328
JUN	ELOA	1.3810719571569856
GMEB1	RIMKLA	1.3806596544204006
HP1BP3	NADK	1.3806517603740713
CPTP	PPIH	1.380488327713001
RUNX3	MTF1	1.380135512876343
JUN	AL137802.2	1.3799969481388599
HP1BP3	SLC1A7	1.3799188673010867
FOXJ3	ATAD3A	1.3794821871291378
JUN	PER3	1.3793789984983431
AKR1A1	FHAD1	1.379266106140296
MAGOH	MTOR	1.378992288463511
HIVEP3	CSMD2	1.3789224066111878
ENO1	SYTL1	1.3787877161900641
NFIA	ZBTB17	1.3787762684031997
VAMP3	ZSCAN20	1.3780227951882382
ZBTB40	MYCL	1.3777598067527
SMAP2	TNFRSF18	1.3774458569237376
MYCL	RHBDL2	1.3773154407465178
HES5	BTBD19	1.3767064181574011
FOXJ3	CTNNBIP1	1.3760091973382627
NFYC	HNRNPR	1.375954965347222
ZBTB17	ROR1	1.3754139297980763
NFIA	ERI3	1.3753452713302392
SMAP2	LINC01771	1.375307978791691
NFIA	CLSTN1	1.3751070969282733
VAMP3	EPB41	1.3750513335670926
JUN	PATJ	1.3747542658251035
ENO1	WDR78	1.3747083846726051
HES4	AL513320.1	1.3745825675092427
SMAP2	DVL1	1.3744431004983846
NFIA	RAVER2	1.3739313168843974
VAMP3	BX284668.6	1.3738689490149354
RLF	C1orf50	1.373816457905429
RLF	PSMB2	1.373196869338686
ZSCAN20	HPDL	1.3727194288626017
SFPQ	PODN	1.3717087251704456
FOXJ3	ENO1	1.3715985002257642
NFIA	ZMPSTE24	1.371259254726419
LUZP1	SLC9A1	1.3711170534248887
RUNX3	PGM1	1.37106896823653
AKR1A1	ARHGEF16	1.3709120155587462
SCMH1	TNFRSF14	1.3707959242600376
ASAP3	LINC01635	1.370600095953836
SFPQ	HECTD3	1.3705851202726376
ZNF684	CAMTA1-DT	1.370442595611822
TAL1	LINC01770	1.3695473667950158
MAGOH	NASP	1.3693688101190675
YBX1	MUL1	1.368996279733958
PRDM16	PEX14	1.3687654087809245
YBX1	GNL2	1.368612159156794
KDM4A	MIR34AHG	1.3682553363232022
JUN	HMGCL	1.3675686240965317
VAMP3	PIK3CD	1.3671598291884293
VAMP3	PPT1	1.366973700454551
HES4	HCRTR1	1.3668734801043911
RLF	AL353622.1	1.3668537831136938
POU3F1	C1orf167	1.3668469949464155
HES4	AL121992.1	1.3662289375687253
HES4	AL606760.3	1.3661188868362588
AGMAT	TUT4	1.3659361773129974
SSBP3	AL590822.1	1.3656704894097118
ZFP69B	BEND5	1.365435968746096
MAGOH	FNDC5	1.3652016530067905
SFPQ	ZNF691	1.3650179294719793
JUN	FAM110D	1.364981745790619
LUZP1	IFFO2	1.3649474331380327
HDAC1	TMEM222	1.3647675111757822
HP1BP3	LRP8	1.3643206378041077
POU3F1	GRIK3	1.3643000640519602
MAGOH	STK40	1.3640258988833012
SFPQ	TNFRSF9	1.3637667917027154
AKR1A1	TXNDC12	1.3635688622630617
SFPQ	LINC02812	1.3630159128098958
ZNF362	FAM87B	1.362948380040985
YBX1	SAMD11	1.3629370208077232
LUZP1	AL139424.2	1.3627955737647706
HP1BP3	TMEM50A	1.3627839963934887
CPTP	TIE1	1.3626876451126824
HES5	AL358075.2	1.3625661554829953
SFPQ	PTCH2	1.3625434260983469
SCMH1	CORT	1.3624190264512503
SSBP3	PINK1	1.3623259747859793
ASAP3	SMPDL3B	1.3617827830775984
VAMP3	TMEM54	1.3616098243281167
SMAP2	MACO1	1.3612371484665904
ENO1	ARTN	1.3611737759556468
JUN	FOXO6	1.3609884943642863
SMAP2	HSPB11	1.3601940717421588
GMEB1	PLOD1	1.359748925327546
ZFP69	ARHGEF16	1.3596814127718226
MAGOH	GNL2	1.3594217115782434
ZBTB40	RPS6KA1	1.3592153829351734
HES5	SDHB	1.358366012637385
SMAP2	INPP5B	1.3578538284561308
MORN1	LINC02606	1.357186218983889
ZNF684	NMNAT1	1.3569542027121466
HDAC1	USP24	1.3569315290289643
NOC2L	ATAD3B	1.356477284637196
FOXJ3	ZFP69B	1.3563995699988978
YBX1	KIAA2013	1.3563788746186252
HP1BP3	AC254633.1	1.3562538019244252
NFYC	AL135960.1	1.355864618134233
HP1BP3	DHCR24	1.3555796885294165
YBX1	GPATCH3	1.3554404578679422
HES4	SDC3	1.3551759431813606
ZCCHC17	LUZP1	1.355071436536354
JUN	NCDN	1.3550330465492488
NFIA	C1orf167	1.354603013499915
ENO1	AL390719.2	1.3542043144574833
ZBTB48	RPL11	1.3529314548184337
EXO5	TCEANC2	1.352553908932813
TAL1	ELOVL1	1.3518019124940066
YBX1	NSUN4	1.3515083579085863
PRDM16	CALML6	1.351289393922233
MAGOH	DPH2	1.3506927061483747
SFPQ	LINC02606	1.3506153879271283
HP1BP3	ALG6	1.3504335282974251
NFIA	ZFYVE9	1.35008256252421
FOXD2	ZSCAN20	1.3500741167454688
NOC2L	YBX1	1.3500704298944783
SMAP2	CYP4B1	1.3499431184958803
ZCCHC17	TNFRSF14	1.3498718387817068
NOC2L	AUNIP	1.3497813221467492
CPTP	SCNN1D	1.3489198758071328
ZBTB17	TPRG1L	1.3486347947511954
ZBTB48	LDLRAP1	1.3485367374987396
AKR1A1	AC093424.1	1.3484745233816486
YBX1	THEMIS2	1.348122304258645
ZNF691	YIPF1	1.347179046307709
SFPQ	MORN1	1.3471391972772442
CPTP	AC093151.8	1.346228263217753
ENO1	MANEAL	1.3461856120832265
LUZP1	RNF223	1.3459831414644317
LUZP1	PEF1	1.3457546264306899
SFPQ	AL109627.1	1.3457068406694959
HP1BP3	PINK1-AS	1.3451740980882367
ZBTB17	YARS	1.3451245488917876
CPTP	AL031432.3	1.344839976608723
ENO1	LRRC41	1.3448220090992096
JUN	CDA	1.3447758887399464
HIVEP3	VPS13D	1.3442316406393557
VAMP3	AUNIP	1.3437675880439135
RLF	AZIN2	1.3435594470243912
AKR1A1	TAL1	1.342971807904365
RLF	PEX14	1.3429254116683922
GMEB1	CORT	1.3428761370102351
SMAP2	MMEL1	1.3426976085650029
YBX1	ZMYND12	1.342565878937002
SFPQ	ICMT	1.342315601009778
FOXJ3	TXNDC12	1.3422705704594509
ZCCHC17	DHCR24	1.3415241168149068
SFPQ	FAM76A	1.3414760213011911
VAMP3	CYP4B1	1.3413776124352261
CPTP	RNF19B	1.3409282008547723
MAGOH	RPL22	1.3408988508205237
MAGOH	PTAFR	1.3407003396576238
CPTP	RBP7	1.3405254770146233
ZCCHC17	CCDC163	1.3404854835424256
CPTP	L1TD1	1.340293292289148
GMEB1	TSSK3	1.340099000666658
SSBP3	COA7	1.3391942057841484
NFYC	AC119674.1	1.3391298727166339
MYCL	PTAFR	1.3387602799171872
SFPQ	AL049795.2	1.3383495824384308
ZNF362	MRPL20-AS1	1.337983324391133
RUNX3	CLIC4	1.3377533080548272
ENO1	DDOST	1.3377043108762692
ZBTB17	KPNA6	1.337462954659375
YBX1	AL139424.1	1.337283376426365
SMAP2	DOCK7	1.3372130366450035
YBX1	ITGB3BP	1.3371569092590858
SMAP2	LINC01358	1.3371093029282841
NFIA	FBLIM1	1.3371052013391296
ZCCHC17	VAMP3	1.3370474106743382
HP1BP3	AC093425.1	1.3367476164328076
JUN	DOCK7	1.3364794929021033
ASAP3	FHAD1	1.336144533395499
GMEB1	MATN1-AS1	1.3359639020096359
POU3F1	L1TD1	1.3359329625326082
MYCL	TTC39A	1.3359282453223618
POU3F1	HIVEP3	1.3357240782701139
FOXD2	ALPL	1.3355474638533784
ENO1	BTF3L4	1.335396042571504
SMAP2	PRDX1	1.3353393628487389
ZNF436	DFFA	1.335317289595484
JUN	ZNF684	1.3353108220363987
FOXJ3	MIR4422HG	1.3347525845810324
ENO1	AL109627.1	1.3342999758147054
VAMP3	CITED4	1.3341119788248983
HES4	ZSCAN20	1.3340782302930498
ZNF691	PRXL2B	1.3339736963937128
SFPQ	PIGV	1.3336891246492544
AKR1A1	PPIH	1.3335999975696864
ZNF436	AL109627.1	1.33298511334146
ZNF436	RAB42	1.3326277760168628
SMAP2	UBE2J2	1.3326166622480886
SFPQ	TMEM200B	1.3325773624414186
GMEB1	ZMYND12	1.33244234043978
JUN	AL590822.2	1.3323276054306712
ZCCHC17	UROD	1.3320670501402203
CPTP	MACO1	1.3318112682220293
VAMP3	UBE2J2	1.3314345983518836
TAL1	ZNF684	1.3313890279155252
NFIA	UBE2J2	1.3313489693519733
ZNF691	LINC00339	1.3312723088086624
YBX1	ZMPSTE24	1.3312624972117815
AKR1A1	HDAC1	1.3311412827367852
YBX1	MORN1	1.3308164397984945
AGMAT	PUM1	1.3305460400761797
GMEB1	RLF	1.3303029120384067
MYCL	AL031289.2	1.3302451479196507
YBX1	CDK11B	1.3302388258569788
ZCCHC17	DAB1	1.330209317307051
AKR1A1	DDOST	1.3301639063293147
ZNF436	DHRS3	1.3298663516594929
SFPQ	LINC01409	1.3296975931547126
MAGOH	UQCRHL	1.3296766071563209
SMAP2	ICMT	1.329657147956131
SCMH1	CTRC	1.329495733060214
GMEB1	TMEM54	1.329387811870155
ENO1	RCC2	1.3289336214942453
AKR1A1	CAP1	1.3289240513101976
YBX1	AL031728.1	1.3285794412963443
RLF	TTLL10	1.3284840954339718
HDAC1	MUTYH	1.3281908593506566
AKR1A1	TMEM52	1.3281318016529937
RUNX3	HOOK1	1.3280390654368095
LUZP1	RNF207	1.3277122690387262
POU3F1	AUNIP	1.3276861794339236
YBX1	KIF1B	1.3269682498098678
ZCCHC17	LDLRAD2	1.3269289417926664
FOXJ3	NBPF3	1.3268324927987667
TAL1	KIF17	1.3263922592677506
SMAP2	BEST4	1.3263743284325311
SSBP3	AL513320.1	1.326119127207662
SSBP3	TCEANC2	1.3258476577989433
RUNX3	PPCS	1.3253898016059997
SFPQ	DLGAP3	1.3252441319284705
RUNX3	VWA1	1.3251844776296444
NFIA	RRAGC	1.324224336367141
RUNX3	PEF1	1.3240692851946538
LUZP1	PEX14	1.3240164328539281
HES5	ZSCAN20	1.3239469622689122
JUN	AKR1A1	1.3235675329337913
YBX1	TMEM201	1.3234258452809164
FOXJ3	CYP4B1	1.32337557204389
JUN	POMGNT1	1.3232953523055846
ZNF436	PPCS	1.32257914042539
SFPQ	KPNA6	1.3224183380404189
HES4	FAM229A	1.3217539966481109
AKR1A1	NECAP2	1.321719623809721
KDM4A	LINC02574	1.321629178193949
SCMH1	SRM	1.3216055010390282
JUN	LURAP1	1.3215811771451926
ENO1	OTUD3	1.3215171611247816
JUN	STK40	1.3214049345430154
NOC2L	MYCBP	1.321282910312266
SFPQ	FUCA1	1.3212112594532583
SCMH1	ZDHHC18	1.3210172262072075
ENO1	TCTEX1D1	1.3210054964724138
AKR1A1	ENO1-AS1	1.3209065275435878
SMAP2	MAP7D1	1.3208273061490738
RLF	HMGN2	1.3207774443038602
LUZP1	CNR2	1.3202940547036448
ENO1	ZBTB40	1.3195199282218582
SMAP2	S100PBP	1.3194560012660272
ZNF362	NCDN	1.3193208411924493
LUZP1	TMEM59	1.3191709767203614
MAGOH	EXOSC10	1.318885289630176
JUN	HSPB11	1.31865958507015
ZBTB40	TMEM222	1.3186221213121578
SMAP2	RCC2	1.3185789174981972
NOC2L	PUSL1	1.3185551895728542
RUNX3	SRRM1	1.3183405221568143
ZNF436	PABPC4-AS1	1.3182339205883422
JUN	AL390719.2	1.317573466896601
HIVEP3	AL590822.1	1.3174633290494815
YBX1	AC254633.1	1.31734339218159
RLF	TMEM39B	1.317209222057961
SMAP2	ARMH1	1.3167404164284848
VAMP3	HDAC1	1.3164944950310402
ZCCHC17	DRAXIN	1.3157490188964833
ZBTB17	UBXN11	1.315183629942143
YBX1	MIB2	1.3148329691317406
CPTP	CYP4B1	1.314548029436795
YBX1	DOCK7	1.3141904045733503
AKR1A1	PRDX1	1.313693193921286
HES4	PLEKHN1	1.3135052183019191
ZBTB17	HSPB7	1.3134721510029073
AKR1A1	ERRFI1	1.3133495369310102
SMAP2	PPIH	1.3130909416937682
YBX1	EFHD2	1.3129209545106506
DMAP1	PPIH	1.3127382120008932
NFYC	LZIC	1.3125926972797273
RLF	LINC01767	1.312558152431978
HIVEP3	ARHGEF16	1.3125493165560806
PRDM16	TRNP1	1.312405987475113
AGMAT	MEAF6	1.3117104880855954
JUN	UBE4B	1.3114885967129122
FOXJ3	UBIAD1	1.3114652487611682
ENO1	ZBTB8A	1.3109101563630563
HP1BP3	FAM131C	1.310815554764048
SFPQ	ZMYM4	1.3105793051554873
JUN	AC099791.2	1.3099715147173614
SMAP2	UBXN11	1.309901616867042
PRDM16	ZNF436-AS1	1.309839236273474
GMEB1	WDTC1	1.3097680839916364
MTF1	PLA2G5	1.3093905243506936
RUNX3	LINC01635	1.3092948348966487
HP1BP3	TRNAU1AP	1.3086300785192453
RLF	ZC3H12A	1.3086279682320645
AKR1A1	AC004865.2	1.3085977538220595
SMAP2	HPCAL4	1.3085033051726085
HDAC1	PTPRU	1.3084525475115065
VAMP3	SLC1A7	1.3084155266996618
RLF	USP24	1.308139510425221
LUZP1	CACHD1	1.3081009003857536
FOXD2	ACOT7	1.3078046731945572
SFPQ	H6PD	1.307785719693443
HP1BP3	MRPL37	1.3076355707086993
HIVEP3	AL050343.3	1.3074912530116742
SSBP3	PUSL1	1.3074765131868629
MAGOH	SNRNP40	1.3074463333047892
SFPQ	AURKAIP1	1.307196859890364
NFIA	ZNF691	1.3069432958259084
GMEB1	PPIE	1.3065924096917658
KDM4A	SNIP1	1.3063951124213158
POU3F1	CLIC4	1.306322042124387
AKR1A1	RPS6KA1	1.3062228381588916
PRKAA2	TPRG1L	1.3061247620409082
SFPQ	ISG15	1.3059906022688896
ZBTB48	PIK3CD	1.3057500794837407
HP1BP3	LDLRAP1	1.3056959794379062
JUN	RERE-AS1	1.3056706120604602
SSBP3	CAMTA1-DT	1.3053200063617234
KDM4A	INPP5B	1.3051942665473695
POU3F1	TMCO4	1.3050703314642922
LUZP1	RER1	1.304959718506353
VAMP3	CLSTN1	1.3049101133924628
HP1BP3	AZIN2	1.304840968675987
SMAP2	ROR1	1.3047400219555982
RLF	AL121992.1	1.3045819656864661
PRDM16	USP1	1.3045046070962323
CPTP	PLPP3	1.304080813453818
ENO1	AL512408.1	1.3037313558675596
SMAP2	CDC42-IT1	1.3037254200893529
VAMP3	AL451042.2	1.3035740308923984
ENO1	NECAP2	1.3034031408031252
YBX1	B3GALT6	1.3033034881917793
SMAP2	ATP13A2	1.3032787083004265
SSBP3	CDC42-IT1	1.3026991193780788
HIVEP3	HSPB11	1.3022344162544686
KDM4A	CDK11B	1.3022201994417741
AKR1A1	ZFP69	1.3020817073195163
SFPQ	ALPL	1.3018817279491874
RUNX3	ZFP69B	1.301667445717921
ZBTB40	TMCO4	1.301405828556881
RLF	AL137857.1	1.3012883995642248
AKR1A1	RPL11	1.3009037374386416
SCMH1	C1QTNF12	1.3008028243646315
VAMP3	PRDM16-DT	1.300663257952196
MAGOH	DHRS3	1.2998181266713698
YBX1	SRM	1.2997508624117244
ZBTB17	MYSM1	1.299746591020798
SMAP2	PAQR7	1.2992048007855168
RLF	AL139260.1	1.2988996466111533
RLF	CEP85	1.2986821513019917
YBX1	AL139246.5	1.2984813424998436
HES4	CASZ1	1.298116880443599
MORN1	PAFAH2	1.298077392109721
HES4	TRABD2B	1.2979730164906216
AKR1A1	ELOVL1	1.2979386238715538
YBX1	RLF	1.2975619604166897
FOXJ3	RPL22	1.2969279065153922
HDAC1	FHAD1	1.2968589254149718
DMAP1	SNHG3	1.296817790221728
MTF1	AC119674.1	1.2964526405752015
ZNF684	DVL1	1.2964075593262312
LUZP1	ZBTB40	1.2963710508060098
SMAP2	UROD	1.2959803743079419
NFIA	RNF220	1.29575314874255
HES4	HMGN2	1.2956073328278737
ZNF362	PLEKHN1	1.2952707340598735
PRKAA2	CDKN2C	1.2951949636860653
RLF	PGM1	1.294987870266893
SFPQ	HDAC1	1.2943811419919329
HDAC1	L1TD1	1.2937230274339107
MTF1	LYPLA2	1.2935112265786182
YBX1	ZYG11B	1.2932262702311672
RUNX3	AL161644.1	1.293179708644253
MYCL	CASZ1	1.2930635406978872
ZCCHC17	ZNF593	1.2928020533372198
SFPQ	EPS15	1.2920538278566123
ZBTB17	LRRC42	1.292032153501931
ASAP3	FOXD3-AS1	1.2920317235498806
LUZP1	RHBDL2	1.2919330641470443
CPTP	RHCE	1.2915991478637587
FOXJ3	LINC01635	1.2915094688599227
ZNF436	ZFYVE9	1.2914677415196414
HP1BP3	LURAP1	1.2913047306096601
RUNX3	NFYC	1.2909373482764142
RUNX3	KTI12	1.2908836638844825
YBX1	WASF2	1.2903800648953003
SFPQ	INTS11	1.290052943368385
LUZP1	MECR	1.2894479740332825
ZCCHC17	LINC01137	1.2893155903257822
GMEB1	B3GALT6	1.2892224697659664
JUN	AL358075.1	1.2890714708231001
VAMP3	DDOST	1.2880739685985192
ZBTB40	MAN1C1	1.2880633923534712
MAGOH	UROD	1.2878251593664531
ZNF436	CLCN6	1.2876709641625783
LUZP1	NCMAP-DT	1.2864974513816565
AKR1A1	AL139260.1	1.2863694370888472
JUN	PUM1	1.2863108471543558
HDAC1	ATP6V0B	1.286262071152947
SFPQ	AC114488.1	1.2862417947543223
JUN	FAF1	1.2859824071557824
DMAP1	CAP1	1.285848666999458
LUZP1	H6PD	1.2858317886363972
HEYL	TMEM51-AS1	1.285680134612274
JUN	ZBTB48	1.284368830589234
NOC2L	TNFRSF14	1.2843554729632416
SMAP2	TMEM200B	1.2843240642067877
RUNX3	PITHD1	1.284232488048121
SMAP2	PINK1	1.2840002752145447
SMAP2	AJAP1	1.2839853488661204
JUN	TRNAU1AP	1.2837347288028207
ENO1	HOOK1	1.2837342487426298
RLF	IPO13	1.2834834933260004
ZNF691	TNFRSF4	1.2834756011032376
ZCCHC17	TMEM39B	1.2832451270723566
HP1BP3	CC2D1B	1.2826067517974464
NOC2L	HP1BP3	1.2825863756011069
ENO1	ZYG11A	1.2820072699876914
HES4	ATAD3A	1.2818717789099363
ZBTB40	TM2D1	1.2816704592296477
HDAC1	FAF1	1.2813309497583585
SMAP2	ATG4C	1.2810148433399493
TAL1	NRDC	1.2809879196713632
JUN	SH3D21	1.2808928723789625
YBX1	TCEANC2	1.2808905854340589
JUN	PGM1	1.280560515074729
GMEB1	ZCCHC17	1.2803340738019604
AKR1A1	YARS	1.2800440037755252
YBX1	RERE	1.2795178527006756
RUNX3	AL445248.1	1.2793671627416738
SSBP3	PTPRU	1.2788076115009872
HP1BP3	ZCCHC17	1.2785467049950574
JUN	DVL1	1.278181780698069
HES4	AC254633.1	1.2781679434634623
SCMH1	DDOST	1.2780050985966454
JUN	KIF17	1.277922789022637
JUN	LDLRAP1	1.2778448359748122
SCMH1	DDI2	1.2773694377422984
RUNX3	WASF2	1.2768906826933653
MAGOH	UTS2	1.2768391382537565
ENO1	ITGB3BP	1.276572764351556
ZNF436	BSDC1	1.2764554726250301
RLF	FAF1	1.2761915796816907
ZBTB17	FBXO2	1.2758986128812
SFPQ	LINC01783	1.275822151032141
ZBTB48	MYCL	1.2757617844034375
ZCCHC17	GPN2	1.2756492576239369
ENO1	COL9A2	1.2753757072647844
E2F2	ATG4C	1.2752888006225984
HIVEP3	SSU72	1.2750187915145001
DMAP1	ASAP3	1.274929417572795
NFIA	RLF	1.274539434955654
RUNX3	CZIB	1.2744837854551896
CPTP	HOOK1	1.2744654008142866
FOXJ3	AL049795.2	1.2740687532125312
SFPQ	PSMB2	1.2740251185247913
LUZP1	PTP4A2	1.2739636908780865
ZBTB48	ARTN	1.2737492289676087
NFIA	SSBP3	1.2737389801206591
SFPQ	INPP5B	1.2737089202999052
AKR1A1	NSUN4	1.2729906963714417
ZFP69B	TPRG1L	1.2729163258152607
VAMP3	ZNF362	1.272802448946209
ZNF436	PINK1	1.2723448419536134
JUN	AGTRAP	1.2722387476984744
NOC2L	TUT4	1.272089587253847
HP1BP3	LZIC	1.2720848333419263
MORN1	TCTEX1D1	1.2720173226478662
JUN	ORC1	1.2719286390800613
HP1BP3	C1QA	1.2719128587684958
SSBP3	TRNAU1AP	1.2718914478318142
MAGOH	HDAC1	1.2714631829653624
ZFP69B	RCC1	1.2712308737331564
NFIA	AL450998.2	1.27040753809
LUZP1	NFIA-AS1	1.2699542168550975
AKR1A1	ACOT11	1.2699166000650386
CPTP	RNF207	1.2699110401248839
NOC2L	AL358075.1	1.2697480717320173
RLF	ZMYM1	1.269686329279228
YBX1	MIIP	1.2692634067526927
ENO1	MRPS15	1.2692208412919028
HES4	FBXO44	1.2690046889712479
ZCCHC17	NADK	1.268990088769594
ENO1	CCDC17	1.268946079158251
YBX1	LINC01767	1.2684187603292312
LUZP1	FOXD2	1.268337710831602
RLF	CAMTA1	1.2682096369933782
RLF	KPNA6	1.2678586484448555
MTF1	GMEB1	1.2678256523957292
RLF	CPT2	1.2677013449274162
RLF	SPSB1	1.2673809069941577
GMEB1	SHISAL2A	1.2673452561572656
RUNX3	CNR2	1.2671817483578482
ASAP3	NMNAT1	1.267139391115584
SMAP2	RSRP1	1.2658890555950213
ENO1	PIK3CD-AS2	1.2658174958205808
ENO1	C1orf50	1.2650665270852601
SMAP2	DNALI1	1.2649202931080934
LUZP1	TNFRSF9	1.2645107479526823
AKR1A1	LINC01226	1.2641231070518582
HIVEP3	TNFRSF4	1.2640552172645187
SFPQ	TPRG1L	1.2640149018655844
NFYC	TMEM201	1.2639906999779107
SMAP2	KCNAB2	1.2637468009610533
LUZP1	MEAF6	1.2636954292503517
YBX1	STK40	1.2634793698589935
NOC2L	CENPS	1.263067501604958
LUZP1	LINC01767	1.2630243943367239
ZCCHC17	EBNA1BP2	1.2626527373295653
SFPQ	UBIAD1	1.2625833132025621
NFIA	PRDM2	1.2617424971182478
SMAP2	TMEM39B	1.261721070158856
ASAP3	COA7	1.26160535844377
RUNX3	CPTP	1.2615935846206057
FOXD3	CENPS	1.2614837480083
MAGOH	PLEKHM2	1.260950647069138
SFPQ	PDIK1L	1.2606412062427985
RLF	SZRD1	1.2606133200022513
HES4	SLC25A34	1.2604361369870318
LUZP1	NASP	1.2603706482685901
YBX1	DDOST	1.2603265264537464
VAMP3	AL135960.1	1.2602753726603115
ENO1	FBXO44	1.2602687063349314
POU3F1	FAAH	1.2599108081784685
LUZP1	TCEANC2	1.259701267769125
JUN	SPSB1	1.2596418937492182
VAMP3	AHDC1	1.2596398051854156
RLF	ZMPSTE24	1.2588644567112857
NFIA	AL645728.1	1.258786177792467
SMAP2	NMNAT1	1.2586678354263778
YBX1	LINC01771	1.2586645410469524
GMEB1	KCNAB2	1.258642130522817
ZNF684	LINC01778	1.258618950450242
ENO1	TTC39A	1.2583708007739025
JUN	FAM76A	1.2582096660846185
HIVEP3	IPP	1.2576243309475048
HES5	PPT1	1.257433367063578
CPTP	DHRS3	1.257054336734732
HP1BP3	MAGOH	1.2566558029939905
HES5	ZNF436	1.256140577712073
E2F2	POU3F1	1.2550987516726864
SFPQ	FBXO2	1.2547087324259656
ZCCHC17	NECAP2	1.2542936799061666
VAMP3	TAF12	1.254033747315358
GMEB1	LINC02812	1.2539813962758135
AKR1A1	FAM167B	1.2537340677280413
RLF	PIK3CD-AS2	1.2533317889926339
HP1BP3	EBNA1BP2	1.2532235706341082
YBX1	FOXO6	1.2531918051609712
CPTP	AL513327.1	1.2522864900967015
SSBP3	PRKAA2	1.2520593990545232
LUZP1	AL021154.1	1.2520004174377395
ZFP69	HECTD3	1.2514627031258407
YBX1	ZNF684	1.2511516944436645
HP1BP3	TMEM39B	1.2502577479155847
ENO1	UBIAD1	1.249460474246048
JUN	NOL9	1.249369921201138
SSBP3	LINC01137	1.2482386729715518
SFPQ	CPTP	1.2480607192956923
DMAP1	ENO1-AS1	1.24770298358947
SCMH1	THEMIS2	1.2476253844470848
RLF	NCDN	1.24754962754457
CPTP	CMPK1	1.2474239100328002
HES4	PLOD1	1.2473935431517613
JUN	AL627309.5	1.2469638156064973
RUNX3	CEP104	1.2469507292220443
ZCCHC17	CCDC28B	1.2469262004829968
SFPQ	TCTEX1D4	1.2469173681795942
FOXO6	ATG4C	1.2467736383425134
VAMP3	ATAD3C	1.2464720660984012
GMEB1	CCDC163	1.2463655991271998
HDAC1	PTCH2	1.2463387765135292
ZNF436	VAMP3	1.2448310949445769
PRDM16	ZNF362	1.2447941640059625
HDAC1	EIF3I	1.2445453717097699
LUZP1	VPS13D	1.2439473655949886
SMAP2	SNHG3	1.2437235749181625
LUZP1	SNIP1	1.243238851589608
YBX1	PGD	1.2431991830350586
AKR1A1	SMAP2	1.2431027292236072
MYCL	ARHGEF10L	1.2430980531721574
MAGOH	ATAD3A	1.2426072064622966
NOC2L	USP24	1.2419471480254884
JUN	PHACTR4	1.2418449220372962
NFYC	MDS2	1.2415335205915266
SFPQ	AL359881.2	1.2414871949305502
DMAP1	PDIK1L	1.2413484093754348
MAGOH	DNAJC16	1.241295652815656
SFPQ	MAN1C1	1.2411491225844509
LUZP1	TEKT2	1.2411381348615025
LUZP1	SYNC	1.2410836016921147
HDAC1	CORT	1.2410347081298354
ZBTB17	PEF1	1.2404803311675758
MYCL	TNFRSF14	1.2403927259991774
ZBTB40	TARDBP	1.239944101956482
SCMH1	C1orf167	1.2399434299330025
JUN	ZBTB40	1.2391331660721443
ENO1	YIPF1	1.2383739757880499
NOC2L	PABPC4	1.2383028196564887
ZBTB17	AL139260.1	1.2382562304949225
JUN	C1QTNF12	1.2381212803790895
MORN1	ZNF436	1.2380149672146104
NOC2L	TMEM39B	1.237865322400663
CPTP	AL606491.1	1.2373896653484109
YBX1	EBNA1BP2	1.2372103803497245
AKR1A1	RCAN3	1.2369963323741393
RLF	SF3A3	1.2360597351320886
ENO1	ZMYM4	1.2358178086030536
NFYC	NSUN4	1.2356600242057056
SMAP2	ZNF593	1.235064821441491
MAGOH	RRAGC	1.2347718337887854
SMAP2	TMEM222	1.2344936534410984
SMAP2	GPN2	1.2344485787644177
DMAP1	JAK1	1.2343233864300853
MAGOH	HPCAL4	1.2336341944643625
AGMAT	PLCH2	1.2333467708250032
DMAP1	RRAGC	1.233177946615897
ENO1	AL021155.5	1.2331491964483388
AKR1A1	CAPZB	1.2331152104748875
HDAC1	CMPK1	1.233108624492018
SFPQ	RNF220	1.2329927817500592
HES5	SLC1A7	1.232772436158664
SMAP2	SZRD1	1.2325254452041037
YBX1	CD52	1.2314758608368235
SFPQ	B3GALT6	1.2314685649555013
YBX1	CCDC28B	1.2309984151362907
HP1BP3	TPRG1L	1.2309614510812967
RLF	PITHD1	1.2306509355316357
FOXD3	LRRC42	1.2301721179299978
YBX1	NBPF1	1.2300176107826257
KDM4A	CNR2	1.2298207345480074
RLF	AC004865.2	1.2293965029847034
HES4	AC093425.1	1.2292182925804707
HES5	GPR153	1.2289621725638427
SFPQ	FCN3	1.2282906013823267
ZCCHC17	ALPL	1.2282665972311275
ZFP69	LINC02596	1.2282322301435467
VAMP3	TNFRSF4	1.2282231336520795
ZBTB40	AL109811.1	1.2279208375917052
ZNF684	CSMD2	1.2276251176977035
ZBTB40	AL139260.1	1.2275330052150597
LUZP1	TMEM54	1.22748633698069
ZBTB40	STPG1	1.2274076161762244
ZCCHC17	EVA1B	1.2270482931799256
SMAP2	NFYC	1.226679578957298
DMAP1	AL627309.5	1.2266785496752977
ASAP3	FAM41C	1.2265064383606152
NFIA	PGM1	1.2262811121383121
POU3F1	C1QC	1.226280568129315
RUNX3	TNFRSF14	1.2261801115457451
JUN	CLSTN1	1.2259759469563845
SMAP2	TNFRSF8	1.2256792675945645
HDAC1	AK2	1.2253802340531423
HP1BP3	CDK11B	1.2251707008104298
JUN	CEP85	1.2251447782954026
JUN	TMEM201	1.2251396180425984
ZCCHC17	CASZ1	1.2251020449848644
YBX1	RCC2	1.225006120092905
NOC2L	SF3A3	1.2246812947979135
RLF	SSU72	1.2241131984544822
YBX1	YTHDF2	1.2240176985976041
ZBTB40	MUL1	1.2239735324172882
RUNX3	TINAGL1	1.2233350157529261
HDAC1	RPS8	1.223197910832468
VAMP3	ZMYM6	1.2231561446940702
DMAP1	AC093424.1	1.2230750384856164
RLF	AL137802.2	1.222845575468701
KDM4A	ISG15	1.2223879155966024
JUN	SLFNL1	1.221915834588819
YBX1	AL512353.1	1.221800168904391
FOXJ3	CMPK1	1.2217023769042723
SFPQ	RAVER2	1.2211312634487883
ENO1	CDC42-AS1	1.2208108279028267
LUZP1	ATAD3A	1.2206230548531931
MAGOH	TTC34	1.2206069874699088
HES5	DMAP1	1.2204691314971188
POU3F1	SH3D21	1.2204114776549082
MAGOH	SLC25A33	1.2202981480557538
HES5	RNF223	1.2201744149190938
CPTP	BX284668.5	1.2201616431855327
ZCCHC17	RNF223	1.2199632873389923
VAMP3	EBNA1BP2	1.219934422057921
AKR1A1	AL590822.3	1.2197364180938468
HEYL	POU3F1	1.2195728709343536
ZCCHC17	ASAP3	1.2192605172930593
JUN	ATG4C	1.2188005094116434
HES4	AURKAIP1	1.2181738643608289
ZNF684	PTP4A2	1.2180175090452203
DMAP1	EPHA10	1.2179777707152348
ZNF684	FABP3	1.2179442304551489
YBX1	LINC02596	1.2178444173170164
LUZP1	ANKRD65	1.217774924439939
NFIA	DMAP1	1.2175758390391822
ENO1	HECTD3	1.2172769257503555
DMAP1	CLIC4	1.2172159650689627
HP1BP3	AURKAIP1	1.2167329322885565
ZFP69B	ICMT	1.2159246364983758
ASAP3	RNF207	1.2156812779442336
LUZP1	PLEKHN1	1.2156582671463063
FOXD3	CDKN2C	1.215510295423656
SSBP3	ZNF362	1.2153732625045186
ZBTB40	ATP5IF1	1.2153019408251988
SSBP3	AGTRAP	1.2149651892318964
FOXJ3	ARMH1	1.2147108530215485
NFIA	NFYC	1.2144299747229717
DMAP1	RNF223	1.21434996139594
DMAP1	HSPB11	1.2141166425423409
LUZP1	ATPAF1	1.213957238770244
HES4	IFNLR1	1.213697867647977
RLF	AL512353.1	1.2136590704663197
RLF	ZMYM6	1.2132939519621868
RUNX3	MACF1	1.2132170942600415
HP1BP3	SLC35E2B	1.2131720347363213
ZFP69B	AL512353.1	1.2131233702341273
NFIA	AC099791.4	1.2129822596131907
SFPQ	FOXD3	1.2128840444128017
ZBTB40	TNFRSF14	1.212880312252809
SFPQ	MIIP	1.212867951589961
MAGOH	PHF13	1.2125785164626157
NFIA	TMEM53	1.2121489784488766
YBX1	AL031727.2	1.2119595110523056
HIVEP3	EMC1-AS1	1.2117767597614248
JUN	RAVER2	1.2116745210972917
SMAP2	MRPS15	1.2115621273149269
ZNF684	AL031005.1	1.2106175417855352
NFYC	TACSTD2	1.2104417114160568
ZCCHC17	RCAN3AS	1.2103150498233541
HP1BP3	FAAP20	1.2097562514620674
ZCCHC17	NCDN	1.2092080982185043
VAMP3	CAP1	1.208855024828638
SMAP2	RPL11	1.2088353195202708
SSBP3	MRPL20-AS1	1.2081607513410328
HP1BP3	TNFRSF25	1.2081582728975933
NFYC	THEMIS2	1.208155765028099
ENO1	AC004865.2	1.2080217280868362
CPTP	SVBP	1.2074419951241626
ENO1	C1QTNF12	1.2073025099151138
JUN	TMEM39B	1.2064962835733193
YBX1	LSM10	1.206332037760099
YBX1	KLHL21	1.2061555951184042
SFPQ	KAZN	1.2059106400837802
ZBTB40	ZYG11B	1.2058945359079603
E2F2	CDCA8	1.2057545670291212
SMAP2	GJA4	1.205613157747252
MAGOH	AL139424.1	1.205025588236013
SSBP3	TNFRSF14	1.2049352627232879
SMAP2	BTBD19	1.2048306804569273
JUN	LDLRAD2	1.2048144426708811
SSBP3	LINC02606	1.204693076213553
NFYC	AL451042.2	1.2041951692665065
SSBP3	LURAP1	1.203842571206837
HP1BP3	ATAD3C	1.2036561905239487
MYCL	THEMIS2	1.203359096654807
LUZP1	TRABD2B	1.2029777225732654
JUN	INPP5B	1.2021501049105912
JUN	YTHDF2	1.2020605220374405
SSBP3	CORT	1.2019467593151398
ZBTB40	RPL22	1.2019466607451137
SFPQ	TNFRSF18	1.2018102688329888
ZNF436	NFIA	1.2018078632059088
JUN	KPNA6	1.2018050423221487
HP1BP3	AL805961.1	1.2016667859857737
HP1BP3	FAAH	1.2014531882516581
SFPQ	AL357140.1	1.201185184922892
SSBP3	SLC35D1	1.201066669382903
ZFP69	SPATA6	1.2009702738898989
MAGOH	TNFRSF1B	1.200259454948604
GMEB1	L1TD1	1.2000911805852388
SMAP2	B3GALT6	1.1993805188072098
ASAP3	TOE1	1.1993772631308173
ZCCHC17	TINAGL1	1.1988637384559664
RLF	FBXO44	1.198343030983427
SFPQ	LINC01635	1.1982871098637873
NFYC	LINC00115	1.1978207629987878
HP1BP3	CAMTA1	1.1976135686758547
AKR1A1	CROCC	1.1976098662679815
SCMH1	COL9A2	1.1973046141274524
JUN	KAZN	1.197174819177678
SMAP2	PLK3	1.1970083258355517
FOXO6	HES5	1.1969150573215273
ZNF691	ELOVL1	1.1965321073036372
ENO1	LINC01137	1.1964837156484653
LUZP1	AUNIP	1.1963345747103569
POU3F1	AL645728.1	1.1961632467257162
HP1BP3	RIMKLA	1.195930962344756
MTF1	USP1	1.1956932027056186
JUN	AK4	1.1956099432406309
SFPQ	FAM229A	1.1952246874391352
RLF	YTHDF2	1.1951964721100459
SFPQ	CTNNBIP1	1.1951333626562186
MAGOH	SDF4	1.194974820989231
SMAP2	ZMYM6	1.194538255291268
NOC2L	ELOA	1.1941505471418263
LUZP1	COL8A2	1.1939609863565699
ZCCHC17	AL359881.2	1.193944859892109
SMAP2	AL353622.1	1.1938748719231422
SFPQ	AKIRIN1	1.1937335202868045
HES5	CLIC4	1.1933918986807914
SMAP2	ZSCAN20	1.1933302050268324
GMEB1	TCEANC2	1.1930202778106027
FOXJ3	DRAXIN	1.1929964787193907
RUNX3	PABPC4	1.1927468834962844
SMAP2	ITGB3BP	1.1925693908439432
HP1BP3	AL031985.3	1.1925490971618942
KDM4A	AGO1	1.1923431368463016
YBX1	AL606760.1	1.192248610389731
ZNF436	AL139289.2	1.1921607210317424
AKR1A1	FBXO2	1.1920809144677103
AKR1A1	CD52	1.1919158197446704
GMEB1	KIF17	1.1917840175075498
ZBTB48	PEX14	1.1917735431086618
ZNF436	RNF19B	1.19174814649258
YBX1	AL137857.1	1.1917015521875416
SSBP3	NBL1	1.191603406885421
SFPQ	CCDC28B	1.1913953841824143
RUNX3	ZMPSTE24	1.1913804646494597
YBX1	AL139220.2	1.1909480953975582
HIVEP3	HSPB7	1.189991233759388
LUZP1	MYCBP	1.1896969144750134
SMAP2	TESK2	1.1891800697386372
YBX1	HECTD3	1.1891096899941835
LUZP1	DDOST	1.1891012136995858
JUN	CPTP	1.1887269764901287
AKR1A1	CITED4	1.1884506797152206
VAMP3	TXLNA	1.188383139714105
AKR1A1	PSMB2	1.1879411401964997
HES5	DNALI1	1.187935825042541
YBX1	FBXO6	1.187254316673664
ZNF436	H6PD	1.1871922387639535
FOXJ3	MIR34AHG	1.1870043353469006
HES5	DLEU2L	1.186845900285084
SMAP2	TRAPPC3	1.1866995698194673
JUN	PLEKHG5	1.1865667163778517
LUZP1	MANEAL	1.186552098698904
HDAC1	YTHDF2	1.1865132705905734
YBX1	ZFP69B	1.1861763171240722
AKR1A1	SCP2	1.1861568098484698
ENO1	MIIP	1.1861454381489969
SFPQ	WDTC1	1.1859000199783898
HP1BP3	NECAP2	1.185715608234193
ZCCHC17	AL139260.1	1.1856714954602356
HES4	LINC01562	1.185561104946008
JUN	AL031283.1	1.1855186661208201
JUN	PPCS	1.1854659553263718
ZNF691	CPTP	1.1853578967268352
SFPQ	TMEM35B	1.1848447656108583
SMAP2	KDM4A	1.1845528690298412
ENO1	THEMIS2	1.1844453843933478
SFPQ	PIK3CD-AS2	1.1842782307083135
YBX1	VAMP3	1.1839343164734075
RUNX3	STMN1	1.1838266086566216
CPTP	AL031283.2	1.1833283647731314
YBX1	ZBTB40	1.1831100665404737
NFIA	BMP8A	1.1827120071413875
KDM4A	ELOVL1	1.1825216974668027
FOXJ3	INPP5B	1.1820456173797351
SCMH1	PATJ	1.1817230945847832
JUN	GALE	1.1816966577369277
AKR1A1	DNAJC8	1.1813986422410272
ZNF362	RCC2	1.181398361719539
FOXJ3	AL606760.2	1.1813836524155141
POU3F1	FOXD2-AS1	1.1810578187251815
HIVEP3	ARMH1	1.180810619009735
RUNX3	AL139246.3	1.1802333228325022
FOXJ3	LSM10	1.1801051706012415
JUN	PTAFR	1.1801026075332577
LUZP1	KHDRBS1	1.1798796063819226
SMAP2	TCTEX1D1	1.1794943974056413
SFPQ	RAB42	1.1791080389990107
ZBTB40	ENO1	1.179028678919411
AKR1A1	TINAGL1	1.1789703793804285
NFYC	ELOA	1.1787762273453268
RLF	GPATCH3	1.1784664896493655
YBX1	LAPTM5	1.1784302876452708
NFYC	MACF1	1.1779545402593108
EXO5	SLC35D1	1.177863927954509
RLF	WDTC1	1.1777280019340657
ZBTB48	MUL1	1.177602997782693
LUZP1	RNF220	1.177548713823965
FOXJ3	CEP85	1.1769867904425673
RLF	ZBTB40	1.176770470252554
LUZP1	PRPF38A	1.1766075051080138
MAGOH	PARK7	1.1765603169939642
VAMP3	EMC1-AS1	1.176464819891395
CPTP	FAM167B	1.1762151498554907
SMAP2	BTF3L4	1.1759763724881216
ZBTB17	KIAA1522	1.1759208915026362
HP1BP3	RBBP4	1.1753934633907164
YBX1	CAP1	1.174257183008059
MAGOH	AL031005.1	1.1742339851577408
NFIA	MARCKSL1	1.174169223849252
LUZP1	EXTL1	1.174160032338402
NFIA	ZSCAN20	1.174120886195807
NFIA	LINC00339	1.1741100924042074
ZBTB40	MUTYH	1.1735549522814959
ASAP3	LINC00115	1.1732188572434967
YBX1	PIK3CD	1.172789822106556
RLF	AL513320.1	1.1724181446238016
RLF	CCDC163	1.1717312173515566
DMAP1	GRIK3	1.1711696378667094
VAMP3	RBBP4	1.1711455025812203
NFIA	AL096840.2	1.170677061553573
YBX1	FNDC5	1.1704502471581686
JUN	AL606760.1	1.1698577071235636
ZNF436	MAD2L2	1.1697457246962875
SMAP2	POU3F1	1.1697037198547933
YBX1	FUCA1	1.1691035963875087
SSBP3	E2F2	1.1687005300622746
SMAP2	AL109627.1	1.1686403957988343
HES4	B4GALT2	1.1686389766551164
LUZP1	FAAP20	1.1685796423154078
FOXJ3	LRRC41	1.1684189890338337
HP1BP3	CLSPN	1.1683184644174016
SMAP2	TUT4	1.1682144044251708
HP1BP3	PHF13	1.167168516486898
MAGOH	LZIC	1.1671422974296544
NFIA	AC254633.1	1.1670387283710406
ZFP69	ARTN	1.1667409253924044
ZCCHC17	CAMTA1-DT	1.1665160957118792
YBX1	ERRFI1	1.1664150473666237
HP1BP3	IQCC	1.1662920551991491
ZBTB17	USP48	1.1661729338014013
ENO1	NDC1	1.1660163862977675
SMAP2	IFI6	1.1659255509292534
ENO1	AHDC1	1.1657874199965161
NFIA	SCNN1D	1.1657856647662694
SFPQ	ZBTB48	1.1654607498407001
AKR1A1	GALE	1.1653942427282815
EXO5	CLSTN1	1.165234259069779
HES5	SLC2A1	1.1649525925806363
SFPQ	UTS2	1.1647606075558912
LUZP1	SMPDL3B	1.1646994977535854
RUNX3	KDM4A-AS1	1.1646361555799096
CPTP	PLA2G5	1.1646314051015345
YBX1	SRRM1	1.164395951791978
AGMAT	MED18	1.1642986725611766
YBX1	AL109811.2	1.164210213964371
YBX1	CAMK2N1	1.164000475855281
TP73	TEKT2	1.1639465825975068
RLF	MED8	1.1639309003374456
ASAP3	RNF220	1.1634103663896127
HP1BP3	AUNIP	1.162737470323999
SMAP2	CYB5RL	1.1624338603708746
SMAP2	FBXO2	1.162038734010044
AKR1A1	LAPTM5	1.1620234769724402
SFPQ	RCC2	1.1619118536882704
ZNF436	MARCKSL1	1.161407199662823
JUN	SYNC	1.1613304733693608
FOXD2	TTC22	1.160987059864174
ZFP69	MKNK1	1.160881746838959
SMAP2	ZNF684	1.1606323459499785
HP1BP3	LINC02606	1.16034806324629
NFIA	LSM10	1.1597005422742757
NFIA	ATAD3C	1.159324237951583
SMAP2	PNRC2	1.159054689672351
ZNF362	AL031005.1	1.1590150972254636
CPTP	CDA	1.158989941754753
HES5	ZFYVE9	1.1589588325187437
KDM4A	CLIC4	1.158374179689054
CPTP	CD52	1.1579590082654136
RLF	TMEM53	1.1577670195079297
ENO1	KIF2C	1.1573868533948615
YBX1	LINC01635	1.1572827834840953
SFPQ	FBXO42	1.1572350683229442
HES5	TMEM39B	1.157194856349177
NFIA	KIF2C	1.156926393339908
SFPQ	PLA2G5	1.156614265892943
NOC2L	TRIM62	1.156578943312942
MAGOH	SMAP2	1.1565344369336312
ZSCAN20	HMGCL	1.1565311331018129
SCMH1	PRKCZ	1.1559873173363497
AKR1A1	KANK4	1.1559340266707687
ZCCHC17	EXOSC10-AS1	1.1559012567628326
ZBTB40	PIK3CD	1.1556692313923655
SFPQ	CLIC4	1.1553832396348753
JUN	YRDC	1.1551892326290603
SMAP2	AL021155.5	1.1551454881511507
AKR1A1	ATP13A2	1.154332329552918
LUZP1	GPR157	1.1542543873609035
POU3F1	CDC42	1.1540328607897066
LUZP1	AL645608.7	1.1534884611451501
JUN	ZMYND12	1.1532869127794945
ZSCAN20	POMGNT1	1.152996069381256
AKR1A1	PDE4B	1.1528017776857509
HIVEP3	FBXO2	1.1527256029526536
ASAP3	AKR7A2	1.1525501253029513
POU3F1	RRAGC	1.152355202375608
TAL1	ZMYM4	1.152067658184775
SMAP2	CDKN2C	1.1519878001285262
RUNX3	SNHG12	1.1511813481956652
KDM4A	ATAD3B	1.1508332268984425
YBX1	WNT4	1.150515085467025
AKR1A1	TMEM69	1.150394181881835
SSBP3	FBXO2	1.1502332461508196
AKR1A1	PUM1	1.1502230619570837
SFPQ	ANKRD65	1.1501291457271534
ZBTB48	ECE1	1.1500241308393562
ZNF362	LSM10	1.1498564443235035
RLF	EPS15	1.1490329872739704
ZNF362	TPRG1L	1.1488873827198616
MAGOH	ZNF436	1.1488512627301175
VAMP3	CCDC30	1.1487249392608327
RUNX3	HSPB11	1.148661103331568
GMEB1	AC099791.2	1.14862713327059
AKR1A1	AL512353.1	1.148602485311189
HES4	AUNIP	1.1484388500456402
SMAP2	NIPAL3	1.1482058595569955
SFPQ	TTC4	1.148122387580818
ZCCHC17	TAL1	1.1475010825089385
ZNF684	FBXO6	1.1474472791070964
SFPQ	HYI	1.1470306228852818
SSBP3	MTHFR	1.1470035579769666
RLF	LDLRAP1	1.1465327634765436
DMAP1	CITED4	1.1463259529706213
KDM4A	ZMYM4	1.1462004182379406
SFPQ	MED8	1.1459917751991393
NOC2L	L1TD1	1.1457917221993965
ENO1	SCNN1D	1.1457250248882873
HP1BP3	KPNA6	1.145007666523341
RLF	MIIP	1.144882541500273
ZBTB17	STPG1	1.1447018738017003
RLF	POMGNT1	1.1446685614185301
YBX1	FGGY	1.1446106210033593
ZNF362	PDZK1IP1	1.1442603036934558
POU3F1	TMEM222	1.1441785377642888
NFIA	THRAP3	1.1439363767834032
HES4	KCNQ4	1.1437381512739886
FOXJ3	NDC1	1.1435645833145767
POU3F1	DHRS3	1.1432511302150958
SFPQ	SMPDL3B	1.1431625149475362
YBX1	LURAP1	1.1428904990126265
YBX1	SRSF4	1.1428553662261522
CPTP	KIF17	1.1426225507606584
YBX1	AL031283.2	1.1425667140215867
VAMP3	STX12	1.1425381463640516
SFPQ	CMPK1	1.1415049282984011
MTF1	RCC2	1.14148736562659
JUN	RCC1	1.141428891054733
JUN	SESN2	1.1408916738385186
FOXJ3	KANK4	1.140751504884331
SMAP2	RCC1	1.1407246979802914
JUN	ALDH4A1	1.1406734141772494
JUN	CDC42-AS1	1.1404434036663922
RLF	SESN2	1.1398900794846323
TAL1	SMPDL3B	1.139597987020817
ZCCHC17	DNALI1	1.1392380631527
PRKAA2	CCNL2	1.1386832030918794
HES4	WDTC1	1.1386499388227433
JUN	TMEM35B	1.1385338001281615
AKR1A1	MRPL20	1.1384693570196203
AGMAT	NFYC-AS1	1.1384254321874296
JUN	TTC22	1.1382652777404003
LUZP1	YTHDF2	1.138134026022712
NFIA	EXTL1	1.138000296346471
SMAP2	CDA	1.137805025996152
SCMH1	THRAP3	1.1366389780732196
MAGOH	MRPL20	1.1366307907722952
ZFP69	NOL9	1.1364750036193298
JUN	ARMH1	1.1364542068733752
VAMP3	UROD	1.1362363987749546
AKR1A1	DVL1	1.136034585775948
RLF	AL109811.1	1.1358556681947078
ZCCHC17	B4GALT2	1.135703580667542
ZNF436	HMGCL	1.1355913556101074
VAMP3	LINC01137	1.1355746600133838
HP1BP3	AHDC1	1.1355586929292596
TAL1	UBR4	1.1355467627284435
SSBP3	PNRC2	1.1353697508542049
DMAP1	ZSCAN20	1.1343167218173413
HDAC1	RPS6KA1	1.1343099961560186
CPTP	PLEKHG5	1.134272001464926
LUZP1	OTUD3	1.1342452418179847
FOXJ3	CTPS1	1.1341913613520493
RUNX3	TMEM35B	1.133974965066823
MAGOH	BX284668.2	1.1339514029496067
ZFP69B	SLFNL1-AS1	1.1338110815417464
JUN	TTC34	1.1337086914641112
HES5	LNCTAM34A	1.133601978199207
SFPQ	AC119800.1	1.1333562672273831
POU3F1	SAMD11	1.133215698957125
SFPQ	PPCS	1.1332032575007946
CPTP	SH3D21	1.132441161205914
SFPQ	CITED4	1.1322190734405222
NFIA	SLC35E2A	1.1320068034884894
TFAP2E	RNF220	1.1320066394512978
DMAP1	C1orf122	1.1318352708264265
NOC2L	AL139260.1	1.131702896663015
ZNF684	THEMIS2	1.1316291796733495
NFYC	ZCCHC17	1.1314814425164836
LUZP1	PABPC4	1.1313398957869518
SSBP3	GPN2	1.1312251798708606
LUZP1	SYF2	1.1305410854338978
RUNX3	AKIRIN1	1.13036025940086
PRKAA2	S100PBP	1.1303091824537532
DMAP1	UTP11	1.1303056287927378
HP1BP3	ARMH1	1.13010783690911
JUN	SGIP1	1.1297019686158756
AKR1A1	ZSWIM5	1.1292792966214105
HP1BP3	ATP6V0B	1.1291595601927105
FOXJ3	DNAJC16	1.1291280511941069
DMAP1	PITHD1	1.1291015496000547
ZCCHC17	JUN	1.1287369782095529
RUNX3	SPEN	1.128552898099114
HEYL	CPLANE2	1.1280942948891
MYCL	HES4	1.127829695286401
YBX1	ARHGEF10L	1.1275641185805456
HP1BP3	GMEB1	1.1273759911329528
ENO1	GPBP1L1	1.1271653678955715
DMAP1	AL391244.2	1.1269573007995424
ZCCHC17	AL358075.2	1.1269297415827104
FOXD2	UBXN10-AS1	1.1268962987801594
NFIA	ZNF684	1.1264606697929418
NOC2L	UBXN10-AS1	1.1264511739411949
MORN1	UBE4B	1.1264424696510966
RLF	FOXJ3	1.1260483108523671
RUNX3	RCAN3AS	1.1259153422522061
TP73	ZSWIM5	1.1257425370099847
AKR1A1	AZIN2	1.1254653633728529
ASAP3	LYPLA2	1.1254075190086499
YBX1	MAP7D1	1.125335376363337
JUN	CEP104	1.1252937846591902
SCMH1	CSMD2	1.1252301492158345
ASAP3	TRABD2B	1.1249881646197621
SFPQ	PIK3CD	1.1248758197485869
AKR1A1	PPCS	1.1246569150581462
LUZP1	KANK4	1.1246356513740225
RUNX3	AL627309.1	1.123758505275536
ENO1	PLEKHM2	1.1236508425336265
JUN	ECE1	1.1234732932624523
LUZP1	PLOD1	1.1231886440306666
ENO1	NUDC	1.1231001984001703
HP1BP3	PUSL1	1.1229922104465375
ENO1	AC254633.1	1.1228534068512084
SMAP2	AL357078.2	1.122726506286615
POU3F1	HSPB7	1.1227243468150594
FOXO6	FOXJ3	1.1218035222523237
ENO1	RERE-AS1	1.12166256136849
ZBTB48	AL137127.1	1.1216536382952118
AKR1A1	TNFRSF8	1.1212037113988038
HIVEP3	FBXO42	1.1211569860637467
SFPQ	USP48	1.1209797381045377
ZCCHC17	PTP4A2	1.1207958281406372
MAGOH	MIR34AHG	1.1206635549611397
ZBTB17	MRPS15	1.1206186398685434
TAL1	LRRC47	1.1202523298203872
YBX1	AL513218.2	1.1201756626094863
FOXJ3	CDC20	1.1198486769692753
SMAP2	NOL9	1.1196647048459694
JUN	SERINC2	1.1195045102237502
NFIA	AL450043.1	1.1193065130415176
RLF	RPL11	1.118732623524691
ZBTB17	MEAF6	1.1182773701114688
NFIA	DRAXIN	1.1182557949541074
LUZP1	PAFAH2	1.1179749550460578
JUN	FAAP20	1.1177929839244405
SMAP2	AKR7A2	1.1175464827868862
MTF1	MUL1	1.1174069455525728
HDAC1	AC114488.1	1.1172292924926874
VAMP3	CPLANE2	1.1172074835291657
RUNX3	NMNAT1	1.1171106636092023
SFPQ	TTC22	1.1162474828718445
RLF	PDIK1L	1.1157307031533208
GMEB1	SLC2A1	1.1156011128497776
LUZP1	HYI	1.115223347976088
HP1BP3	AL034417.4	1.1151638342972348
MAGOH	CCDC28B	1.1148414243479576
NFYC	TEKT2	1.1145604335838177
JUN	CAPZB	1.114385145625627
MAGOH	COA7	1.1141528779840557
ZBTB40	JAK1	1.113805844442493
AKR1A1	USP48	1.113280703877665
ZBTB17	EPS15	1.1128530385559463
PRKAA2	MAP7D1	1.1128325441914162
ZSCAN20	AC119674.1	1.1127744668358392
FOXD2	ELOA	1.1127584114923563
AKR1A1	SRM	1.11266725605504
LUZP1	MMACHC	1.1124812599801757
VAMP3	TNFRSF9	1.1118140373065604
HIVEP3	ZC3H12A	1.1117369848467082
RUNX3	CTPS1	1.1116404721400717
ZNF436	SYNC	1.1115746128831931
ZNF684	HMGCL	1.1108389678408492
ZNF436	KIAA1522	1.110634469050252
YBX1	PPP1R8	1.1104883552687275
ASAP3	TMEM39B	1.1104300361262944
ZNF684	AL050343.3	1.1102783447789735
ZBTB48	ZBTB8A	1.1101439471398693
LUZP1	AHDC1	1.1100281259449394
NFYC	FAM41C	1.1096515261768638
LUZP1	ELOVL1	1.1095994685836827
SFPQ	AL136985.3	1.1090155091800642
AKR1A1	RHCE	1.1086713557442196
VAMP3	LDLRAD2	1.1083379491251548
ZFP69	TNFRSF14	1.1083306390932055
ZNF684	WDTC1	1.1082170459399558
AKR1A1	NCDN	1.1080871797568697
AKR1A1	NUDC	1.107216901664295
YBX1	TRNAU1AP	1.1070379886007418
HIVEP3	DNALI1	1.1069997525228692
SMAP2	RPS8	1.106787195165183
SSBP3	H6PD	1.1067185397609223
FOXJ3	PIGV	1.1064829713874598
JUN	MTOR	1.1064194821982718
SFPQ	THRAP3	1.1062262143177428
RUNX3	MED18	1.1060431786281884
JUN	CENPS	1.1050966072424797
JUN	AZIN2	1.1049896095716032
MTF1	LINC01778	1.1049659986213851
TAL1	MYCL	1.104823202687027
KDM4A	RCC2	1.1045409143840714
RUNX3	KDF1	1.1045141415772501
ZCCHC17	LINC01226	1.1041575922512359
MAGOH	AL450998.2	1.1041318982035073
HES4	AKR7A2	1.104040941171648
CPTP	PHF13	1.1039931045255122
ZBTB48	ADPRHL2	1.1038951438613438
MTF1	RPS6KA1	1.1038567787861746
AKR1A1	AL627309.5	1.1037480336479948
SFPQ	CZIB	1.1036593616380304
HP1BP3	DPH2	1.1035780572126932
HDAC1	ZMYM1	1.1033919617051775
SMAP2	FUCA1	1.102651487178303
RLF	CDA	1.1022650418865263
SFPQ	AL450043.1	1.102094861868902
SMAP2	EPS15	1.1020805662808237
NFIA	AL445248.1	1.1019846110352023
ZNF691	NOC2L	1.1016274589017947
ZNF362	HEYL	1.101425078852455
RLF	OSCP1	1.10129239289865
RLF	SRRM1	1.101181707436373
SFPQ	TAL1	1.100923385722861
SFPQ	TRIT1	1.0999212966373182
ENO1	PUSL1	1.099867030513758
FOXJ3	KHDRBS1	1.0997597526943208
ENO1	SRRM1	1.0994777667786322
DMAP1	B3GALT6	1.0990328602736565
LUZP1	TINAGL1	1.098873077674048
ZNF362	LINC01358	1.098762745233102
TAL1	EPHA10	1.098496171155365
HP1BP3	SRARP	1.0984616154013054
ENO1	NSUN4	1.098157578609728
ENO1	FAM131C	1.097846243992099
CPTP	NADK	1.0977745045346938
JUN	S100PBP	1.0975686785948267
PRKAA2	UROD	1.0973821668056771
JUN	NPHP4	1.097364829517346
SFPQ	NCDN	1.097201826683489
HDAC1	DVL1	1.0969658306033032
RUNX3	FOXD2-AS1	1.0965892578944263
CPTP	FCN3	1.096023756628446
SMAP2	AL049795.2	1.0960176760512925
AKR1A1	HTR6	1.095752962380241
MAGOH	SESN2	1.0954943376376824
SMAP2	FAAP20	1.0954172026323756
HDAC1	CEP104	1.095413959860548
PRKAA2	TRNP1	1.0953508603416569
HES4	WDR78	1.095171971019195
SFPQ	PANK4	1.095059596300931
SFPQ	IFI6	1.0949735308859474
HP1BP3	UTS2	1.094967664878449
NFYC	IPO13	1.0949207251561
NOC2L	CDA	1.0948271952350848
ZCCHC17	RERE	1.0946995465839005
ZBTB48	ZFYVE9	1.094429223341162
ZFP69B	PRPF38A	1.0943854939130921
ZCCHC17	SDF4	1.094377208498937
VAMP3	BEND5	1.0943025114333425
JUN	TNFRSF14	1.0941108877081451
AKR1A1	SLC6A9	1.0936236088947093
NFYC	SVBP	1.093607601313577
SMAP2	KIAA0319L	1.093334959713184
HES4	DNAJC16	1.0931787873799275
AKR1A1	OMA1	1.0930525067316583
MAGOH	VWA1	1.093048807191522
HDAC1	LRRC41	1.0929838312090334
JUN	RNF19B	1.0929072824009072
AKR1A1	MIER1	1.0926892546172522
FOXD2	MYCBP	1.0918899270244242
RUNX3	LRRC41	1.0916019257805427
ZCCHC17	PEX10	1.0914259683308094
ASAP3	AKR1A1	1.091102704935328
AKR1A1	MAP3K6	1.0910549197882193
NFYC	ENO1-AS1	1.090905079406661
NFIA	PRDM16	1.0907468050272118
YBX1	TTLL10-AS1	1.0903377209731013
CPTP	ATP13A2	1.0902471565884155
HES4	MAST2	1.0901384761776993
SMAP2	STX12	1.0897703566347572
NOC2L	SPSB1	1.089755767608465
HP1BP3	RAVER2	1.0897313134380946
HDAC1	CROCC	1.0897153978068284
FOXD2	PPT1	1.0894974567163156
ENO1	ATAD3A	1.0892302631567705
HP1BP3	AL139424.2	1.089061308903465
CPTP	MIIP	1.0888600731276827
SMAP2	AL020996.1	1.0888017405581505
SFPQ	AGMAT	1.0886612796413186
HIVEP3	C1QC	1.088601398077374
HP1BP3	ELOA	1.088397281885508
MAGOH	CTPS1	1.0883498941105834
HES4	AL604028.1	1.0878194744156537
ENO1	CEP104	1.087593393862966
HP1BP3	PHACTR4	1.0875037253048958
SFPQ	NIPAL3	1.0874315718507161
CPTP	RAB3B	1.086920895524392
JUN	ERI3	1.0868171875536048
HES5	TRNAU1AP	1.086699660406977
SFPQ	LINC00339	1.086366687566416
NFIA	PITHD1	1.0858959679138667
SSBP3	ERRFI1	1.0857433415464721
SMAP2	ARHGEF16	1.0857244208476775
VAMP3	ZBTB17	1.085532587200823
JUN	L1TD1	1.0854463501031444
TAL1	TMEM222	1.0851567843889103
SFPQ	PRKCZ	1.0850666716165867
ZNF362	STK40	1.085065007946837
MTF1	CAMTA1-DT	1.0847658079447517
HP1BP3	SCMH1	1.0847523216758974
SMAP2	CAMTA1-DT	1.0846884738651843
SFPQ	FOXJ3	1.0845736232708267
NFYC	ERMAP	1.0844075157105293
NFYC	PRKAA2	1.0843862604510814
ZNF691	FGR	1.083963344585192
MAGOH	RHBDL2	1.083842319979321
ZFP69	AL139246.5	1.083477556558008
ZNF436	COL16A1	1.0833843768524436
DMAP1	BX284668.6	1.083141115883646
SMAP2	SKI	1.0829293311480528
ZNF436	CZIB	1.0823484927501978
HES5	TMEM35B	1.0813588870094053
AKR1A1	WDR78	1.0813005525721489
JUN	MICOS10	1.0812872058383893
HES4	MMACHC	1.0812665679180873
VAMP3	HSPB11	1.081000394385011
HIVEP3	RAB42	1.0809687713362446
ENO1	PLPP3	1.080893276899869
ENO1	PPIH	1.0806790784363074
ZNF436	TESK2	1.0800887365377694
HES4	GABRD	1.0800666008013473
RLF	TNFRSF4	1.0800117719713587
JUN	CLDN19	1.079915318386569
YBX1	DHDDS	1.0793521491668085
LUZP1	MUL1	1.0792959709452847
VAMP3	AJAP1	1.0791845680431027
MAGOH	KLHL21	1.0791479809086746
RUNX3	SYTL1	1.0789817617624997
FOXD2	SLC35D1	1.0789703942048792
SSBP3	AURKAIP1	1.0788776270709166
ZFP69	ZCCHC17	1.0786381331660213
CPTP	CAPZB	1.078438044674566
MORN1	AL136985.3	1.0783518481122512
HES5	PAFAH2	1.077860963085501
ZNF684	AL137127.1	1.077782839210454
AGMAT	IFFO2	1.0776579353556406
POU3F1	CORT	1.0773134641985604
AKR1A1	AK2	1.0771217525801242
MAGOH	TARDBP	1.0768946682492275
ZSCAN20	THAP3	1.076823047022055
ENO1	ESPN	1.0767402994253301
SMAP2	SLC35E2A	1.0767247772771873
FOXJ3	FGGY	1.0766695125713814
ZCCHC17	PRDM2	1.076159926461947
MAGOH	PRXL2B	1.0760546992072355
SFPQ	DMAP1	1.0758920615350906
HES4	PLK3	1.0756919502111872
FOXO6	POMGNT1	1.0756786497520459
HES4	SYF2	1.0754956688158681
NOC2L	AL049795.2	1.075323561054422
ENO1	SH3BGRL3	1.0751533392127197
MAGOH	HP1BP3	1.075073478945112
ZFP69B	ZBTB17	1.0748043451365468
HES4	MORN1	1.0746560120723951
NFYC	C1orf167	1.0744042004372656
ZNF362	PRKCZ	1.074403544538435
HES4	B3GALT6	1.0740199589157133
AGMAT	MATN1-AS1	1.0739978092030031
POU3F1	PLOD1	1.0738115058244462
HP1BP3	AL031280.1	1.0736778350991283
RLF	AL357079.1	1.0736083229236408
RLF	SYF2	1.073554329289556
SFPQ	PLEKHN1	1.0734890774133021
SMAP2	LINC02596	1.073053531253596
YBX1	PRXL2B	1.0730449108338342
HEYL	ZNF436-AS1	1.0730011729258289
ZBTB48	BSDC1	1.0729153479513376
ZNF691	TMEM54	1.0726880930993383
SSBP3	TSPAN1	1.0723220363718236
ZNF362	TMEM200B	1.0722914614748436
JUN	PHC2	1.0721775150208563
ZNF691	ACAP3	1.0719333560603035
GMEB1	FBXO2	1.071775897701965
HP1BP3	GPR157	1.0717607475184954
ZBTB40	RIMKLA	1.0716751315219726
JUN	MTF1	1.071482019787889
YBX1	PLEKHN1	1.0713844995174078
SSBP3	CTPS1	1.0711642638621754
SFPQ	SLC6A9	1.0711583891200116
HP1BP3	CCDC28B	1.0711559974778304
YBX1	RRAGC	1.0711426564876696
ZBTB48	LINC02812	1.0711367339246145
AKR1A1	AGTRAP	1.0710680677789142
ZNF436	ACAP3	1.0708924304998213
HES4	SCNN1D	1.0707884930802234
NFIA	TMEM222	1.0707660758178659
RUNX3	THEMIS2	1.070750937497468
LUZP1	PTAFR	1.070656759820036
SMAP2	KHDRBS1	1.0706066534598033
CPTP	MAD2L2	1.070551757332301
HP1BP3	AL353622.1	1.0704219438952725
SFPQ	ZBTB8OS	1.0703968893491345
NFIA	GPBP1L1	1.0702198673872185
PRDM16	SLC25A34	1.0700304532723812
MTF1	TNFRSF25	1.0697997875174896
MAGOH	NFIA	1.0697430077066115
SMAP2	ARHGEF10L	1.0695396363727334
ENO1	CAMTA1	1.0695195452653954
SMAP2	PTCH2	1.0694796825804773
YBX1	RER1	1.0694105038161423
VAMP3	UTP11	1.0693668835087884
SFPQ	CASP9	1.0692818516947895
HES5	TEKT2	1.0688298888473196
SFPQ	TFAP2E	1.0687939555074986
SMAP2	SSU72	1.0687783618877877
AKR1A1	MED18	1.0684535624745326
HDAC1	CDA	1.06829364577901
HES5	AL034417.2	1.0681633434200684
MAGOH	ERI3	1.0673980770062121
VAMP3	MED8	1.0673890015034266
VAMP3	AL139423.1	1.0672921773484658
ENO1	ORC1	1.0672751130506577
LUZP1	KPNA6	1.0671882204025869
SSBP3	ICMT	1.067109498219818
YBX1	TMCO4	1.0670431269715752
VAMP3	MOB3C	1.0670162512972439
SSBP3	MYSM1	1.0668918059669485
NFIA	LINC01355	1.0663955839441364
HIVEP3	KANK4	1.0660230070529266
CPTP	CSMD2	1.0659453595958996
VAMP3	MICOS10	1.0657228391102094
YBX1	FBXO42	1.0656790031418766
SFPQ	ZNF593	1.0656382299636398
SMAP2	PEX10	1.0656251562096153
FOXD3	TMEM51	1.0652491197433687
DMAP1	DNAJC6	1.0652489782954269
AKR1A1	LINC02812	1.0652187241266482
JUN	LINC02596	1.0646761806056768
JUN	MIIP	1.0639692253141217
SMAP2	OMA1	1.0637556307739702
ENO1	DNAJC11	1.0637404647361093
NFIA	CDCA8	1.063381427513902
VAMP3	SMIM12	1.06335052154183
YBX1	MDS2	1.0633282425001693
SFPQ	ARTN	1.0630736604540052
NFIA	ERMAP	1.0627712140906451
FOXJ3	NDUFS5	1.062708026081313
SMAP2	MTHFR	1.06269278201905
CPTP	PGM1	1.0625840078353428
NOC2L	PPP1R8	1.0625058087739148
PRDM16	TMEM51	1.0623335878979203
SMAP2	WRAP73	1.0622922263764363
DMAP1	YRDC	1.0620889942906093
NOC2L	FBXO2	1.0614624001428496
HDAC1	ACOT7	1.061408847576225
ZNF436	RNF223	1.0611506747951631
SFPQ	UTP11	1.060980871890731
SMAP2	MEAF6	1.0606375945629325
NFYC	MAST2	1.060268553924118
SFPQ	CNR2	1.0601975358313422
LUZP1	SFN	1.0601534278637144
NFYC	RAB42	1.0600976263967627
SCMH1	FHAD1	1.060073537501924
ZBTB17	AL139246.5	1.0591680638410947
HDAC1	NDUFS5	1.0587821102037254
VAMP3	DAB1	1.0586895751196248
ZNF436	AL031005.1	1.0583841722882925
YBX1	UBR4	1.0581626902478114
YBX1	OSBPL9	1.0573863093722313
MAGOH	SLC35D1	1.0573002918369876
DMAP1	LINC01778	1.0567377405027325
HDAC1	NFYC	1.0565983740063896
AKR1A1	RNF19B	1.0564714110102795
JUN	TMEM53	1.0564402969032856
ENO1	THRAP3	1.0564353069778576
RLF	WASF2	1.0564037702797995
RUNX3	COA7	1.0561955992619372
VAMP3	INPP5B	1.056018410832877
LUZP1	LRRC47	1.0559580837143283
NFIA	TMEM50A	1.0559061203755533
HIVEP3	MRPL20	1.0557264190511553
HDAC1	AGO3	1.0555216345434548
KDM4A	PGM1	1.0555054635071635
YBX1	LRRC41	1.0554089885329074
ZSCAN20	DISP3	1.0553758791868102
HP1BP3	TTC4	1.0551723222677396
HP1BP3	AL109811.2	1.0548668456864416
HES5	FBXO6	1.0538908790887629
SFPQ	LAPTM5	1.053814312962127
ZBTB48	NRDC	1.053572676161965
AKR1A1	RCAN3AS	1.053164896370247
SMAP2	YARS	1.0529655278278032
RUNX3	ZNF593	1.0528595609611942
ZFP69	CCDC28B	1.0527857170353352
RLF	PRKCZ	1.0526490226012382
NFIA	C1orf122	1.0524443916451374
JUN	EFCAB14	1.0523122831416185
TAL1	EPHA2	1.0522253051352668
ENO1	TTC4	1.0519200339185173
PRKAA2	RIMS3	1.0517940140960564
ZNF362	FBLIM1	1.0516815285117262
NFIA	GJA4	1.0515774642731646
MAGOH	AC119800.1	1.051176151484713
MORN1	C1QTNF12	1.051119391236629
NOC2L	PTPRU	1.050963025436007
DMRTA2	PDIK1L	1.0506167333756302
ZBTB40	SNIP1	1.0497701697910231
NFIA	TRNP1	1.0497121499486486
JUN	AL139246.3	1.0493015211440335
HES4	FHL3	1.049284484401273
HES5	WDR78	1.049143718569821
NFYC	AL590822.3	1.0484184830257182
DMAP1	HMGCL	1.04838524599456
SFPQ	AK2	1.0483158521059863
RUNX3	CAP1	1.0482709799864043
MAGOH	THAP3	1.0480501662195227
ZBTB40	RPA2	1.0479233256700173
VAMP3	SVBP	1.0476070216071942
DMAP1	AL050343.2	1.0475233688670924
ENO1	UBE4B	1.047209107390005
CPTP	SNHG12	1.047069204948672
HDAC1	AC093424.1	1.0470067808653676
ZBTB17	GPR3	1.0469891677114058
PRDM16	AL139246.5	1.0469269723776191
VAMP3	ARHGEF10L	1.0467471091532339
SMAP2	INTS11	1.0466835468064712
HES4	TTC4	1.0465548927502772
GMEB1	HOOK1	1.0463601833862624
SCMH1	ATP6V0B	1.046236060942393
MORN1	HES5	1.0461254620892146
ENO1	TXNDC12	1.0460227049741773
YBX1	EFCAB7	1.045873381934986
NFYC	PHF13	1.0458304268846395
YBX1	ATP6V0B	1.0457320858554535
AKR1A1	TIE1	1.045699016779238
JUN	AL139423.1	1.045687811434623
SSBP3	MUTYH	1.045653367809321
NFIA	CALML6	1.0453364333882595
RUNX3	TAL1	1.0451819477979907
HP1BP3	LDLRAD2	1.0451429932274667
SFPQ	TMEM39B	1.0451181038746455
DMAP1	SVBP	1.04498228447092
LUZP1	VWA1	1.0446434742166888
SMAP2	LURAP1	1.0442943913293148
ZNF362	ARHGEF16	1.0439731630977889
EXO5	ROR1	1.0438073101218737
HDAC1	EPHA2	1.0437328710641351
SFPQ	TNFRSF1B	1.0436282478300047
YBX1	AL109811.1	1.0435110771214606
ENO1	GNL2	1.0433111614517578
HP1BP3	YARS	1.0432995994268934
FOXJ3	ATAD3B	1.0432313481357607
E2F2	MAD2L2	1.043138758175948
RUNX3	MRPL20	1.0429734745807273
ENO1	TRAPPC3	1.042786925852247
HP1BP3	TRIT1	1.04268494090975
ENO1	ELOA-AS1	1.0423745365369779
ASAP3	UTS2	1.0423352700461561
JUN	KDM4A	1.0419488050561385
MTF1	UROD	1.0418133900065998
JUN	RRAGC	1.0415547999363999
VAMP3	GPBP1L1	1.0414646690512475
RUNX3	TXLNA	1.0412067179920195
NFIA	EFCAB14	1.0404292454163473
YBX1	SZRD1	1.0400709869402145
GMEB1	CDK11A	1.039813930410356
TFAP2E	EMC1	1.0397579516465971
SFPQ	GJA9	1.0397557246382005
LUZP1	RAVER2	1.0396397698428161
POU3F1	TMEM269	1.0395929122627985
ZFP69	TMCO4	1.0388954320923105
ZNF684	SFN	1.0387616773174397
JUN	TCEA3	1.0385977973088723
ZNF436	DAB1	1.038248905574576
JUN	TNFRSF9	1.038117318197424
ENO1	EMC1	1.0380681761772395
HDAC1	AL353622.1	1.0379342378630998
TAL1	MORN1	1.0379039452959304
HEYL	TMEM200B	1.0375882981597817
JUN	SCP2	1.0375473377328193
ZBTB17	TNFRSF4	1.0375262088961645
HDAC1	PITHD1	1.0374180206917127
FOXO6	ZBTB8OS	1.0373184542772473
NFIA	WDR78	1.0372938215556133
VAMP3	HMGCL	1.0372684342373544
RLF	RNF207	1.0368353266995833
FOXD3	AL020997.5	1.036634253218597
RUNX3	C1orf122	1.0365917666932236
AKR1A1	FAM41C	1.036243950281837
HEYL	NCDN	1.0361914042841749
ZBTB40	DVL1	1.036159142960294
VAMP3	MRTO4	1.0361503726138832
ZCCHC17	TMEM222	1.0361136319442936
SFPQ	EBNA1BP2	1.03601413215035
DMAP1	PRDM16	1.0354948907856734
JUN	TTLL10-AS1	1.0354190825939378
DMRTA2	PEX14	1.035153380468474
HDAC1	ZBTB8A	1.0349270976247695
ZBTB40	ARID1A	1.0340033652878806
ZCCHC17	CAMTA1	1.033903542423416
SSBP3	AZIN2	1.0336736483108797
ZNF691	RER1	1.0334528853014582
HEYL	ADPRHL2	1.032474718138189
VAMP3	LINC02812	1.0324352054683268
SSBP3	SCP2	1.032359634643076
KDM4A	AKIRIN1	1.0315667907187287
MAGOH	YBX1	1.0313471737526216
ZBTB17	MUL1	1.0313101993993263
YBX1	SLC66A1	1.0312447587939766
LUZP1	FAM76A	1.0310474649341779
HP1BP3	PITHD1	1.0308692529124284
HES4	HMGCL	1.0308145570060934
YBX1	PDIK1L	1.0307344411546828
SMAP2	TMEM53	1.03052843105912
NOC2L	LINC01770	1.0304494669098931
ZNF362	AKR7A2	1.0303024652020547
AKR1A1	UBIAD1	1.0302947262039877
AKR1A1	MRPS15	1.0300749001467417
GMEB1	MKNK1	1.0299009224847828
LUZP1	BX284668.5	1.0297763225632655
MYCL	LRRC41	1.0294648964856254
SSBP3	LSM10	1.0293940444790226
RUNX3	CDK11B	1.0293835102192612
ENO1	LEPROT	1.0291720412685645
YBX1	ERI3	1.0291650498919593
RLF	AL645728.1	1.0290814056555304
VAMP3	GALE	1.0284729599597016
ZNF362	AL356055.1	1.028454340237794
TAL1	WDTC1	1.028294671716085
NFIA	MKNK1	1.0282130369314988
SMAP2	FOXO6	1.0281074496992038
VAMP3	CAMTA1-IT1	1.027986098050346
RUNX3	PTAFR	1.0279308420032598
ENO1	SPEN	1.0278941799438361
HES5	USP24	1.0277482658855224
YBX1	GMEB1	1.0277466907666373
HEYL	TCEANC2	1.0276421458522933
YBX1	TXLNA	1.0276132426929745
ZBTB48	AL021155.5	1.0275206975438433
NFYC	SYF2	1.0275206548706988
ZCCHC17	PPT1	1.027442517490436
HDAC1	ZMPSTE24	1.0274215681517573
VAMP3	YTHDF2	1.0270661452420398
AGMAT	HIVEP3	1.0270071064831972
TAL1	DVL1	1.0268868404550007
GMEB1	UBXN10	1.0268168616004059
YBX1	AL590438.1	1.0267047801864593
SSBP3	CPLANE2	1.0266924909307018
JUN	COL8A2	1.0264350802956892
JUN	SELENON	1.026207380579497
HP1BP3	ARID1A	1.0258533498453875
ZBTB17	SLC35E2A	1.0256612293484044
NFIA	DNAJC16	1.0255010945492902
HP1BP3	EMC1	1.025493534065536
ENO1	PIK3CD	1.025063252053864
MTF1	CELA2B	1.0249215526794664
CPTP	WASF2	1.0248927256654607
ZNF436	PIK3R3	1.0247861893911665
AKR1A1	PPT1	1.0247454952718889
LUZP1	TMEM200B	1.0246596905070358
MAGOH	BX284668.5	1.0245685447919013
MORN1	ATG4C	1.0244571336378225
CPTP	PITHD1	1.0243688938243058
HP1BP3	FAM41C	1.0242969193976608
ZNF436	FBLIM1	1.0240186656956147
ZBTB17	ORC1	1.0239758355552722
ZCCHC17	SFPQ	1.0239647304608124
HES5	HSPB7	1.0238480775328647
FOXJ3	C1orf216	1.023795175078318
YBX1	AL450998.2	1.0236921463032664
VAMP3	RRAGC	1.0235663442362548
MAGOH	MATN1-AS1	1.0235457754534365
RLF	PNRC2	1.0235163861879
HP1BP3	NFIA	1.0230988799285614
NFIA	AL139424.3	1.0228531851725984
ZNF436	AKR1A1	1.022715919393024
ZNF436	SELENON	1.0222312554933601
KDM4A	TUT4	1.0221141648797543
ZNF436	NBL1	1.0220427027664694
LUZP1	DAB1	1.0219402998448734
SFPQ	C1orf109	1.0219069638795772
ZNF691	KIF17	1.0216485747254318
MAGOH	ERMAP	1.0216403708484751
PRDM16	KAZN	1.0215762823367438
ZNF691	TACSTD2	1.0213404435337794
GMEB1	CROCC	1.0213402541447347
AKR1A1	LEPROT	1.0211086991806948
ZFP69	SSBP3	1.020929320046518
SFPQ	ACOT7	1.020914612088827
NFIA	PPIE	1.0207275441349286
HP1BP3	MACF1	1.0206052817480555
DMAP1	XKR8	1.0205216141644384
SFPQ	AL606760.3	1.0204776504816369
PRKAA2	AL031005.1	1.020325703718608
HP1BP3	HSPB7	1.0201527226243305
SFPQ	PLEKHG5	1.020037012541365
CPTP	PABPC4	1.019901012211068
VAMP3	RIMKLA	1.0198387933516233
CPTP	ASAP3	1.019735522672403
DMAP1	TTLL10-AS1	1.0197325038278524
RUNX3	ZMYM6	1.0196864499276517
ZNF436	PAFAH2	1.0195133171205009
NFYC	COL8A2	1.019202029294645
NFYC	KIAA0319L	1.019171089925996
ZNF362	HOOK1	1.01895161904819
ASAP3	LINC01128	1.0189456574335392
SFPQ	MED18	1.0187059134972325
RLF	MECR	1.0184778071794034
ZNF684	ZBTB8A	1.0183600158812958
SFPQ	AL031432.4	1.01835948964169
SMAP2	MIIP	1.0181387108427455
LUZP1	GPATCH3	1.0177449609116105
LUZP1	AL139289.2	1.017704810862473
HP1BP3	RSRP1	1.0174108648626559
HES4	ALPL	1.0173069528248297
JUN	ITGB3BP	1.0167575619211013
AKR1A1	CLSPN	1.0164739713723088
JUN	ASAP3	1.0164224344063397
MAGOH	AL034417.2	1.0162121038170728
E2F2	GRIK3	1.0161304567836367
ZCCHC17	MICOS10	1.0155319510855327
YBX1	PLEKHG5	1.0152862883429983
FOXO6	GALE	1.0148879480256219
ZNF691	AK4	1.0147882281356762
FOXO6	MFN2	1.0144559650210945
HDAC1	NRDC	1.0141921955032758
POU3F1	DDOST	1.014100890158447
VAMP3	MKNK1	1.0140415034634158
ASAP3	TNFRSF8	1.0140373619262382
RUNX3	C1orf109	1.0139632131857088
RUNX3	MIB2	1.0138938246562064
NFIA	ZBTB8OS	1.013736171048687
SMAP2	EBNA1BP2	1.0133591864284577
CPTP	MMACHC	1.0131810668692371
VAMP3	CZIB	1.0130503313443386
ZCCHC17	NFIA	1.0128454232778354
SSBP3	MEGF6	1.0126615583375589
AGMAT	ZBTB8OS	1.0120946874011005
ZBTB17	SFN	1.0115946479701752
RUNX3	AL606760.3	1.0115795810493957
FOXD3	MYCBP	1.011503129305627
RUNX3	MFSD2A	1.011485972248667
AKR1A1	CNKSR1	1.0113410230045317
ZCCHC17	HCRTR1	1.0112656958508799
RUNX3	PPIH	1.0112475758847141
ZBTB40	ECE1	1.010987518585708
YBX1	CTPS1	1.0105866812523936
JUN	COA7	1.0105476000066778
MAGOH	RNF223	1.0102421875523462
RLF	CTRC	1.009886040382966
ZSCAN20	GPATCH3	1.0095999028098623
VAMP3	L1TD1	1.0095634508216702
NFYC	C1QC	1.0094498342205225
ZNF362	SLC66A1	1.0092749973554282
TAL1	AC093425.1	1.0092186045562375
GMEB1	KANK4	1.0092018497202535
JUN	TESK2	1.009047281058801
YBX1	C1orf216	1.009023867169484
FOXD2	SCNN1D	1.0090049487110568
RLF	FBXO6	1.0085815635489581
ZSCAN20	TMEM69	1.0085317138901342
CPTP	STIL	1.008326151506013
SMAP2	ST3GAL3	1.0082327986334776
ZNF362	EFCAB14	1.0080808193280493
CPTP	AJAP1	1.0079057402208502
ZBTB17	AC254633.1	1.0077720440596956
MAGOH	CASP9	1.0077013472822025
CPTP	TARDBP	1.0075038162371694
RLF	AL033528.2	1.0073271150279757
MAGOH	C1QTNF12	1.0073068373599776
TAL1	VAMP3	1.007280782796012
TAL1	VPS13D	1.0072736901623431
HES4	CCDC163	1.0063540528953938
VAMP3	TMEM201	1.0062971191392613
ZNF691	TMEM240	1.0061630501533854
ENO1	TMEM53	1.0060512337816663
SFPQ	NOC2L	1.0059676915895497
JUN	LRRC42	1.0057028551788492
POU3F1	EFCAB7	1.00527570833117
NFYC	SPSB1	1.0052235003573888
YBX1	FAM131C	1.005030542065873
GMEB1	PLEKHG5	1.00500048911021
SMAP2	TXNDC12	1.0048540836597737
SFPQ	MIB2	1.0044074914250116
ZNF436	TMEM50A	1.004320185674298
DMAP1	CACHD1	1.0040645460673085
PRDM16	SPATA6	1.0040626165954087
SFPQ	SRSF4	1.00388434209433
ZBTB48	AL121992.1	1.0037598642552088
MAGOH	ENO1	1.0037370883818242
VAMP3	AK4	1.0035728385127454
ENO1	CDK11A	1.0035149198627624
SFPQ	CPLANE2	1.0034056186326652
VAMP3	MEAF6	1.003403888125725
RUNX3	ZBTB17	1.0031756290706364
SMAP2	AL139246.3	1.0031478316058284
JUN	CROCC	1.0028842365209523
DMAP1	CPTP	1.0028841940179454
YBX1	FBLIM1	1.0028280846493336
SFPQ	MRPL20	1.0026444050687524
AKR1A1	VAMP3	1.0023892691300782
VAMP3	LZIC	1.0022815229277537
SSBP3	AL031432.4	1.0021659585372866
MORN1	AGRN	1.0017065312502946
HP1BP3	ZDHHC18	1.0015562373159883
MAGOH	LEPROT	1.0014798602656698
YBX1	GPBP1L1	1.001325282351851
RUNX3	AK2	1.0012827684192078
ZBTB17	MAP3K6	1.001281687331641
NFIA	CNR2	1.0012445032568378
SMAP2	AL445183.2	1.0011795192793878
MTF1	MDS2	1.0011619511726522
MAGOH	KIF17	1.001148463084739
ZCCHC17	AL109627.1	1.0007381648571327
NOC2L	TNFRSF14-AS1	1.0006351893593934
ZCCHC17	CCDC24	1.0006171569107853
DMAP1	FBXO2	1.0005432451296978
ZNF691	TXLNA	1.0004674975755463
ZBTB40	PABPC4	1.0004511903331648
NFYC	SCMH1	1.000306338988763
ASAP3	CDK11B	1.0002206788068004
LUZP1	SLC25A33	1.0001864232344277
KDM4A	AL451042.2	1.000038987502567
PRDM16	PODN	0.9999929217662286
HP1BP3	SYTL1	0.9999570504877973
CPTP	ZNF362	0.999861615769404
SFPQ	TMEM53	0.9996323903180282
AKR1A1	STMN1	0.9996216249054385
ZNF436	SLC30A2	0.9994676407263638
FOXJ3	AZIN2	0.9993877280761734
LUZP1	KAZN	0.9991027843388283
PRDM16	EBNA1BP2	0.9990177026823656
ENO1	SDC3	0.998961201886984
ZBTB40	CAP1	0.9987293357648409
HDAC1	INTS11	0.9984081802810499
JUN	TNFRSF4	0.997726766006438
NFIA	AL031728.1	0.9974159868705312
SMAP2	HIVEP3	0.9970941254572602
HES5	IFI6	0.9969062696132749
ZFP69B	SKI	0.9968941430887883
HP1BP3	AL450043.1	0.996863985570288
SSBP3	AC099791.2	0.996826104384628
LUZP1	AL031432.3	0.996805097456067
HDAC1	PEX14	0.9967772270179682
JUN	MKNK1	0.9967122594811162
ZNF691	PLEKHM2	0.9966936877505279
HP1BP3	C1orf122	0.9965616199270115
JUN	RIMKLA	0.9965360939693102
SSBP3	TARDBP	0.9964334515859079
NOC2L	HIVEP3	0.9961009311573864
MAGOH	EBNA1BP2	0.9957853332362454
ZCCHC17	RBBP4	0.9957212283211422
NFIA	MEAF6	0.9956173237804024
NFYC	HYI	0.9955551986803197
NOC2L	GPATCH3	0.9955191910754009
DMAP1	GPR157	0.9954946286465112
HDAC1	PLEKHN1	0.9952471421933721
LUZP1	EPHA2	0.995176428316998
SMAP2	DDI2	0.9951593785822794
KDM4A	ARHGEF19	0.9950460846054746
YBX1	TNFRSF14-AS1	0.9949451242750805
JUN	HP1BP3	0.9948677335353553
ZNF362	C1orf50	0.9937165574207019
RUNX3	AL450998.2	0.9937046299142274
ZBTB48	PABPC4	0.9936302497251536
SFPQ	PHC2	0.9935431195717744
LUZP1	SPSB1	0.9934397495598006
HDAC1	PUM1	0.993390490177903
AKR1A1	STPG1	0.9930849604137865
FOXJ3	RRAGC	0.9929073183137472
ZNF436	INPP5B	0.9928629442721354
SFPQ	TENT5B	0.9927107194620788
PRKAA2	BTBD19	0.992408611202449
SMAP2	AGO3	0.9920638066009155
MTF1	CDK11A	0.9919727462010195
ZFP69B	ELOA	0.9917112373669248
HES5	FNDC5	0.9916045934593387
DMAP1	FOXO6	0.991249178162247
MAGOH	AL031432.3	0.9909864095826105
AKR1A1	UTP11	0.9908452457385379
ZNF436	MAP3K6	0.9906571500132296
ZNF436	SLC2A1	0.9905070425750034
FOXJ3	CROCC	0.9904334123725139
HIVEP3	AC114488.3	0.9904311023020075
FOXJ3	TMEM222	0.9904291189303015
HDAC1	SESN2	0.9895932786034268
MTF1	COL8A2	0.9894708429188785
PRKAA2	HEYL	0.9891843460877564
AKR1A1	PRDM2	0.988998953301833
NFYC	TMEM51-AS1	0.9888558022636332
HDAC1	CEP85	0.9887932710671973
ZBTB40	GABRD	0.9884123815210717
SSBP3	ERMAP	0.9879926368016194
HDAC1	PHACTR4	0.9878779479234956
MAGOH	CCDC24	0.9878452063286234
POU3F1	FAM229A	0.9877517878508022
HP1BP3	LINC01135	0.9876309282412589
JUN	SLC66A1	0.9874283236905501
DMAP1	NDUFS5	0.9872344353425698
MAGOH	SNHG3	0.9872116310715454
SCMH1	PLEKHG5	0.987172217577209
JUN	DHCR24	0.987140422262124
HP1BP3	AGO4	0.986914892277287
ZNF436	EBNA1BP2	0.9867317440767945
FOXJ3	AC119677.1	0.986551517307912
ZNF362	TOE1	0.986016839741606
JUN	SMPDL3B	0.9858180025802242
YBX1	SLC45A1	0.9857014360587932
HP1BP3	TIE1	0.9849474012902935
YBX1	AL139246.3	0.9846316389828748
ZNF436	RCC2	0.9844370392488039
FOXO6	ELOA	0.9835372537231208
TAL1	SVBP	0.9835266266392472
YBX1	AL031432.4	0.9835186254422477
JUN	DFFA	0.9835087588605715
JUN	AL513320.1	0.9834824169599524
YBX1	ATPAF1	0.9833350222072684
AKR1A1	TMCO4	0.9831978095859518
FOXJ3	TMEM59	0.9830425811505951
ZBTB17	MAGOH	0.9828924609630274
FOXJ3	LNCTAM34A	0.9826972575779125
ZCCHC17	PRKAA2	0.9825576816026986
SFPQ	TMEM69	0.9822654510247191
SFPQ	AC119674.1	0.9821685178314837
ASAP3	BMP8A	0.9818530489843666
HES5	LINC02574	0.9817560997642566
LUZP1	ASAP3	0.9817393638506068
JUN	AL031432.4	0.9817345907582358
SFPQ	EVA1B	0.9808269209513825
MAGOH	CPTP	0.9806723726016945
CPTP	FBXO6	0.9806048745612264
JUN	TIE1	0.980555641838325
RLF	SYTL1	0.9805143763166738
SSBP3	CAPZB	0.9805058310898895
FOXO6	UBE2J2	0.9802160232272296
ZSCAN20	CCDC163	0.9798556153701214
NOC2L	RBBP4	0.9797894956882198
HP1BP3	CCDC163	0.9797549573487225
KDM4A	GRIK3	0.9797057983791966
HP1BP3	THRAP3	0.9795860783124187
NFYC	CLSTN1	0.9794940807642831
KDM4A	OMA1	0.9794105257734064
ZBTB48	ALDH4A1	0.9792169004134222
KDM4A	TSPAN1	0.9791950575219259
SSBP3	PODN	0.9791362780038735
RLF	CDKN2C	0.9791016563044745
DMAP1	AURKAIP1	0.9789771714890767
CPTP	LUZP1	0.9788642658857769
HP1BP3	MYCL	0.9787398431019947
LUZP1	AGRN	0.9786530291773778
SFPQ	TAF12	0.9785927442783338
HP1BP3	ZNF436	0.9784677791240606
RLF	TRAPPC3	0.9780792095177867
ZCCHC17	MANEAL	0.9775253689737208
MAGOH	DMAP1	0.9775186567697441
ZBTB17	C1orf50	0.9770111461518691
ZBTB17	MMACHC	0.9769058322522577
RLF	NADK	0.9767065490568755
MAGOH	HSPG2	0.9766755340544578
SSBP3	GALE	0.9761931904698915
TAL1	COL16A1	0.9759134387003674
HES5	TIE1	0.9755173820594079
YBX1	LCK	0.9753281870618195
ENO1	COL8A2	0.9751250332429184
NFIA	GNL2	0.9750381147595012
HP1BP3	KAZN	0.9749750134573348
YBX1	WRAP73	0.9749253249192549
ENO1	PADI2	0.9748860591582736
MAGOH	FAF1	0.9747744055380007
ZNF362	MAST2	0.9747413849365795
NFYC	SDHB	0.9746056054927473
DMAP1	PPP1R8	0.9745931510158641
JUN	LINC01635	0.9744970112331555
SSBP3	ATP5IF1	0.9742769279676702
SFPQ	MEAF6	0.9741578790129632
HP1BP3	AC119677.1	0.9737495737390748
JUN	HEYL	0.973599483919833
AKR1A1	MACF1	0.9731923455910336
YBX1	AL139289.2	0.9730540492051187
JUN	TMEM222	0.973035109907767
ZFP69	CYP2J2	0.9728364682533125
MAGOH	TACSTD2	0.9728270011526274
FOXO6	CAMK2N1	0.9726909522259045
ZBTB40	HYI	0.9726715868392511
HP1BP3	EPS15	0.9726380010657935
NOC2L	GRIK3	0.9724722752889192
YBX1	C1orf122	0.9723888281194886
HDAC1	ATAD3C	0.9723031700545757
SFPQ	PABPC4-AS1	0.9721365915799302
NFYC	LSM10	0.9720453131366557
HDAC1	TMEM69	0.9720431977085262
ASAP3	CTPS1	0.9719753420273123
AKR1A1	TRABD2B	0.9719490277748728
PRKAA2	SLC66A1	0.9717558456440653
ZBTB40	SYTL1	0.9717290419557092
HES4	LZIC	0.9715458207743137
FOXJ3	SRARP	0.9715008043491518
VAMP3	TMEM53	0.9711753366417669
SMAP2	P3H1	0.9711628047949882
RUNX3	SRSF4	0.9711501400746173
ZBTB40	YARS	0.9711088769974534
VAMP3	TMEM51	0.9705861494224733
SCMH1	TMEM201	0.9700578231416902
GMEB1	CAMTA1-DT	0.9700327778361064
ZNF362	FAAH	0.9697632942919577
HDAC1	PEF1	0.9696368594062738
SMAP2	GNB1	0.9694532943967766
HES5	MACF1	0.9693569336038944
HP1BP3	INTS11	0.9691916669517603
ZSCAN20	ICMT	0.9691811082108361
NOC2L	CD164L2	0.9690121632569629
YBX1	TMEM240	0.9688230323500423
NFIA	HSPB11	0.9688215654755696
TAL1	TTC4	0.9687876755150301
ZNF362	TXNDC12	0.9685516517286564
ENO1	PTP4A2	0.9685316381794368
ZBTB48	LINC02574	0.9682912044024163
SMAP2	C1orf174	0.9682411248287662
ZNF691	PDIK1L	0.9681421350266767
FOXD3	PLOD1	0.9680918165798725
PRDM16	TRIT1	0.9678688956139644
MAGOH	C1orf159	0.9676955672441737
ZBTB48	TMEM125	0.9676274343878444
HES4	MANEAL	0.9674248598272093
NFIA	PANK4	0.9674050082220381
VAMP3	AL512353.1	0.9674034541553049
PRDM16	RHBDL2	0.9672993435740287
ZBTB17	B3GALT6	0.9672906802644371
RLF	RSRP1	0.9672353521628368
AKR1A1	TUT4	0.9671401105986713
ZFP69B	MORN1	0.9671262276724962
ZBTB17	CASP9	0.9670233559342916
YBX1	SLC6A9	0.9668910922322453
ENO1	FOXD3	0.9665605466051627
ZBTB17	WDR78	0.9664253630702033
CPTP	PINK1-AS	0.9663039634033158
ZNF436	ANKRD65	0.9662911213382184
FOXD2	FAM229A	0.9661635312616567
GMEB1	GPR3	0.9658021067824207
YBX1	YRDC	0.9657575943126875
VAMP3	AL358075.2	0.965680092380921
CPTP	LINC01135	0.9656274929190118
JUN	USP1	0.9656223116238263
ENO1	SLFNL1-AS1	0.9654482092270804
ENO1	PDZK1IP1	0.9652316536135485
NOC2L	TTC4	0.9651791248464733
ZBTB17	DFFB	0.9651704131024135
RUNX3	NDC1	0.965068335095393
SFPQ	AL031432.5	0.964914650639212
PRKAA2	ARTN	0.9648691487041406
GMEB1	TRABD2B	0.9647111451514468
SFPQ	SLC35E2A	0.9647016569694109
MAGOH	P3H1	0.9646081698289893
AGMAT	SCNN1D	0.9645512208720208
MAGOH	TRAPPC3	0.964343661224344
PRDM16	SPEN	0.9639804950175543
AKR1A1	B3GALT6	0.9639685189507847
RLF	AGMAT	0.9639646398224132
AGMAT	SF3A3	0.9637657600016116
YBX1	TNFRSF1B	0.9635958701089152
YBX1	NOC2L	0.9634627229848052
ZBTB48	SLC45A1	0.9632988511413089
LUZP1	THRAP3	0.9632260674411801
HP1BP3	AL645608.7	0.9631567490133515
GMEB1	PRDM16-DT	0.9631018658791175
HDAC1	RERE	0.9630862882084908
CPTP	EPHA2	0.9629330798701943
DMAP1	MTHFR	0.9627855517775178
SFPQ	SPSB1	0.9626835254834737
HP1BP3	VAMP3	0.9626275074519464
SFPQ	GPATCH3	0.9625713007652603
ZCCHC17	FBLIM1	0.9624797700793232
LUZP1	MFSD2A	0.9624332787790282
FOXO6	DNAJC11	0.9623656786676306
SFPQ	BSDC1	0.9620682938604597
HES4	PINK1	0.9620593262338187
HIVEP3	HOOK1	0.9619417100342444
ZNF436	AL135960.1	0.9619321236336097
ZCCHC17	SAMD11	0.9619150373056072
SFPQ	LINC01355	0.9618345168572043
RLF	MACF1	0.9615678224221166
LUZP1	DNALI1	0.9614868277797477
ENO1	MATN1	0.9610965223154959
DMAP1	LINC02596	0.9607520894900209
JUN	IFFO2	0.9605000470537824
ENO1	LRRC47	0.9603279271944382
NOC2L	CSMD2	0.9601564242742678
E2F2	ST3GAL3	0.9600693399565089
JUN	C1orf174	0.9597853490944067
YBX1	DNALI1	0.959754490232379
HP1BP3	GALE	0.9589312496040461
MAGOH	LINC01137	0.9588991502051736
YBX1	BTBD19	0.9588030233777486
HES4	PHC2	0.9587333320535608
JUN	HMGN2	0.9587260633544256
ENO1	TAF12	0.9587002618121149
SMAP2	PHF13	0.9585269100733969
ZBTB17	PHC2	0.9584053837943338
VAMP3	AL445248.1	0.9579195996132562
ZNF691	ENO1-AS1	0.9578035941657487
SMAP2	KANK4	0.9577890463995558
SFPQ	AL020997.2	0.9576987918308395
YBX1	KIAA1522	0.957482263007829
NFIA	MYCBP	0.9570696689425071
SMAP2	TAF12	0.9569931415313044
ZNF691	COL8A2	0.9569388556418936
ZNF362	LURAP1	0.9569352571954033
KDM4A	C1orf167	0.9569235231572526
SMAP2	USP1	0.9568786237591321
SMAP2	HES4	0.9564639537834856
ZBTB48	UQCRH	0.9564345523277618
DMAP1	ATP6V0B	0.9561093172605435
JUN	WASF2	0.9560455402987283
NOC2L	SLC2A1	0.9556434532608611
MAGOH	YTHDF2	0.9554212808384175
NFYC	SNRNP40	0.9552536503158108
NOC2L	MOB3C	0.9551505911526352
TAL1	BX284668.2	0.9551322066567842
SFPQ	KIAA2013	0.955075858077767
HP1BP3	KLHL21	0.95503631809407
MAGOH	LINC00339	0.9550229981619107
NFIA	PTCH2	0.9547821406509036
RLF	ECHDC2	0.9545939795999488
HDAC1	LINC01137	0.9545236999945055
SFPQ	SLC25A34	0.9544740896584654
PRDM16	CAMK2N1	0.9541560032149207
VAMP3	OTUD3	0.953948976236965
RUNX3	STPG1	0.953665058414901
SSBP3	FOXJ3	0.9536092092941078
NFYC	TIE1	0.9533829038341576
MAGOH	RNF220	0.9532368721280823
MAGOH	AL513477.2	0.953002871278279
ZCCHC17	GPBP1L1	0.9529027764899028
VAMP3	PAFAH2	0.9528185127200897
SMAP2	FBLIM1	0.952416815047174
ZNF436	PRPF38A	0.9523933028564007
YBX1	HP1BP3	0.9521959511557245
DMAP1	AL137802.2	0.9520993161681847
JUN	RBBP4	0.9519756622035308
JUN	TCEANC2	0.9518075604284588
MTF1	HYI-AS1	0.9515877868297258
ZBTB48	AK4	0.9515697184350732
EXO5	MKNK1	0.9512866183815671
YBX1	INPP5B	0.9508155498388158
CPTP	PANK4	0.9506577254105136
LUZP1	PPP1R8	0.9504627064267426
HES4	EXO5	0.9504490742313341
ZBTB40	C1orf122	0.9502212786741151
ZNF436	POU3F1	0.9498930805647445
POU3F1	IFFO2	0.9497850704754013
SCMH1	MIB2	0.949741025910549
HES5	NBL1	0.9496648161263521
MTF1	STPG1	0.9496228243918988
YBX1	AL034417.4	0.9495087278348139
LUZP1	TXNDC12	0.9493655554246484
FOXJ3	TMEM35B	0.9492251572693757
LUZP1	MEGF6	0.9489942070589525
ASAP3	SPSB1	0.9488848228291842
SSBP3	FBXO44	0.948831058040252
HP1BP3	AL450998.2	0.9486793218118218
FOXJ3	TAF12	0.9485706852848943
SFPQ	PTPRF	0.9484728382966613
YBX1	HIVEP3	0.9484574589472291
ENO1	ZMYM6	0.9484404931626083
MAGOH	HSPB7	0.947778562389336
SFPQ	TNFRSF25	0.9476110484423291
MAGOH	ZNF691	0.9473607854957039
LUZP1	NECAP2	0.946488995306081
ZNF691	AL135960.1	0.9462541859751822
HP1BP3	ARHGEF19	0.9461892294124937
ZCCHC17	UBE2J2	0.9461727533664622
YBX1	PAFAH2	0.9460691291044679
ENO1	MRPL20	0.9459009589266272
NFIA	RCC1	0.9458250122772046
VAMP3	SZT2	0.9456143592444131
LUZP1	UTS2	0.9453414332837173
JUN	RBP7	0.945271316901221
JUN	AC114488.3	0.9452565562017506
SMAP2	SLC2A1-AS1	0.9452186385183103
HDAC1	CAPZB	0.9450972184243652
ENO1	E2F2	0.9450909590273497
RUNX3	MIR34AHG	0.9450649864162494
NFYC	MATN1	0.9449803740743735
NFIA	AL512353.1	0.94487432931338
NFYC	IFI6	0.9448314362810095
NFIA	AC099791.2	0.944657915788292
ZCCHC17	POU3F1	0.9437209076863284
RUNX3	UBIAD1	0.9435973884653297
SSBP3	PLA2G5	0.9432145429333993
JUN	TOE1	0.9431711146477192
ENO1	DVL1	0.9431529625825696
MAGOH	PINK1-AS	0.9430952398907765
SSBP3	TMEM39B	0.942987502693893
RUNX3	RBP7	0.9428184096117841
RLF	AL109627.1	0.9427052572842016
ENO1	GNB1	0.9426753859437318
RUNX3	UBXN10-AS1	0.9426393259426841
DMRTA2	TNFRSF18	0.9423153915813985
DMAP1	HES5	0.9420860196095522
FOXO6	SLC6A9	0.9420222482124115
RLF	ZNF593	0.9416194420479329
ZFP69	TSSK3	0.9413158316230475
EXO5	MYSM1	0.9412333958477642
ZNF684	CTNNBIP1	0.9411647989818408
RUNX3	EVA1B	0.9411055546607563
ZBTB40	MATN1	0.9408886360912148
SMAP2	LINC01409	0.9408182723179488
YBX1	B4GALT2	0.9407588469269149
MAGOH	PTP4A2	0.9405948336927206
MTF1	MRPL20-AS1	0.9405587901313595
YBX1	AL139423.1	0.940349397325885
NFYC	LINC01767	0.9399217296906957
YBX1	SVBP	0.9396053030057022
POU3F1	AL513477.2	0.9395347841136823
NFIA	MAD2L2	0.9395055450491466
VAMP3	PEX10	0.9390969556745626
HP1BP3	SKI	0.9389522097130438
AKR1A1	PIK3R3	0.9388299013944599
HP1BP3	THEMIS2	0.9382782269860238
RLF	NFIA	0.9382610138546358
NOC2L	BEND5	0.9381806886711976
GMEB1	CEP85	0.937748948911573
HEYL	FAM131C	0.9376605189375002
ZBTB40	LDLRAD2	0.9370444356030747
ASAP3	AC119800.1	0.9363614555269242
RUNX3	CDC42	0.9363428357906072
NFYC	MYSM1	0.9363201890358521
ZBTB48	AL139220.2	0.9362392733929076
NFYC	AL136985.3	0.9362265691878474
SFPQ	ATPAF1	0.9361303565734981
CPTP	PTCH2	0.936027247465823
ENO1	MORN1	0.9348451561704801
HP1BP3	TTLL10	0.9347573613754195
NFYC	C1orf174	0.934698831655523
MAGOH	AL606760.3	0.9342149920475198
YBX1	FOXJ3	0.934102472393622
SFPQ	FNDC5	0.9339362220581225
JUN	USP48	0.9338849203666815
KDM4A	MYCL	0.9338487734373031
LUZP1	MAN1C1	0.9337856885565154
SMAP2	TRNAU1AP	0.9337738096072542
ZBTB48	STK40	0.9337667587914122
LUZP1	SKI	0.9332463043301085
CPTP	KHDRBS1	0.9328078701977471
HDAC1	CCDC30	0.932502656314809
ZNF436	PDE4B	0.9322992575228242
ZBTB17	ZFP69B	0.9322787478004327
ZNF436	BX284668.5	0.931874064796632
ZCCHC17	CCNL2	0.9316435373430728
JUN	TTC4	0.9315968644935226
NOC2L	TNFRSF18	0.9315160628704665
NOC2L	EXO5	0.9315119738321294
SMAP2	CPT2	0.9313650673724521
SCMH1	LINC01562	0.9313256656982223
SFPQ	DNAJC11	0.9306984095149912
AKR1A1	MEAF6	0.9301548589510361
ZNF684	PPT1	0.930054993217946
HP1BP3	PEF1	0.9300531797898377
PRDM16	NCDN	0.9299712836728915
RLF	PABPC4	0.9298649327629839
SSBP3	BX284668.6	0.9296656810293588
YBX1	RIMS3	0.9296024228523602
SFPQ	ACAP3	0.9294626779594015
TAL1	CCDC28B	0.9293246310690466
VAMP3	AL136115.2	0.929140031336774
YBX1	MED18	0.9289766132834674
ENO1	AL121992.1	0.9286823319499186
JUN	C1orf109	0.9285470894380521
SFPQ	DNAJC8	0.9285288379676586
EXO5	TRABD2B	0.9285075007749045
NFYC	FUCA1	0.9284609788237358
HES5	CLSPN	0.9284507574573082
AKR1A1	TAS1R3	0.9283548715368437
RUNX3	PAQR7	0.9283328553978347
SMAP2	TNFRSF1B	0.9282807108170467
JUN	ENO1-AS1	0.9282582851709066
ZBTB17	CDC42-IT1	0.9281495034268082
FOXJ3	DLEU2L	0.9280942114075645
SMAP2	SNRNP40	0.9279017083261166
ENO1	TNFRSF1B	0.9278870957813604
JUN	MYSM1	0.9278329293835368
YBX1	LDLRAP1	0.9276497400808971
HP1BP3	GPATCH3	0.9275294840963089
ZBTB40	PTPRU	0.927311792183089
ZNF691	ATAD3A	0.9271881283466616
RUNX3	ATP5IF1	0.9271320496948393
YBX1	AL513477.2	0.9270923419816159
ZSCAN20	PTAFR	0.92672663620044
SCMH1	MTOR	0.9265633225809733
GMEB1	HPCAL4	0.9264680952365043
SSBP3	SYTL1	0.9264636532751906
NOC2L	FHAD1	0.9263713117336729
HES4	ST3GAL3	0.926370024716015
ASAP3	PER3	0.9261062709241367
ZNF436	DMAP1	0.9260073281420698
SMAP2	LINC01562	0.9259803134657761
DMAP1	CYP4X1	0.9254969926911712
KDM4A	SH3D21	0.9254043194293624
YBX1	GPR157	0.9253925888772351
AKR1A1	PLOD1	0.9252976555062218
GMEB1	AKIRIN1	0.9251179018217459
NFIA	HTR6	0.9246801225027624
HES4	AL139424.3	0.9244787584585674
DMAP1	IFI6	0.9243783630342377
NFIA	NBPF1	0.9242413499159694
RUNX3	NFIA	0.9242067157728531
HP1BP3	PRPF38A	0.9241933302864311
ZNF684	SLC6A9	0.9239685585740534
SMAP2	ATP5IF1	0.9235527724661842
JUN	MECR	0.9231968197515648
RLF	PARK7	0.9231850203920955
NFYC	AC093425.1	0.9231427602717199
MTF1	PDZK1IP1	0.9229178788731406
ENO1	AL139246.5	0.9227081566632218
CPTP	TSPAN1	0.9226570582189497
ZBTB17	ITGB3BP	0.9226510721884573
FOXJ3	MACO1	0.9222655306584802
HES5	POU3F1	0.9219342666705316
MORN1	CYP4X1	0.9217923930001746
RLF	LSM10	0.9216225625554396
ZNF362	RBBP4	0.921548322491017
CPTP	LYPLA2	0.9214863866931856
RLF	SRSF4	0.9213888616834156
SFPQ	AL031848.2	0.9213229820571049
LUZP1	ERI3	0.9209732102054575
ENO1	LINC00115	0.920939082886023
SSBP3	GPX7	0.9208085969779387
ZBTB48	FBLIM1	0.9205498176475981
ENO1	TNFRSF14-AS1	0.9205413686327841
HES5	TM2D1	0.9205344890682738
NFIA	CYP4B1	0.9205021910164072
SFPQ	ARMH1	0.920413388440369
NFYC	PLEKHM2	0.9203575761840459
HP1BP3	AL121992.1	0.9202075528493847
MORN1	PLOD1	0.9201009954673727
FOXJ3	SH3BGRL3	0.9196967836208939
KDM4A	TMEM222	0.9196914855304956
ZFP69	SMIM12	0.9195839160288981
RUNX3	RCC2	0.9194584596860752
GMEB1	ELOVL1	0.9190413435529621
AGMAT	EFCAB14	0.9186529450008557
AKR1A1	ELOA	0.918498089694213
ZBTB17	SRRM1	0.918328706866109
SFPQ	UBXN11	0.9183042917399945
GMEB1	MIER1	0.9182751622715115
SSBP3	RRAGC	0.9182350947026976
HP1BP3	BEND5	0.9182177900681632
MYCL	CCDC30	0.9181353118273679
PRDM16	OSBPL9	0.9179691191996856
NOC2L	CEP85	0.9179221460572703
PRKAA2	NPHP4	0.9179169112489212
YBX1	NUDC	0.9173931125802645
HDAC1	AL139423.2	0.9172839057638534
VAMP3	ERI3	0.9172120792208373
SFPQ	PGD	0.91714330848755
ZNF436	MACO1	0.9170881597211971
CPTP	SRSF4	0.9169813168065267
SFPQ	FBXO44	0.9168562198301634
TAL1	TTLL10	0.9168254202379418
MAGOH	TENT5B	0.9168013418689374
ZCCHC17	RAB42	0.9164910311911361
ZCCHC17	PODN	0.9162752431182274
HP1BP3	AL139424.1	0.9159200383550821
SSBP3	RLF	0.9159136059462447
RLF	TCTEX1D4	0.9157981940593305
VAMP3	RPL22	0.9156708803478094
ASAP3	MACO1	0.9155971115253544
SMAP2	PATJ	0.9155566262385957
SSBP3	AL021155.5	0.9154543219483469
YBX1	AC093425.1	0.9152985261963581
MAGOH	LINC02606	0.9152566538875408
MYCL	TMEM51	0.9151548807920341
POU3F1	FAM87B	0.9150454386209246
KDM4A	ARHGEF16	0.9149840176942305
DMAP1	KIAA1522	0.9148433585602584
MAGOH	FAM229A	0.9147891046325852
ENO1	PAQR7	0.9147400768068865
FOXD3	CTNNBIP1	0.9146083595033037
RUNX3	GPATCH3	0.9144832462411245
MYCL	MEGF6	0.9141459788202672
SMAP2	AL603839.3	0.9141204596360211
ZBTB40	NECAP2	0.9140653373659341
HP1BP3	COL16A1	0.9136233026472397
MAGOH	ELOA	0.9135339214879961
SMAP2	TSPAN1	0.9132111748440722
RLF	RCAN3	0.9131514429044928
HP1BP3	TOE1	0.9131204455907118
RUNX3	SZT2	0.9128782160606306
JUN	AGRN	0.9127378686077045
ZFP69	AC119674.1	0.9127042750448338
HIVEP3	PATJ	0.9127040586003144
MYCL	DNAJC16	0.9126776991317085
MTF1	PUM1	0.912550254598079
ZCCHC17	SLC1A7	0.9125382149384625
ZNF684	AC119677.1	0.9124816447409579
MTF1	CORT	0.912360153195882
LUZP1	EXOSC10	0.9122039259455743
VAMP3	TMEM50A	0.9119854960202589
SFPQ	GMEB1	0.9118232738347156
NFIA	SH3BGRL3	0.9118097840133578
RUNX3	PPP1R8	0.9117516637782187
LUZP1	SCNN1D	0.9115457762871487
NFIA	DHCR24	0.9114105529407442
DMAP1	BTF3L4	0.9113874909677682
AGMAT	LSM10	0.9110924538569148
RUNX3	YARS	0.911000580433872
SMAP2	ORC1	0.910953335294602
LUZP1	CCDC24	0.9108909002868969
ENO1	MKNK1	0.9108562874919978
ASAP3	AL050341.2	0.9107962889293035
ZCCHC17	AL031283.1	0.9107920176058084
HP1BP3	NPHP4	0.9103428532661727
FOXJ3	SLC35D1	0.9103111694168186
HES5	PHF13	0.91003681562094
CPTP	NBL1	0.9098822748980897
HP1BP3	HSPB11	0.9098140244971915
DMAP1	B4GALT2	0.9094692151149834
HES4	AGO4	0.9094570213021014
MAGOH	ZMPSTE24	0.9091938313390999
HP1BP3	MAD2L2	0.9091315904855044
JUN	EIF3I	0.9090918689908231
HIVEP3	SMIM12	0.9090615867239825
ZCCHC17	SMAP2	0.9089632360589337
ENO1	SNRNP40	0.9087222414784673
JUN	DMRTA2	0.9086958766356845
YBX1	SHISAL2A	0.9086137878413034
ENO1	LINC01562	0.9086094196014582
YBX1	ELOA	0.9084187462691728
VAMP3	CMPK1	0.9082897333995008
SCMH1	YBX1	0.9080081416083066
NFIA	CDA	0.9079999001090807
AKR1A1	UQCRHL	0.9079157543104207
SFPQ	ZSWIM5	0.9078992128697085
JUN	DDOST	0.9075514563495973
ZBTB48	GNB1	0.9074724652638193
SFPQ	LRP8	0.9074355859198392
TAL1	CAPZB	0.9074261684666483
NFYC	ASAP3	0.9072042553665006
ZCCHC17	FOXD3	0.9065790557223997
ASAP3	ERRFI1	0.9063659116671072
MAGOH	PSMB2	0.9061378827404435
ASAP3	ARHGEF19	0.9059729297713994
RLF	SKI	0.9058487316219669
AKR1A1	MTOR	0.9053537585064204
YBX1	TMEM234	0.9048665968335214
MAGOH	SF3A3	0.9047893897599235
YBX1	PRPF38A	0.9047612895496262
TAL1	CD52	0.9047609205282591
RUNX3	DFFB	0.9045678038338169
SMAP2	EFHD2	0.9041838330406897
AKR1A1	ZFP69B	0.904027031369522
POU3F1	EVA1B	0.9040138269197856
TP73	WDR78	0.9039413714172246
MAGOH	AL020996.1	0.9039095082847168
ENO1	DPH2	0.9038376801058895
JUN	SDC3	0.9037291759612184
HDAC1	NECAP2	0.9036531495723165
DMAP1	PTAFR	0.9031354309732846
YBX1	PTAFR	0.9031132546234055
ZNF436	YRDC	0.9030702160019851
MAGOH	AK2	0.9027452295420274
LUZP1	LSM10	0.9023915372532991
ZBTB48	SFPQ	0.9023876997793757
HP1BP3	FOXD2	0.9023795198354059
AKR1A1	TM2D1	0.9022454772447409
RLF	LINC01137	0.9018862042023507
LUZP1	AL513493.1	0.9018561179232226
HP1BP3	AL606760.1	0.9017096761162494
MORN1	AL512353.1	0.9016833370412843
AKR1A1	CDA	0.9014083270342131
GMEB1	MUTYH	0.901206651268829
RUNX3	HES5	0.9011864471152669
RUNX3	TAF12	0.9011189592635672
HES5	DVL1	0.9009921887510038
HP1BP3	STIL	0.9007532662898301
HDAC1	CASZ1	0.9007046374178502
DMAP1	ROR1	0.9006288173179764
ENO1	YRDC	0.9005385549072517
SFPQ	WDR78	0.900397950564277
ENO1	DAB1	0.9003061854468272
ZBTB48	CTRC	0.9000205178468048
KDM4A	SVBP	0.8999668157626888
VAMP3	TMEM234	0.8993491829162344
NFIA	COA7	0.8993379838867812
JUN	FBLIM1	0.8992032877000301
ZBTB17	TRABD2B	0.8991752022829449
ZCCHC17	CYP2J2	0.8991478715793934
YBX1	CAPZB	0.8988244801018512
JUN	RCC2	0.8986770640907003
SFPQ	SCNN1D	0.8985738165280055
SFPQ	POMGNT1	0.898409845404597
SFPQ	TINAGL1	0.8983686451450298
SFPQ	ERRFI1	0.8980057636138837
ENO1	NOC2L	0.8978439063902958
NFYC	AL031432.3	0.8977972466465579
SFPQ	CPT2	0.8975562202343083
HP1BP3	POU3F1	0.8973407177828229
GMEB1	AC093425.1	0.8970742618948256
ENO1	EIF3I	0.89704003377565
VAMP3	PRXL2B	0.8970155087008044
NFIA	RHBDL2	0.896851743501724
ENO1	CMPK1	0.8968371822742401
RUNX3	TMEM50A	0.8966760130559941
VAMP3	CYP2J2	0.8962860989817769
MAGOH	RSRP1	0.8962253645983983
MTF1	TEKT2	0.8961239168730292
YBX1	SCNN1D	0.8960437367676102
HP1BP3	EMC1-AS1	0.8956957970980768
NFIA	KDM4A	0.8956694827383559
PRKAA2	ATPAF1	0.8955812492097003
MTF1	ZNF436-AS1	0.8955674911081923
ZNF436	TACSTD2	0.8951304322908447
RLF	CROCC	0.895129916640929
JUN	NDUFS5	0.8949704485499899
HDAC1	AKR7A3	0.8949202355834959
YBX1	RERE-AS1	0.8947827370461392
ENO1	BX284668.6	0.8944302294985808
ZCCHC17	C1orf122	0.8944202953534064
ZCCHC17	MMACHC	0.8943291258463412
VAMP3	DHRS3	0.8941989674695389
VAMP3	MAST2	0.8936707404905314
PRKAA2	NBL1	0.8936613675016831
NFYC	CTNNBIP1	0.893656446152737
SFPQ	SYTL1	0.8931478944834153
RLF	KLHL21	0.8928265095933939
SSBP3	HES5	0.8928064927603427
SFPQ	AL513320.1	0.8927313679176662
NFYC	PNRC2	0.8927232796813986
SCMH1	ALDH4A1	0.8924983660233167
SMAP2	ENO1-AS1	0.8919513262440603
RUNX3	AL137857.1	0.8918682864575003
JUN	TXNDC12	0.8916195565416201
ZNF362	RLF	0.8916001512985073
RUNX3	MTOR	0.8915358011246743
SSBP3	MKNK1	0.89148372958993
VAMP3	LRRC41	0.8914419031837626
SMAP2	NOC2L	0.8913394959912988
VAMP3	MATN1-AS1	0.8913333580229795
YBX1	IQCC	0.891262091981006
JUN	LZIC	0.8911358427818915
SMAP2	SDF4	0.8911013758557921
HES5	MRPL37	0.8906170459841543
FOXJ3	AURKAIP1	0.8904778259759242
SFPQ	PPT1	0.8903563476696478
FOXJ3	HNRNPR	0.8899136390366879
ZFP69B	LINC02606	0.8898624824421238
ZFP69	MMEL1	0.8896910006373718
YBX1	MYSM1	0.8896489003411712
FOXJ3	ZMPSTE24	0.8896099557903947
POU3F1	CD164L2	0.889425933886058
LUZP1	LINC02812	0.889289432091679
LUZP1	ELOA-AS1	0.8891405244080214
RLF	LCK	0.8890874542959806
FOXJ3	NCMAP-DT	0.889010518395241
AKR1A1	ZBTB17	0.8889961579266468
SMAP2	TNFRSF14	0.8888089962759773
DMAP1	TNFRSF9	0.8887748018982121
JUN	TMEM59	0.8885571913453821
KDM4A	ATP13A2	0.8882797885053266
ENO1	B4GALT2	0.8880918500048454
FOXJ3	ELOVL1	0.8878668722653533
NOC2L	RRAGC	0.8877695765388183
NFYC	UTP11	0.8877635996022524
NFYC	AK2	0.8876526876415134
PRKAA2	PIGV	0.8874083846619338
VAMP3	HMGN2	0.8873724578867586
HP1BP3	RLF	0.8873493202535635
LUZP1	EPHB2	0.8871614753915218
JUN	AL606491.1	0.8870482560533592
DMAP1	TP73	0.8870465284900685
RUNX3	INPP5B	0.8869596727278266
ZNF684	WDR78	0.8864997031610052
JUN	OSBPL9	0.8862671626031071
CPTP	PLOD1	0.886107245971373
ENO1	COL16A1	0.8860572296864329
NFIA	NBPF3	0.8859396180487386
HP1BP3	EXO5	0.8859375229857606
ZNF362	LRRC42	0.8857071689661039
SCMH1	MORN1	0.8855976287181642
SSBP3	AL606760.3	0.8851397340873252
ZFP69B	NRDC	0.8851274565397899
FOXJ3	PEX10	0.8849049037434072
SMAP2	ACOT7	0.8848057835651318
AKR1A1	EMC1-AS1	0.8847715953016703
RUNX3	LRP8	0.8846898771482935
LUZP1	LINC01359	0.8845583831622875
SFPQ	CC2D1B	0.8843698848466929
MAGOH	CASZ1	0.8842673223111877
ZNF436	SDC3	0.8839381540246682
NOC2L	AL137802.2	0.8838595325934273
HIVEP3	AL137127.1	0.8838250746369146
ZBTB48	EMC1	0.8837283670840341
ZNF362	MYCBP	0.8836903915072516
NFYC	AL358075.2	0.8835988759870519
HDAC1	UBR4	0.883444942719304
SCMH1	WRAP73	0.8833558493722136
SSBP3	DNAJC11	0.8831455127712775
MAGOH	SNIP1	0.8831423738168731
ZNF436	STX12	0.8830568845523736
LUZP1	USP48	0.8827122444069723
ZCCHC17	ZFYVE9	0.8826896646647548
FOXJ3	KDM1A	0.8826815145356973
CPTP	AL031283.1	0.882594376004062
JUN	MDS2	0.8824786069111054
ENO1	CAP1	0.8823508633992833
HP1BP3	SYNC	0.8821876096601629
MAGOH	ARHGEF10L	0.8820826993734132
MTF1	AL031005.1	0.882073609103286
ENO1	TRABD2B	0.8819689598263843
NOC2L	YARS	0.881344120844992
LUZP1	UQCRH	0.8811478017031275
RLF	DNAJC16	0.881038108906401
SFPQ	AUNIP	0.8808263018065664
JUN	SVBP	0.8806089013803542
SMAP2	TRIM62	0.8806008748209215
ZCCHC17	CMPK1	0.8804473972243413
AKR1A1	CD164L2	0.8803181392469785
VAMP3	RAB3B	0.8801842432903533
YBX1	AGTRAP	0.8798725579486575
MYCL	PRXL2B	0.879715497191347
FOXJ3	AL034417.4	0.8796621241370696
MAGOH	STX12	0.8796196105377675
ZBTB17	THEMIS2	0.879591737479194
DMAP1	TXNDC12	0.8793930787855572
SFPQ	LINC01128	0.8793397500511042
HDAC1	PIK3CD	0.8793016429449637
LUZP1	TNFRSF1B	0.8792206478543193
MAGOH	PRPF38A	0.8791730311647773
LUZP1	FOXO6	0.8790796422550756
ZBTB48	SESN2	0.8790288306009709
SMAP2	YTHDF2	0.8788710208496635
ASAP3	SERINC2	0.8788284104679734
LUZP1	PUM1	0.8788135582668143
ZBTB17	TXLNA	0.8788130773975946
SSBP3	AL139423.1	0.8786736423371728
ZNF436	MTFR1L	0.8786632772972739
FOXJ3	HP1BP3	0.8785157932231593
ZBTB48	CROCC	0.8783830199023476
ZCCHC17	AL031432.5	0.8782394672778092
JUN	PLEKHM2	0.8778120370753505
SFPQ	ELOA-AS1	0.8777121589897414
SMAP2	ENO1	0.8776884699932309
MAGOH	MRTO4	0.8776224144054056
HP1BP3	RERE	0.877490355903313
AKR1A1	HOOK1	0.8774734027226859
FOXJ3	DDOST	0.8774295408640818
SFPQ	LEPR	0.8774139592733559
PRKAA2	B4GALT2	0.8770612500214825
SFPQ	MFSD2A	0.8766776687280202
CPTP	ZNF436	0.8766094590367403
CPTP	MRPL37	0.8764184436898182
SFPQ	PEF1	0.8763000511874047
EXO5	THEMIS2	0.8762035694273128
ZNF684	PRKAA2	0.8761459716555117
RLF	IFNLR1	0.8760891162297372
LUZP1	TMEM69	0.8759369993434666
CPTP	CDC42-AS1	0.8756205504703318
YBX1	SLC25A34	0.8753767052772565
ZBTB48	KANK4	0.8753612357039166
ZNF436	MKNK1	0.8753543737434035
SMAP2	AC119674.1	0.8750146765684131
SFPQ	GNL2	0.8748255079795799
TAL1	POMGNT1	0.8745896951692986
ZBTB40	AL139289.2	0.8744524646529984
PRDM16	PGM1	0.8741575660690399
LUZP1	PIK3CD-AS2	0.8740248415804273
RUNX3	POU3F1	0.874019051102653
MAGOH	CDC42-AS1	0.8739733351303444
ZBTB48	YBX1	0.873949683187665
RUNX3	MIIP	0.8739427785674958
ENO1	INTS11	0.873578656208848
SSBP3	DHDDS	0.8735324657771059
PRKAA2	ATAD3B	0.8734945304528209
HP1BP3	FBXO42	0.8733902892456653
SMAP2	SCMH1	0.8732931968928733
SFPQ	CLSPN	0.8732629653443748
YBX1	AK2	0.873229062545583
ENO1	BTBD19	0.8731364676159219
HES4	PTPRU	0.8730031336419605
LUZP1	SDHB	0.872967030128161
ZNF436	PRKCZ-AS1	0.8728853621049103
NFYC	TMEM59	0.8728813692773429
ASAP3	AL031848.2	0.8728265401319382
ENO1	TTC22	0.8728195417616968
SFPQ	COL16A1	0.8728192711147794
ZNF436	ACOT7	0.8725096848785265
LUZP1	AGTRAP	0.8724765835329417
ENO1	PGD	0.872185052992965
SSBP3	ECHDC2	0.8721304402213094
ZBTB48	ERI3	0.8720901498696241
HIVEP3	RNF19B	0.871679423175729
SMAP2	CAMK2N1	0.8715802682904218
NFIA	WDTC1	0.8715644416636702
VAMP3	LINC02606	0.8714757256570567
NFYC	ZFYVE9	0.8710105036154179
HDAC1	COL8A2	0.8709467628788432
SFPQ	DHDDS	0.8707086828260584
LUZP1	ITGB3BP	0.8705841628707016
ENO1	RHBDL2	0.8704166207674606
MTF1	MIIP	0.8701827968247406
MAGOH	AL031985.3	0.8701388906723466
HDAC1	KLHL21	0.8699340177640482
AKR1A1	TRNAU1AP	0.869778203670255
RLF	PRDM2	0.8697422187320957
JUN	POU3F1	0.8696194715631635
RLF	FABP3	0.869569204290997
RLF	PIGV	0.8694779937040198
MTF1	ZBTB17	0.8694148269456389
HDAC1	MMP23B	0.8691987781003236
HES4	PARK7	0.8690656450387569
SSBP3	MRPL20	0.8689706647906498
HDAC1	C1orf50	0.8689439686214849
SFPQ	USP24	0.8688196493578197
ENO1	AL359881.2	0.8687572811579175
HDAC1	AL391244.2	0.8687357952251783
JUN	EBNA1BP2	0.8685393996101431
LUZP1	LINC01562	0.8685284490970521
MAGOH	NRDC	0.8684631436478722
HEYL	PUSL1	0.8684382677597654
SSBP3	PARK7	0.8682728411902754
EXO5	PLEKHM2	0.8682570584704319
HP1BP3	AKIRIN1	0.8680872788788229
GMEB1	CNKSR1	0.8679519089852048
NFYC	TMCO4	0.8677789076707051
VAMP3	EYA3	0.8674485461228777
POU3F1	FAM41C	0.8674266088082678
AKR1A1	MECR	0.867040250493541
MAGOH	JAK1	0.8669963460723364
VAMP3	CDK11B	0.866782256139555
RLF	LINC01635	0.866716105705322
AKR1A1	RSRP1	0.8666082277600965
HP1BP3	NBPF1	0.8665789388284045
NFYC	RPA2	0.8663254998697746
HP1BP3	TTLL10-AS1	0.8663228624929707
ZFP69B	ROR1	0.8661169245607353
AKR1A1	TNFRSF4	0.8660541899333193
DMAP1	ZBTB40	0.8660482958319802
NOC2L	CDC42	0.8655671194866361
ZNF362	AHDC1	0.8655175288467376
SMAP2	SLC25A33	0.86543405167069
MAGOH	MAD2L2	0.8652432093083704
NOC2L	KLHL21	0.8649999176593686
HDAC1	PDIK1L	0.8648919716215906
YBX1	ROR1	0.8648439951436835
RUNX3	HES4	0.8647214583122732
HP1BP3	OTUD3	0.8647035097488667
RLF	OSBPL9	0.8646859314342148
ZBTB48	LINC01770	0.8646373324268476
JUN	KIAA2013	0.8642822555628303
ZNF684	DFFB	0.8642045153404326
NFIA	VPS13D	0.8640165560849775
ZNF436	NPHP4	0.8638400127757736
ZNF684	MEAF6	0.8636791494136963
MORN1	C1QB	0.8636595621233566
NFYC	MAP3K6	0.8633566023288507
ENO1	CLCN6	0.8633478664197499
HDAC1	SF3A3	0.8630094561085047
NFIA	LINC01767	0.8629411592064126
AKR1A1	PDIK1L	0.862865690913389
ZCCHC17	SLC35E2A	0.8626990374072038
LUZP1	AC119674.1	0.8626455843042721
TAL1	CSMD2	0.862147181756544
YBX1	FOXD2-AS1	0.8619907644055701
RUNX3	AL021155.5	0.8618391576158422
ENO1	C1orf159	0.861762616075116
ZNF362	MYSM1	0.8617314105077795
DMAP1	EIF4G3	0.8617276275045278
ZBTB40	ZBTB17	0.8615737230052705
HEYL	GJA4	0.861496556117142
NFIA	PAFAH2	0.8613912878425165
NOC2L	RCC2	0.8613323103279903
HES4	FNDC5	0.8613158053800523
MAGOH	MACF1	0.861219821463959
JUN	MTHFR	0.8608705838910105
ENO1	SNHG12	0.8608140587175567
MAGOH	SDHB	0.8607886691582476
MAGOH	AL137802.2	0.8607722490710946
HP1BP3	MARCKSL1	0.860667906796152
SSBP3	NFYC	0.860636490989568
RUNX3	KDM1A	0.8606032008167329
ZNF362	TNFRSF8	0.8605491780465345
VAMP3	AC114488.3	0.860370983866976
HDAC1	THRAP3	0.8600634081763516
ZBTB40	SF3A3	0.8599340130863603
SSBP3	CENPS	0.8598813112494665
ZCCHC17	PRDM16-DT	0.8592929291740258
SCMH1	ATAD3B	0.8592780271963302
SMAP2	CDK11A	0.8591882692611137
JUN	RLF	0.8591187376772598
HES4	AL031005.1	0.8590333064051573
ZNF362	NPHP4	0.8588972908908068
TAL1	SZRD1	0.8586383888474611
JUN	CCNL2	0.8586139342027312
HDAC1	EPHB2	0.8585204955131657
ENO1	SDHB	0.8583483341364763
SMAP2	ATAD3C	0.8583101575282549
POU3F1	YIPF1	0.8579359425818907
SFPQ	AL359881.1	0.8578829415032578
HES5	PPIH	0.8578641031349055
HDAC1	RNF19B	0.8578331600727493
VAMP3	DNAJC11	0.8577777532683746
YBX1	AZIN2	0.8577189637487653
AKR1A1	KIAA0319L	0.8572944485841705
DMAP1	DHCR24	0.8572708442702258
SFPQ	TMCO4	0.8572641046611804
ENO1	CAMK2N1	0.8571336272617994
SMAP2	GRIK3	0.8570240918030386
JUN	AKR7A2	0.8569836745789776
SFPQ	JUN	0.8569307910497422
FOXJ3	OTUD3	0.8568647685362046
FOXO6	LINC02574	0.8566231326642418
HES5	NFYC	0.8565503511891528
AKR1A1	SELENON	0.8564081361630334
GMEB1	FAAH	0.8561014568318488
ZNF362	SDC3	0.8560999422769
HP1BP3	AGMAT	0.8559936487647534
HP1BP3	RPL11	0.8559869805380171
HES5	AL358075.1	0.85568636425681
FOXO6	DMAP1	0.8555762903231554
YBX1	NRDC	0.855391244699
ZBTB17	NBPF1	0.8552164221871992
SFPQ	PRXL2B	0.8550929303470243
ZNF684	ALG6	0.8550669783139528
MTF1	EPHA2	0.8550608391726069
VAMP3	B4GALT2	0.8545607556261939
SFPQ	RSRP1	0.8541883472139525
SMAP2	ELOVL1	0.8539458139295455
SSBP3	UBE2J2	0.8533666318854626
JUN	AL513327.1	0.8532450019882991
SMAP2	FGR	0.8530762986638468
YBX1	YARS	0.8528725702149771
HP1BP3	C1orf109	0.8524725355115534
RLF	ELOA	0.852426304232942
RLF	CORT	0.8523794578571517
RUNX3	AL805961.1	0.8519613884075748
GMEB1	DDI2	0.8519374688123464
HES4	SNRNP40	0.8519339899004882
JUN	MATN1-AS1	0.851925502910014
ZBTB17	MRPL37	0.8519126430945653
MYCL	EIF2B3	0.8518256109270461
RUNX3	UTP11	0.8517960535761091
HP1BP3	AK4	0.8517825006620856
ZCCHC17	KIAA1522	0.8517354250450838
RLF	CTNNBIP1	0.8517347582269787
TAL1	NBL1	0.851583485829525
HDAC1	DHDDS	0.8514463612539959
HP1BP3	SFN	0.8513885710190994
ASAP3	AL451042.2	0.8513274909171238
HP1BP3	ST3GAL3	0.8513097187524209
SMAP2	ARID1A	0.8512942203810563
MAGOH	FAM167B	0.8509345698486444
ZNF684	C1orf50	0.8508829150378835
AKR1A1	CASP9	0.8505644493192678
RLF	DFFA	0.8504499912102822
FOXJ3	BTBD19	0.8503708740091511
HES4	EFCAB14	0.8503501115333598
RUNX3	MRPS15	0.8500785845463174
SFPQ	DHCR24	0.8500431429793015
SMAP2	PLEKHM2	0.8498144101309134
VAMP3	PTPRU	0.8493596622384488
HP1BP3	AKR1A1	0.8489102818348078
PRDM16	AHDC1	0.8486892299902845
ZCCHC17	FAM87B	0.8485256759163688
NOC2L	KDM4A	0.8484707586262581
HEYL	MTOR	0.8483878009302749
AKR1A1	KLHL21	0.8482508232724211
NFYC	MMEL1	0.8482247317343776
NFIA	STK40	0.8479919677312339
HES5	CACHD1	0.8479824120212637
SFPQ	AC093425.1	0.8479796514329578
VAMP3	PINK1-AS	0.8478121252075409
MAGOH	PAQR7	0.8477530714050944
YBX1	EIF2B3	0.847626291489161
NFYC	TMEM69	0.8474327128829982
ZNF362	PGD	0.847295716254247
HP1BP3	PIK3CD-AS2	0.8472652706185085
SFPQ	ZYG11A	0.8468907474756674
ZBTB40	ZNF684	0.8468544968354141
HP1BP3	TNFRSF9	0.8466941591317846
LUZP1	CC2D1B	0.846492204584561
ZBTB17	LINC00339	0.8463929288893578
NFIA	CYP2J2	0.8463422903836493
NOC2L	CAP1	0.8463357057091212
LUZP1	LINC00339	0.8462795803741539
ENO1	ZBTB8OS	0.8458273918428929
SCMH1	AL391244.2	0.8457410768696187
MAGOH	SRSF4	0.8457172860091015
ZBTB40	SESN2	0.8456167817984988
MAGOH	HYI	0.8456139953593339
SCMH1	H6PD	0.8454648151908418
MAGOH	ZBTB8A	0.8453339354215835
HP1BP3	AL109627.1	0.8451450033718355
HP1BP3	LUZP1	0.8451046966714967
YBX1	ACAP3	0.8449777977473458
SCMH1	AL031005.1	0.8445866926270836
SSBP3	ATPAF1	0.8444507989793093
LUZP1	CAPZB	0.8444164734499103
NOC2L	PRKCZ	0.844066242079851
RUNX3	DHRS3	0.8439552793910994
CPTP	OTUD3	0.843695856818426
YBX1	MYCBP	0.8436761800555448
YBX1	CELA2B	0.8430906871417994
NOC2L	LINC02574	0.8425229962283881
SCMH1	NBPF1	0.8424880235244736
RLF	EPB41	0.8424436398671629
YBX1	SMIM1	0.8422091830606212
POU3F1	OTUD3	0.8421079917086208
YBX1	PUSL1	0.8418533880462328
HES4	KCNAB2	0.8415992143341826
FOXO6	HMGCL	0.8414316623474744
YBX1	RPL22	0.8414149751108169
RUNX3	RPL11	0.8413226330627488
ASAP3	UROD	0.8410238625714415
SSBP3	PPIH	0.8410106134089367
MAGOH	SPATA6	0.8408546307693504
ZNF691	DNALI1	0.8407605645325321
VAMP3	THEMIS2	0.8406979412092729
YBX1	SLC35D1	0.8406130247027815
SFPQ	AC099791.4	0.8405319238575305
CPTP	VAMP3	0.8404892685388041
ZNF684	KIF17	0.8402768521367865
SFPQ	TCEANC2	0.840097792992561
ZNF691	KTI12	0.8399700169812615
LUZP1	WDR78	0.8399391946707417
AKR1A1	AL391244.2	0.8399023334522052
NFYC	ERI3	0.8397469463217889
PRKAA2	ZFYVE9	0.8397457836159029
SSBP3	FHAD1	0.8395637493483985
ZNF362	DNALI1	0.8394527576509161
ZCCHC17	CDKN2C	0.8394207071461852
SSBP3	LINC01128	0.8393871185641002
ENO1	PDIK1L	0.8391558790790645
AKR1A1	ASAP3	0.8390879450043134
LUZP1	LCK	0.8387245577427956
ZNF436	ZC3H12A	0.8386194349284587
AKR1A1	CACHD1	0.8384726040176674
NOC2L	AL691432.2	0.8384390066477535
POU3F1	MED8	0.837940685130285
ENO1	DNAJC16	0.8379250408778913
PRDM16	MMACHC	0.837872320406798
NFYC	EFHD2	0.8377703224401766
MAGOH	CYP4B1	0.8374343101933054
SMAP2	HES5	0.8373220643977161
FOXJ3	PTP4A2	0.8372475698992674
VAMP3	ZC3H12A	0.8369864446875713
HP1BP3	BX284668.5	0.8364340462576901
SMAP2	DNAJC11	0.8363904986978113
RLF	MXRA8	0.8358901058533017
ZNF362	TMEM234	0.835868170676052
HDAC1	DMAP1	0.8357948324824132
ENO1	PPCS	0.8354614100609346
ZNF436	CENPS	0.835331306084102
NFIA	IPO13	0.8353274505773414
AKR1A1	POMGNT1	0.8352875150263319
CPTP	HSPG2	0.8346129263304715
JUN	PHF13	0.8344474389895047
ZNF362	PPCS	0.8342602116477923
ZBTB17	SLFNL1	0.8341462584513426
CPTP	EIF3I	0.833995761500904
RUNX3	NUDC	0.8339062315802732
HES5	EFCAB14	0.8338524059815186
HP1BP3	NDUFS5	0.8331848403353753
VAMP3	KCNAB2	0.8331813299305122
VAMP3	AL357079.1	0.8331228652858232
RLF	LINC01359	0.8330726482593603
AGMAT	AGO1	0.8330240894901256
CPTP	RNF11	0.8329914680312617
MAGOH	AL109811.1	0.8328406051715799
SMAP2	ERI3	0.8328001893712041
SMAP2	SDHB	0.8327492142050098
DMAP1	AGRN	0.8326702887071227
PRDM16	PEX10	0.832645407761318
YBX1	FAM229A	0.8323570531121977
RUNX3	SSU72	0.8322712713267271
SMAP2	UBXN10-AS1	0.8322424691438352
MORN1	PLEKHM2	0.8319930603624996
SSBP3	TENT5B	0.8317255352128688
DMAP1	TTC39A	0.8316873198895899
ASAP3	B4GALT2	0.8315184053344811
NFIA	NCDN	0.8314135621256689
TP73	CLSPN	0.8313930707434511
CPTP	AL358075.2	0.8313599652669335
FOXD3	ZNF362	0.8313277148442981
JUN	TRAPPC3	0.8313088652077968
ZCCHC17	TRABD2B	0.8312910609201131
PRKAA2	TENT5B	0.8312257127905637
NOC2L	PNRC2	0.8306904024450235
NOC2L	ENO1	0.8306606151083907
JUN	PPP1R8	0.8304960674394032
ZNF362	MUL1	0.8303118040292
SFPQ	RNF19B	0.8301583839918907
FOXJ3	KIAA1522	0.8300787232271145
YBX1	ZSCAN20	0.8298907398673764
TAL1	ANKRD65	0.8295429044795091
HES4	RCC2	0.8290331364770014
JUN	UQCRH	0.8289939681114491
DMAP1	CLSPN	0.8288942097138329
ZNF436	AK2	0.8287386720381299
SFPQ	STX12	0.8287067700993618
ENO1	CNR2	0.8285572034305019
DMAP1	BTBD19	0.8284999109752607
ASAP3	AK4	0.8281938987859562
LUZP1	PSMB2	0.8281838658274716
GMEB1	AL034417.2	0.8281783660831284
SCMH1	NECAP2	0.8281124237796682
RLF	AL691432.2	0.828073671424389
LUZP1	ARHGEF10L	0.8279909452535197
ZCCHC17	AC119674.1	0.8278275562674468
ZFP69	AL136115.2	0.827715732961006
ZNF684	ZYG11B	0.8276702920024016
MAGOH	SELENON	0.8272698718334123
POU3F1	TESK2	0.8269902045979147
HES4	JUN	0.8268789404805605
ZNF684	ACOT11	0.8268704615335316
JUN	PEX10	0.8266675328214667
JUN	LINC01128	0.8265565242034503
HES4	EVA1B	0.8265022103076156
ZNF691	TTC4	0.8264424179545672
SCMH1	TTC4	0.8262403889545419
MAGOH	TMEM69	0.8261731748700268
RUNX3	C1orf216	0.8259072226966027
VAMP3	KDM1A	0.8259042026049946
SFPQ	TRNAU1AP	0.8258944353427414
HP1BP3	AL031848.2	0.8258862066829856
SFPQ	UROD	0.8258701467214844
NFIA	RPS8	0.8257890476912786
CPTP	EMC1-AS1	0.8257154095518675
MYCL	AGO4	0.8256849603584476
ZSCAN20	WDTC1	0.8255691114701869
NOC2L	AKIRIN1	0.8254829330790763
MAGOH	RIMKLA	0.8254733975792687
CPTP	ACAP3	0.8252098377138701
SMAP2	TNFRSF14-AS1	0.825117734568581
POU3F1	NDC1	0.8249660451220066
HP1BP3	NDC1	0.8248350221433115
HIVEP3	AGMAT	0.8244265278858558
HES5	ZBTB8OS	0.8244181064348705
JUN	LUZP1	0.8243278401375302
JUN	CAMTA1-IT1	0.8242601034941641
RUNX3	TEKT2	0.8241406685123515
MAGOH	TNFRSF4	0.8240921029044442
ENO1	CYP4B1	0.8239231958920148
CPTP	AGO3	0.8237674538085884
LUZP1	AL450998.2	0.8235249541618006
HIVEP3	ZDHHC18	0.823334411200522
RUNX3	ANKRD65	0.8232895545595351
ZNF691	MRTO4	0.823164010775011
NFIA	ST3GAL3	0.8230529178456513
ENO1	PIK3R3	0.823027922016893
RUNX3	ZBTB8A	0.8226497878546285
SFPQ	EIF4G3	0.8226009401121526
VAMP3	SELENON	0.8225781337454514
GMEB1	TNFRSF1B	0.8225757297893966
JUN	LINC00115	0.8225392490240679
RUNX3	CENPS	0.8223798777748683
ENO1	NRDC	0.8222661036670306
YBX1	KIAA0319L	0.8221369584024523
ZCCHC17	MMEL1	0.8217899529104877
JUN	AL512353.1	0.8217683784791728
LUZP1	MAST2	0.8217046150671677
MAGOH	DNAJC8	0.8216213611511857
MTF1	EFHD2	0.8215808292906607
LUZP1	TNFRSF18	0.8214938950097337
RUNX3	LINC00115	0.8214598949228392
NFYC	LINC01128	0.8214039881539502
ENO1	HNRNPR	0.8211450490315302
ZFP69B	UBE2J2	0.8208396395931813
RUNX3	AC114488.3	0.8207846570746832
MTF1	BX293535.1	0.8207186736514331
PRDM16	ZFYVE9	0.8205319149617307
FOXD2	AC119674.1	0.8203803184577203
JUN	OTUD3	0.8202143452786517
ZNF684	AL034417.2	0.8200304427540306
AGMAT	AL359881.2	0.8198953142903614
ENO1	HP1BP3	0.8198925240762605
SMAP2	MEGF6	0.8198759824744889
RUNX3	ZC3H12A	0.8198290507125644
PRDM16	TTC4	0.8198275821180041
ZCCHC17	KPNA6	0.8197960736423742
RLF	GALE	0.8197646138491398
KDM4A	C1orf174	0.8196579144357571
CPTP	TSSK3	0.8196101397734749
LUZP1	C1orf167	0.8194219551116347
RLF	AL020997.2	0.8194065346435361
HIVEP3	TARDBP	0.819132006325617
HP1BP3	TAS1R3	0.8190272640559094
JUN	BSDC1	0.8189084177546223
AKR1A1	MOB3C	0.8188731719036594
HES4	MAGOH	0.8186820305789995
HP1BP3	AC004865.2	0.8185677557023147
SMAP2	LDLRAP1	0.8183635191329663
ZCCHC17	MFSD2A	0.8181548906525205
ZBTB40	HOOK1	0.818096518590033
YBX1	MXRA8	0.8180674563977984
ENO1	SRSF10	0.8180061932156228
MAGOH	KIAA0319L	0.8178523694146317
YBX1	MECR	0.8176736633907777
RUNX3	RERE	0.817615750807104
ZBTB17	RAVER2	0.8173123458427535
HP1BP3	CYP2J2	0.817073307384483
ZNF691	LRRC42	0.8169614450698895
ZCCHC17	PNRC2	0.8168971661643066
ZNF691	C1orf122	0.8168937359267895
MAGOH	CAMTA1	0.8168172397829889
RLF	ZNF684	0.8166483080657271
TFAP2E	SESN2	0.8166012223566866
HIVEP3	EBNA1BP2	0.8165847940073361
LUZP1	LINC01358	0.8163946734252674
HES4	GNL2	0.8163828649639354
ENO1	GMEB1	0.8160380371726448
DMAP1	AL031432.3	0.8159667733661184
AKR1A1	CLIC4	0.8157200455554174
JUN	GNL2	0.8154606144883004
AKR1A1	BX284668.5	0.8153029244866835
EXO5	PTCH2	0.8151492281675367
SFPQ	ZFP69	0.8149137916553758
SSBP3	WNT4	0.8149065717312646
ZNF436	PLPP3	0.814693050144653
ZCCHC17	ATP6V0B	0.81449613308301
SCMH1	LINC00339	0.8143227628623739
HP1BP3	STX12	0.8142988811348463
DMAP1	MTF1	0.8142320396933018
RUNX3	C1orf159	0.8141088175407438
RUNX3	LZIC	0.814009285423402
MAGOH	ZC3H12A	0.8139962575592743
SFPQ	ATAD3A	0.8138198427184813
SFPQ	HES4	0.8136775933095762
FOXD3	EIF2B3	0.8135961004047916
SMAP2	SLC25A34	0.8133311429177434
DMAP1	SMIM12	0.813305885172958
ZNF684	LDLRAD2	0.813095071304657
CPTP	SLC25A33	0.8130032651145529
NFIA	SLC25A34	0.8128007777143981
LUZP1	PPT1	0.8127965256682915
RLF	LINC01409	0.8127172879356819
ZCCHC17	PANK4	0.8126091303009416
NOC2L	HNRNPR	0.8122753425852606
RLF	MFN2	0.8122433672870454
ZBTB17	LRRC47	0.8120540012712633
AKR1A1	ZBTB48	0.8119434007017058
ENO1	TAS1R3	0.8118536086275379
SFPQ	COL8A2	0.8116828071857649
ZBTB17	INPP5B	0.8112070454356076
HP1BP3	ZYG11B	0.8111612671768091
ENO1	UTS2	0.81106578414762
ASAP3	PTAFR	0.8110449208280411
FOXJ3	AL450998.2	0.8106377731229045
ZNF436	LINC02574	0.810629200345063
RUNX3	H6PD	0.810597234958941
ZNF362	SDHB	0.8104701988461926
HIVEP3	DNAJC16	0.8103948138789835
ENO1	LCK	0.8099421678000654
ENO1	KLHL21	0.8099297411921544
SFPQ	SF3A3	0.8095974586915322
AKR1A1	AL031432.4	0.8094592539575527
POU3F1	CCDC163	0.8092765066930593
TAL1	OTUD3	0.8090524742829353
DMAP1	PARK7	0.8090211326413145
RUNX3	PIK3R3	0.8089998642288793
NFYC	TTC4	0.8088769731515646
NFIA	PATJ	0.8088402685426758
NOC2L	AGO1	0.8088056018449549
ZBTB40	MACF1	0.8085577180117139
NFIA	FAAH	0.8085515385655692
LUZP1	GPN2	0.8085346903338957
ASAP3	MYCBP	0.807869882173766
RLF	TMEM59	0.8075939330998719
YBX1	ATAD3B	0.8074387900907296
ZNF684	UQCRHL	0.8072975301296812
ENO1	LAPTM5	0.8071820258042313
ZSCAN20	ZBTB48	0.8068623926779822
GMEB1	TXLNA	0.80682164580895
SSBP3	THRAP3	0.8065394803417889
SCMH1	CDKN2C	0.8060512062016145
ENO1	AC099791.4	0.8060443470601909
PRDM16	GPN2	0.8059526347532991
LUZP1	GPR3	0.8059471900323238
NFYC	CAPZB	0.8059239199247523
ENO1	FAM167B	0.8059111985623321
VAMP3	FAM41C	0.8058892570832803
RUNX3	ITGB3BP	0.805877576989898
CPTP	TESK2	0.8055023173331243
SSBP3	LINC01715	0.8049961066600984
MTF1	EPS15	0.8048621428076035
SMAP2	RIMS3	0.8047376902757218
NFYC	JAK1	0.8046249051212949
HP1BP3	FHL3	0.8044969247095409
LUZP1	KIAA1522	0.8044744745601662
SSBP3	PHF13	0.8044324431040069
ZBTB48	SRARP	0.8043508550503885
DMAP1	CCDC30	0.8042885188483676
ZBTB17	FBXO44	0.8042859159369192
MAGOH	TIE1	0.8038163875052228
LUZP1	B4GALT2	0.8037929345796344
MAGOH	ZNF593	0.8037185261643582
RUNX3	ZDHHC18	0.8036848653436064
YBX1	TMEM35B	0.8036355432388139
VAMP3	TNFRSF25	0.8034089961335606
SSBP3	EVA1B	0.8030530433777325
SMAP2	THEMIS2	0.8025052715399914
SMAP2	SNHG12	0.802363005310572
NFIA	EPS15	0.802333048345052
HDAC1	DFFB	0.8022593713840351
TAL1	KDM1A	0.802008319749627
EXO5	SDHB	0.8019698024645431
KDM4A	EPHA2	0.8017787670414145
SCMH1	ATP13A2	0.8016884655065682
NFYC	CASP9	0.8015874066280537
AKR1A1	SFPQ	0.8010579096788036
HP1BP3	MYSM1	0.8008313501635241
SSBP3	MACF1	0.8005704706666495
YBX1	CASZ1	0.8005343005915755
FOXJ3	OMA1	0.8001206523811379
HDAC1	UTP11	0.7998224912431247
MYCL	MECR	0.799683142132877
MAGOH	LINC01770	0.7995206604485092
MYCL	AL031005.1	0.7994867677071891
MAGOH	SGIP1	0.7994477362494276
SSBP3	AL034417.2	0.7993999857788807
HES4	IPO13	0.7993439824133096
JUN	AL031432.3	0.7993312016515366
NFYC	ST3GAL3	0.7993077728786235
FOXJ3	TNFRSF18	0.7992929504185834
CPTP	ECE1	0.7992292480496915
HES5	MOB3C	0.7988875903355809
AKR1A1	SPEN	0.7988424388224381
YBX1	CZIB	0.7987049750493916
ZBTB48	FAM41C	0.7986553994367938
ZBTB17	CAMTA1-DT	0.7983965443780997
SFPQ	ZMYND12	0.7983444413949785
ASAP3	TAL1	0.7978330002892658
FOXJ3	PPIH	0.7978071881775557
JUN	ATAD3C	0.7976653441929821
ASAP3	ZBTB8OS	0.7973744341300979
PRDM16	TMEM200B	0.7973459542425494
HP1BP3	MTHFR	0.7971676631461915
SSBP3	PEF1	0.7969096667041181
HIVEP3	SCNN1D	0.7966594188700968
ZBTB17	AL627309.5	0.79649348952733
FOXO6	CEP104	0.7964793073193708
RUNX3	NDUFS5	0.7963553921142007
DMAP1	NDC1	0.796354307652044
HP1BP3	DNAJC11	0.7963128905468266
JUN	CNR2	0.7962346021893965
SMAP2	PINK1-AS	0.7960774152311624
JUN	AL513493.1	0.7959201149468699
RUNX3	LINC01137	0.7958788543145924
HES4	USP24	0.7958692893672971
ENO1	TIE1	0.7957974131030359
ZBTB48	TSSK3	0.7955640732585865
NOC2L	CDC42-AS1	0.7954213962107927
ZNF691	ALDH4A1	0.7953706773399366
HDAC1	FBXO2	0.7953706664764132
RUNX3	MTFR1L	0.7953296375575788
ZCCHC17	FUCA1	0.7951953208547298
MAGOH	PGM1	0.7950344014855719
MORN1	ZBTB40	0.7949608198216203
NFYC	AL050341.2	0.7947204917859907
JUN	MTFR1L	0.7947139762594869
GMEB1	BTF3L4	0.7946610651539489
GMEB1	KIAA2013	0.7944526941992001
VAMP3	DNAJC8	0.7943865182003553
RUNX3	USP48	0.7943860438967967
RUNX3	FAF1	0.7943571584837084
ZNF691	AL359881.2	0.7943184153187652
FOXD3	UBIAD1	0.7943147071207589
AKR1A1	JAK1	0.7942206154314763
ZCCHC17	PABPC4-AS1	0.7941293506664872
NFIA	MIIP	0.7940600783651
FOXJ3	AL034417.3	0.79402517582661
RUNX3	EIF2B3	0.7938496332708769
FOXJ3	TNFRSF8	0.7937553584165735
PRKAA2	DNAJC11	0.7937518311255332
KDM4A	LINC01770	0.7936976013578835
SFPQ	EFCAB14	0.7936389826701452
NOC2L	FAM229A	0.7936060825161304
HP1BP3	AC099791.4	0.7935669980177326
LUZP1	SMAP2	0.7935145202588031
AKR1A1	FAM110D	0.7934851036474766
HP1BP3	YRDC	0.7934564319321774
SFPQ	C1orf122	0.7934080748711145
FOXJ3	SRRM1	0.7933327411889638
FOXD3	PRXL2B	0.7933278761434964
NFIA	FAM76A	0.7933275734388691
GMEB1	FABP3	0.7931251750733993
AKR1A1	ANKRD65	0.7931138986873768
LUZP1	HNRNPR	0.7930873789725918
ZFP69B	WDTC1	0.7926149937453769
HP1BP3	GNB1	0.7925528919033107
MAGOH	LINC01359	0.7925303621034795
YBX1	MANEAL	0.7923314473913335
NFIA	EIF2B3	0.7921652163349786
ZNF436	PLEKHN1	0.7921431932723407
ZNF362	TMEM51-AS1	0.7920778178785546
HP1BP3	PPIH	0.7916327244036834
HDAC1	ARHGEF16	0.7915802668184341
ENO1	CPTP	0.791546104016484
RUNX3	CC2D1B	0.7915293089111342
TAL1	AL513218.2	0.7914172565520982
ZFP69B	B3GALT6	0.7913966989064083
NFYC	DOCK7	0.7913044552200236
SFPQ	AK4	0.7912504281711306
SFPQ	EPHA2	0.7912143899567202
ENO1	PEF1	0.7911957481179409
GMEB1	AL121992.1	0.7910076909085368
MTF1	ALDH4A1	0.7908995801194774
ZNF436	CPTP	0.7908471562869975
NFIA	SRARP	0.7904953117108672
NFIA	KIAA1522	0.7903578685037114
ZBTB40	PTCH2	0.7898579761635361
FOXJ3	SELENON	0.7897121501454348
LUZP1	ZNF691	0.7896918626602597
HDAC1	EPS15	0.7896865004641371
YBX1	ADPRHL2	0.7895841591413766
NFYC	KIF17	0.78942578566412
FOXO6	AL356055.1	0.7891173672739731
HES5	SH3D21	0.7890576317163531
SMAP2	ZNF362	0.7885918582955476
JUN	C1orf167	0.7884071648377544
RLF	NECAP2	0.7883496728027104
RUNX3	GPR3	0.7882433511278711
RUNX3	ZYG11B	0.788144283137806
ENO1	MXRA8	0.7880438482327704
YBX1	RNF19B	0.7880098892426548
ZNF684	IFFO2	0.787844895456882
FOXJ3	COA7	0.7877473464709075
NOC2L	RNF11	0.7877356918788163
YBX1	TPRG1L	0.7875624121976936
FOXJ3	DHDDS	0.7872233687900967
ENO1	TCEANC2	0.7870193051605073
RLF	LINC02596	0.7869890562585838
SMAP2	SPEN	0.7869141552502361
RLF	ISG15	0.7867302550874542
HES4	PUSL1	0.7867246611373059
ZNF362	NBPF1	0.7866060356663866
AKR1A1	ATP6V0B	0.7865535307024563
SMAP2	AL031985.3	0.7863939000811886
AKR1A1	AL136985.3	0.7863719484716502
SSBP3	FUCA1	0.7861548785631159
SMAP2	GPR157	0.7861459219049162
ZCCHC17	EIF3I	0.7861361658879671
ZCCHC17	AL031985.3	0.7860528779841385
SMAP2	GPX7	0.7858841239674208
HP1BP3	KIAA2013	0.7854102517039993
ZCCHC17	TMEM201	0.7852528976245648
YBX1	S100PBP	0.7851591743656923
SSBP3	USP24	0.7850812808831075
SFPQ	CEP85	0.7849411949855487
ZCCHC17	EFCAB14	0.7849388684290862
ASAP3	E2F2	0.7847661561492889
ZCCHC17	C1orf167	0.7846222128765998
FOXJ3	YIPF1	0.7845901591138051
ENO1	KDM1A	0.7842664317114078
LUZP1	AL353622.1	0.7839893967083474
YBX1	AL050341.2	0.7838880079227148
YBX1	EPB41	0.7838096267155317
HP1BP3	HES4	0.7837642108179828
MAGOH	LRP8	0.7837422775936334
SMAP2	LINC02574	0.7837194495170353
RUNX3	ZBTB8OS	0.7835219639555627
RUNX3	PIGV	0.7834365396398957
NFYC	WRAP73	0.7832545504855243
SSBP3	FCN3	0.7831885943343398
ZBTB48	HEYL	0.783050857428648
SFPQ	ARID1A	0.7829255523899961
MAGOH	KIF1B	0.7828438308432755
HDAC1	MFN2	0.7827816266941585
MAGOH	YIPF1	0.7827758138895581
POU3F1	INTS11	0.7825031884551562
SFPQ	EPHA10	0.7824903600704768
HDAC1	VAMP3	0.7823889150398358
NFYC	AL359881.2	0.7822916722032582
SFPQ	SLC2A1	0.7822604245258392
YBX1	AL136115.2	0.7822471142562468
ZCCHC17	SMPDL3B	0.7821641652656103
HP1BP3	B4GALT2	0.7821591026464283
SMAP2	MAGOH	0.7820726486016696
VAMP3	ZYG11B	0.7820176888723038
AGMAT	PDZK1IP1	0.7818126094242461
HP1BP3	TAF12	0.7815309772733134
HP1BP3	USP1	0.7814141078909839
ZCCHC17	LINC02606	0.7813631648622319
ZBTB48	TXNDC12	0.7813382330570834
ZNF436	CD52	0.7813311661553911
FOXJ3	AL603839.3	0.7813281150880754
NFYC	NFYC-AS1	0.7809071864080337
ZFP69B	WRAP73	0.7808018605161913
HES4	SH3BGRL3	0.7807845329191522
HP1BP3	AL691432.2	0.7807391750826373
JUN	XKR8	0.7803673038246521
SSBP3	TOE1	0.7802475077491893
HP1BP3	UQCRH	0.7802352700743576
JUN	AL604028.1	0.7801538747933457
RLF	PTPRU	0.7800312079531462
RLF	EMC1	0.7799958479779978
VAMP3	THRAP3	0.7799884776716107
MAGOH	ZSWIM5	0.7797628591186041
CPTP	LINC01771	0.7796604111474829
AKR1A1	MARCKSL1	0.7795612698731524
RUNX3	TUT4	0.7795454753606182
DMAP1	AL135960.1	0.7791788501508483
HP1BP3	SPEN	0.7791636609776648
GMEB1	AGO3	0.7791560845274598
CPTP	HPCAL4	0.7791435142461991
PRKAA2	THAP3	0.779020046366699
ENO1	HPCAL4	0.778918333300766
JUN	MRPL37	0.7788693874106598
RLF	AL139289.2	0.7787601073573919
NFIA	SLC35D1	0.7786721779797399
HES4	ERMAP	0.7785819825264707
ZBTB48	AL139289.2	0.7785470271594231
HP1BP3	SLC45A1	0.778497529445097
DMAP1	TMEM69	0.7781441824490626
HEYL	OTUD3	0.7781299082218978
MAGOH	AL627309.1	0.7780808977282737
TAL1	AL512353.1	0.7777881413712002
ZNF684	MAP3K6	0.777575480849453
HES4	ATP6V0B	0.7774029433783737
GMEB1	USP24	0.7772573076683592
DMAP1	UQCRH	0.777042129452816
MAGOH	AL136115.2	0.7769789947170552
ZSCAN20	TRABD2B	0.776757465583334
SSBP3	SZRD1	0.776632554667409
GMEB1	PINK1	0.7765938430631505
POU3F1	CAMK2N1	0.7765879342685142
NFYC	RHCE	0.7763544126258245
JUN	TMEM200B	0.7762992671099785
HP1BP3	C1orf174	0.7761887320389846
RLF	HPCAL4	0.776135899817122
ZNF684	CACHD1	0.7761142765922694
YBX1	EYA3	0.7757031330597698
MORN1	ZFYVE9	0.7756733472186336
ENO1	SRM	0.7754626167092185
NFIA	CTNNBIP1	0.7753568943792042
HP1BP3	PRDX1	0.7752091890753093
NFIA	TESK2	0.7750520279419403
HDAC1	DDI2	0.7750476994257225
ZBTB48	SYF2	0.7749676857003834
SMAP2	MAST2	0.7748781308045251
RUNX3	FBXO42	0.7747404873728337
PRKAA2	DOCK7	0.7746450139687743
ENO1	PRDM2	0.7744804080491532
NOC2L	ARTN	0.7744452920459199
RUNX3	EIF4G3	0.7742222893562644
HP1BP3	SLC30A2	0.7739972698172931
RLF	AL450998.2	0.7738506558561775
MAGOH	PRDM16	0.7736919259016664
SFPQ	OXCT2	0.7735457648380725
NOC2L	PITHD1	0.7735197428304534
JUN	AL513218.2	0.773494814867593
FOXJ3	TESK2	0.7734531038042524
SFPQ	LSM10	0.7734485963067843
MORN1	MXRA8	0.7728692801993206
LUZP1	PIGV	0.7727090479147579
LUZP1	DDI2	0.7726538401748848
VAMP3	SRM	0.7724973130906424
ZBTB48	NFYC-AS1	0.772386445070405
ZCCHC17	CASP9	0.7723567261719201
HIVEP3	LNCTAM34A	0.7723120757646195
POU3F1	PITHD1	0.772102751504891
SFPQ	AL450998.2	0.7720394066266236
HP1BP3	WDTC1	0.7720366507036519
ZCCHC17	CAMTA1-IT1	0.7718951063175526
ZNF684	MTFR1L	0.7716843800731815
PRDM16	AL050341.2	0.7715990204334514
PRDM16	FAM87B	0.7715523101914871
SCMH1	TPRG1L	0.771347443314542
YBX1	NADK	0.7711009779563601
VAMP3	NMNAT1	0.7708407775836199
HIVEP3	KHDRBS1	0.7708133339403084
ZNF436	LAPTM5	0.7706122918708451
ZNF436	THAP3	0.770591083341048
RUNX3	UBE4B	0.770310730956262
MAGOH	GNB1	0.7702745110241536
TAL1	TMEM59	0.7702598298012071
ENO1	SLC25A34	0.7700274306055434
NFYC	OTUD3	0.7699493574230356
ENO1	KPNA6	0.7699458366602437
RLF	LYPLA2	0.7698288476199048
DMAP1	KIF17	0.7698189202555423
LUZP1	PPIH	0.7697997918914242
MAGOH	CNR2	0.7697193666627639
HDAC1	EFCAB7	0.7694689027760162
RUNX3	SLC45A1	0.7693636522477049
NFIA	CORT	0.7690879830968234
MAGOH	MIER1	0.7687065061362128
HEYL	SLC25A33	0.7686926997294787
SFPQ	NRDC	0.7685705991939819
RUNX3	LRRC47	0.7685357022718098
ZBTB48	ZMYM6	0.7683939983213222
YBX1	SESN2	0.7683801800207829
VAMP3	TTC34	0.7683642244868242
MAGOH	TMEM52	0.768214133454377
ZNF691	UBE2J2	0.7682052131815738
POU3F1	AL606760.2	0.7678829094240434
RUNX3	SDHB	0.7678608859424874
ZBTB48	KIF2C	0.7675927428841998
RUNX3	RNF220	0.7674637238747091
MAGOH	PEX10	0.7674477899408201
HDAC1	ELOA-AS1	0.7670457100290472
SSBP3	TMEM53	0.7670234425497761
ENO1	DHDDS	0.7669898278372557
HES5	DNAJC11	0.7668645594012322
POU3F1	THRAP3	0.7667248619971567
VAMP3	AKR1A1	0.7665477644803846
ZNF362	CAMK2N1	0.7663939420382028
CPTP	TMEM59	0.7663891224917236
GMEB1	DRAXIN	0.766361455931912
SFPQ	PDZK1IP1	0.766019478650576
JUN	UBE2J2	0.7658377878005521
NFIA	KDM1A	0.7657292653880723
HP1BP3	SLC2A1	0.7655283985944
NFYC	DMAP1	0.7653302855074545
YBX1	CAMTA1	0.7651895573076399
LUZP1	PINK1	0.7648432564792502
E2F2	TMEM52	0.7648117050872882
HDAC1	TNFRSF9	0.7647125266718033
AKR1A1	UROD	0.764665479083093
ZNF362	THRAP3	0.7645069596766786
SFPQ	RPS8	0.7641557095749384
RUNX3	SNHG3	0.7639764108453454
CPTP	VPS13D	0.763973588443323
MTF1	MFN2	0.7637225101485635
SFPQ	RUNX3	0.7635288236911836
HES4	DNALI1	0.7634025446568028
SSBP3	PATJ	0.7632845281970978
JUN	PINK1-AS	0.763259734336351
RLF	SMPDL3B	0.7626712237028423
YBX1	NFYC	0.7624813690750551
NFIA	CYP4X1	0.7623912001440457
TAL1	WDR78	0.762381333526708
RLF	LINC01135	0.7623523568182209
YBX1	C1orf50	0.7623321179727532
VAMP3	RNF223	0.7623069125832286
AKR1A1	SDC3	0.7622038036935707
SMAP2	STK40	0.7621055526526636
HDAC1	HMGN2	0.7619229897072913
TAL1	TMCO4	0.7619141983808618
MAGOH	NECAP2	0.7618426344474452
MAGOH	LINC01767	0.7617173760383358
ZNF362	PRKCZ-AS1	0.7614422607834566
GMEB1	UBR4	0.7614042259259837
NOC2L	STMN1	0.7613253145549623
GMEB1	MTFR1L	0.7613202064011276
ZBTB48	SLC35E2A	0.7610619604928642
JUN	UTS2	0.7610599070116284
HES4	FGR	0.7609094670838348
AKR1A1	NBPF1	0.7608028332114278
HDAC1	EIF4G3	0.760789146830752
DMAP1	TCTEX1D1	0.760538427687848
ZBTB17	NPHP4	0.7605360815840242
ZBTB17	RPL22	0.7605269533665222
DMAP1	TACSTD2	0.7603503997746337
AKR1A1	IFI6	0.7600953409688063
DMAP1	NASP	0.7599781451796017
MAGOH	ZMYND12	0.7598617422154117
RLF	HIVEP3	0.7597579785366424
ENO1	FUCA1	0.7592166366088219
RLF	RPS6KA1	0.7592144793559049
YBX1	TMEM51	0.7590443112021195
FOXJ3	PPIE	0.7589947370231026
POU3F1	KIAA1522	0.7588509201542709
NOC2L	MEAF6	0.7588051997690306
SCMH1	KIAA1522	0.7586142478609399
HP1BP3	BX293535.1	0.7584985760809035
AKR1A1	PHF13	0.7584405402747304
HP1BP3	TP73	0.7583083132760838
TAL1	ASAP3	0.7581252273340675
HIVEP3	MAP7D1	0.7580098848131402
SMAP2	AL391244.2	0.7576889174263655
AKR1A1	CTRC	0.757644950137688
HDAC1	AL512353.1	0.7576208785521703
ZBTB40	HDAC1	0.7575761666633514
YBX1	NMNAT1	0.7574199090101856
ZCCHC17	UBR4	0.7573934844391546
KDM4A	RCC1	0.7570770672161902
SMAP2	AL031848.2	0.7567478680095862
RLF	TNFRSF18	0.7559874745321482
MYCL	AL606760.2	0.7558570677150115
YBX1	UBXN10	0.7557798814160234
JUN	AK2	0.7557295418915436
ASAP3	SLC35E2A	0.7554867860256219
ZCCHC17	TMEM50A	0.7554407347763856
RUNX3	WRAP73	0.7551089849577082
RLF	ZFP69	0.7550734218934141
RLF	TXLNA	0.7548733503029935
ZNF691	TOE1	0.7547648461568788
HP1BP3	PHC2	0.7546521565707885
ENO1	ATP13A2	0.7546131863461697
NFIA	PTPRU	0.7546004907664705
HP1BP3	TSPAN1	0.7542446020750604
SMAP2	AL136985.3	0.754201786170759
DMAP1	PPT1	0.7540672105957587
ZNF691	PDZK1IP1	0.7540126900138033
YBX1	AL109627.1	0.7539353749873002
ZNF684	AL021155.5	0.7536444475693217
AKR1A1	TMEM54	0.7536271384182527
AKR1A1	UBR4	0.7531961546173418
HDAC1	RNF207	0.7529837894346135
AGMAT	MIIP	0.7528924396872104
HDAC1	ARTN	0.7528673270981274
AKR1A1	FAAP20	0.7528322166070958
MTF1	C1orf159	0.7528030066500487
RLF	MRTO4	0.7526483565810166
CPTP	TNFRSF4	0.7525984435672687
LUZP1	AC004865.2	0.7523603197558654
HP1BP3	EFCAB14	0.7522118339633884
DMAP1	AJAP1	0.7521577384380318
HEYL	MMACHC	0.7521473132699311
ASAP3	ANKRD65	0.7520850030873402
KDM4A	SELENON	0.7518656321828571
MORN1	C1orf174	0.7518058346706221
HP1BP3	PRDM16	0.7518043876829064
LUZP1	CYP4B1	0.7516450723029752
ZNF436	SMPDL3B	0.7515169412572185
DMAP1	RIMKLA	0.7513896744422207
RLF	ZSWIM5	0.7511312541552726
SMAP2	UBIAD1	0.7511298213294336
AKR1A1	EPHB2	0.7511134299324884
ZFP69B	C1QTNF12	0.751073067305031
RLF	ATP5IF1	0.7509806865916407
MORN1	TCEA3	0.750911876568685
DMAP1	SLC1A7	0.7507406284628606
SMAP2	ZYG11B	0.7506938185519073
GMEB1	SNHG3	0.7503513414630687
LUZP1	SRRM1	0.7503080949352107
TAL1	UROD	0.7501709251106143
ZCCHC17	ZBTB8A	0.7497624572286241
GMEB1	DNALI1	0.7497515277320169
VAMP3	WRAP73	0.7496819566564182
HIVEP3	TXLNA	0.7496511300826619
ENO1	SPSB1	0.7491455021330782
NFIA	ZBTB48	0.7490866093695076
VAMP3	AZIN2	0.749085785802944
FOXJ3	AL590822.3	0.7490204212889637
ZBTB48	TMEM69	0.7489735004022188
NFYC	EFCAB14	0.7488699781297417
AKR1A1	MDS2	0.7487744444043769
SFPQ	HSPB7	0.7485946979936043
LUZP1	AJAP1	0.7485630516153186
GMEB1	RBBP4	0.7485119990235977
DMAP1	ARHGEF10L	0.7484631609891261
FOXJ3	SYF2	0.7478759303666184
MAGOH	MUTYH	0.7478505538843285
GMEB1	XKR8	0.7476433690407659
RUNX3	AL050341.2	0.7476207566598125
YBX1	FAAP20	0.7475913144344118
ZCCHC17	HSPG2	0.7473347827953424
NFIA	PRKCZ	0.7472521449206059
ZCCHC17	TMEM35B	0.7472417608275621
CPTP	CYP2J2	0.7472310944372034
YBX1	SMAP2	0.747136048063471
NFIA	AL135960.1	0.7469376437282276
FOXJ3	RPS8	0.7468916527227433
ENO1	AL805961.1	0.7467797980650928
ZNF362	EPHB2	0.7467545725839155
SMAP2	LYPLA2	0.7467388272854594
HP1BP3	BMP8A	0.746610164917048
HP1BP3	KHDRBS1	0.7465051527315344
HEYL	NOL9	0.7464720507504157
ENO1	SH2D5	0.746465379645995
MAGOH	NSUN4	0.7463877154464744
MAGOH	AL021155.5	0.7463040601019791
NFIA	BX284668.2	0.7462554413545041
SSBP3	SYF2	0.7462374586964244
VAMP3	PITHD1	0.746113077967046
AKR1A1	ZMYM4	0.7460143823872851
HP1BP3	USP48	0.7459486469953953
SSBP3	FNDC5	0.7459349173885436
HP1BP3	ENO1-AS1	0.7458004882506868
SFPQ	NECAP2	0.7456417957853655
FOXJ3	C1QB	0.7455543188647499
FOXJ3	DVL1	0.7454736684194342
NOC2L	ESPN	0.7452642402518924
ZCCHC17	FABP3	0.7450502324036781
YBX1	LINC01359	0.7450440686486988
HDAC1	SNIP1	0.745023268269742
RUNX3	RAVER2	0.7449641182770159
JUN	KHDRBS1	0.7449037605428525
NFYC	TESK2	0.7448703455989998
RUNX3	AGTRAP	0.7448637395818629
MAGOH	SSBP3	0.7447075883584346
ZFP69	CNR2	0.7442501206501309
DMAP1	TMEM51-AS1	0.7441200575475876
NFYC	INPP5B	0.7440713543374379
ZFP69	GPBP1L1	0.7438603734574594
RUNX3	LINC01715	0.7436807971736901
RUNX3	HSPG2	0.7436256044785812
ZCCHC17	FAM229A	0.7436193105017348
VAMP3	SH3D21	0.7435832359632683
NOC2L	TMEM222	0.7434314412668627
HP1BP3	ICMT	0.7433671710574971
ZBTB17	CLSTN1	0.7432699618809036
HDAC1	AL031432.3	0.7431913230965861
MTF1	GPR157	0.7430543809840574
AGMAT	ATP5IF1	0.7430375968681147
ZNF436	NUDC	0.7430063853315424
EXO5	SNHG3	0.7428428922974157
ZNF684	CPT2	0.7427959626587237
FOXJ3	B4GALT2	0.7424776378203207
DMRTA2	GPN2	0.7422334847037033
NFIA	MRTO4	0.7421906910682673
FOXJ3	KIF1B	0.7420487202976959
HP1BP3	SNHG3	0.7419722581650581
RLF	CDC42-IT1	0.7419404149032413
ZCCHC17	TMEM59	0.7419049135925496
ENO1	WASF2	0.7418899485284377
LUZP1	LAPTM5	0.7418860330389851
HIVEP3	TMEM125	0.7418605472456709
JUN	FHAD1	0.7418342648389482
YBX1	HCRTR1	0.7417848292777642
ZNF691	MACO1	0.7412222789102861
ZNF684	DNAJC6	0.7406983641221665
ZCCHC17	NBPF1	0.7404081708448855
SMAP2	NRDC	0.7403268483394841
ENO1	PRKCZ	0.7403233005041118
RUNX3	KIF1B	0.740253029605008
YBX1	HSPB11	0.7402010960377611
ZCCHC17	JAK1	0.7401799857030482
NFIA	TAF12	0.7401142531543028
SSBP3	AK2	0.7399062899793453
ZNF362	B4GALT2	0.7397455488418389
RUNX3	C1orf167	0.7396307403136995
HP1BP3	LINC01562	0.739605596823348
ZNF684	SRRM1	0.7392543022829644
LUZP1	MTFR1L	0.7391732123901534
FOXD2	ZMPSTE24	0.7391459799948107
ASAP3	MTHFR	0.7390734336266015
ZNF691	TRNAU1AP	0.7390155753884556
SCMH1	ALPL	0.7389837572501172
NFYC	ARHGEF10L	0.7389632057671827
ZBTB40	MTFR1L	0.7388879421832084
HDAC1	MARCKSL1	0.7385145158292961
HP1BP3	MOB3C	0.7382876085424558
ENO1	ZDHHC18	0.7381953528421938
PRDM16	KANK4	0.7381566742809407
SMAP2	FBXO42	0.738042731334171
HP1BP3	RERE-AS1	0.7379798506618149
YBX1	MTOR	0.7378259331396895
NFIA	AL139289.2	0.7377995760368503
AKR1A1	DFFA	0.7377989533710134
HP1BP3	GJA9	0.7376957581466244
NOC2L	CCNL2	0.7375929001036315
FOXJ3	MIB2	0.7373983205165463
KDM4A	ELOA	0.7373744533026954
SMAP2	SERINC2	0.7373670979851744
E2F2	UBE2J2	0.7371636068887882
JUN	PSMB2	0.7369271364362192
JUN	ELOVL1	0.7368831055362797
ZNF362	AL606760.1	0.7367160312944522
AKR1A1	TCEANC2	0.7366785314163984
HP1BP3	UBE2J2	0.7365846815914379
HES4	RAVER2	0.7365537049184264
ZCCHC17	CNR2	0.7365487938152133
RLF	RBBP4	0.7365339946054429
YBX1	ZBTB8OS	0.7364854546614081
TAL1	NADK	0.7363372392685472
RUNX3	MAGOH	0.7361514530910487
YBX1	BX284668.5	0.7361416489433268
LUZP1	USP1	0.7359928504132309
LUZP1	NOL9	0.7358423592134231
CPTP	CROCC	0.7357618222301537
SMAP2	RNF11	0.7355642464126652
HP1BP3	HEYL	0.7354284312490879
SFPQ	CD52	0.7351874378611125
MYCL	TAL1	0.7351157687147931
HES4	TMEM201	0.7350245641642608
SFPQ	LURAP1	0.7349257050781589
YBX1	EPS15	0.7348649920508541
PRDM16	NRDC	0.7346989813437992
SSBP3	PPCS	0.7346249832901152
JUN	ZMYM4	0.7344735164592123
ZFP69	ZBTB40	0.7343786788707747
MORN1	CASZ1	0.734228560206755
ZCCHC17	SGIP1	0.7341073082729004
AKR1A1	SKI	0.734089117885347
ENO1	PUM1	0.7337363404775054
NOC2L	WDR78	0.7336825168123937
SMAP2	TMEM51	0.7336262934582872
DMAP1	SZT2	0.7335875647621134
ZNF436	RSRP1	0.733451253247001
MORN1	FGGY	0.733324539722743
SFPQ	PINK1	0.7332662578025405
NFYC	SNHG3	0.7331895781488443
ASAP3	LINC01562	0.733076978197815
HP1BP3	AGTRAP	0.7328602832679134
ENO1	C1orf174	0.7327747658336028
RLF	DDI2	0.7326924212928118
ZBTB48	ZNF436-AS1	0.7325463545055108
MAGOH	EVA1B	0.7324104796802132
RUNX3	MTHFR	0.7316673754210243
SFPQ	HMGCL	0.7316598257201504
VAMP3	NFYC	0.7315702982252894
RUNX3	DVL1	0.7315015393956663
SFPQ	PUM1	0.7314954799183352
HDAC1	PLEKHM2	0.7312988889241285
NOC2L	AL513320.1	0.7311524205322772
AGMAT	NRDC	0.7311459484263395
ZCCHC17	SERINC2	0.7311311169317705
HDAC1	RIMS3	0.7311208701397817
SFPQ	DDI2	0.7310229198490577
HP1BP3	LINC01772	0.7308941386804912
AKR1A1	NFIA	0.7308762485501323
HDAC1	FAM87B	0.7305443121686862
ZCCHC17	OMA1	0.730233796071315
JUN	AURKAIP1	0.730165569519563
ENO1	AL031848.2	0.7301554090716424
DMAP1	RPA2	0.7301010836144548
HES4	KANK4	0.7300391897416637
ENO1	UBE2J2	0.7300061258567384
ZCCHC17	GJA4	0.7299306293745413
AKR1A1	PEF1	0.7295952299517843
ZCCHC17	FAAP20	0.72942037756066
NFYC	SERINC2	0.7293970628897264
LUZP1	MRPL37	0.7293918872834445
RUNX3	HMGN2	0.7291318584182024
ZNF691	UBXN11	0.7291114922295522
CPTP	AC099791.4	0.7287841654928915
YBX1	AL139424.3	0.7287757006680569
ASAP3	CCDC24	0.7287677460292536
CPTP	VWA1	0.7286671785933794
DMAP1	FGGY	0.7286076650813081
RUNX3	GMEB1	0.7285793733013185
SCMH1	ECHDC2	0.7284705897212355
ZBTB17	HECTD3	0.7284354604085239
VAMP3	HPDL	0.7283719195637657
NFIA	MAST2	0.7283645772711006
HIVEP3	COL16A1	0.7283326087351296
ZNF684	UTP11	0.7280868388027913
SMAP2	ARHGEF19	0.7278539214838217
HP1BP3	LNCTAM34A	0.7274685276314151
HES4	ENO1	0.7273976158833968
RLF	AKIRIN1	0.7271569468199945
RUNX3	ZBTB48	0.7268638873143451
ENO1	PPIE	0.7267726059638614
MORN1	TRNP1	0.7265910962060184
ZCCHC17	BTF3L4	0.7265817784941434
ZBTB17	ISG15	0.7261299918495383
ENO1	HCRTR1	0.7261161311117567
NFYC	ZSWIM5	0.7257731621169013
NFIA	CSMD2	0.7257600170811089
AKR1A1	ARTN	0.7256562674534376
ZCCHC17	ZSWIM5	0.7255108168688311
TAL1	TMEM200B	0.725344979466016
GMEB1	FNDC5	0.7250689068555723
MAGOH	THRAP3	0.7248626864436829
HDAC1	PHF13	0.724722409428757
LUZP1	AC093424.1	0.7247030206523648
ZCCHC17	RPS8	0.7247025224920277
AKR1A1	RBBP4	0.7246842371854268
ZNF436	HSPG2	0.7246733010973461
YBX1	AL031280.1	0.7244151774613272
CPTP	MUL1	0.7240118262492872
YBX1	NECAP2	0.7238163889257524
POU3F1	LRRC42	0.7236559894317542
DMAP1	IFFO2	0.7235907702007994
LUZP1	LINC01409	0.7235292292916301
DMAP1	AL450998.2	0.723476371424587
HP1BP3	AL135960.1	0.7234437809797465
ENO1	NDUFS5	0.7231685425016403
SMAP2	AL606760.2	0.7231505652377404
HDAC1	PRDM16-DT	0.7231461595133878
AKR1A1	ELOA-AS1	0.7229969928229216
ZBTB40	YTHDF2	0.7229253858592358
ZBTB17	COL16A1	0.7228883499532665
HES4	PODN	0.7228194164875295
CPTP	ZNF684	0.7225535753762847
LUZP1	PPCS	0.7224973480972255
NOC2L	CASP9	0.7222514370576106
ZCCHC17	RNF19B	0.7219777540278277
NOC2L	TAF12	0.7218945521597606
NFIA	RNF19B	0.721736674752918
HDAC1	AL031432.4	0.7215899581723043
JUN	PTPRF	0.7215074807859008
HP1BP3	TMEM54	0.7214871290885115
ZNF684	CTPS1	0.7207069001467203
HDAC1	HSPB11	0.7204975136765831
DMRTA2	TMEM222	0.7201660687984859
POU3F1	AC093425.1	0.7200308589490683
YBX1	DHCR24	0.7199514501208717
ZBTB17	TENT5B	0.7197780882101915
KDM4A	MTFR1L	0.7196391156686109
SFPQ	AL645608.7	0.7195260092309909
SSBP3	OMA1	0.7194619730576391
YBX1	MRTO4	0.7193742504230477
MTF1	AURKAIP1	0.7193182898008922
ENO1	TMEM54	0.719276798671314
NFIA	AL109811.2	0.7190112529414474
HIVEP3	LUZP1	0.7189015023492227
NOC2L	LINC00115	0.7187786027349755
HES4	SNHG12	0.7185586471032288
YBX1	MMP23B	0.718486549692573
YBX1	MEGF6	0.7184851706058909
AKR1A1	ZCCHC17	0.7177238945382134
MAGOH	LURAP1	0.717550912178184
HDAC1	WDTC1	0.7175362585984829
SSBP3	RSRP1	0.7174650540325612
JUN	PLEKHN1	0.7170473290942974
JUN	AL445248.1	0.7169765289322598
DMRTA2	AC099791.2	0.7169570675023652
POU3F1	KPNA6	0.7169278332904965
TAL1	LUZP1	0.7168028555811989
ZBTB48	HPCAL4	0.7167872587398999
MORN1	DHCR24	0.7167523245504798
DMAP1	SRSF10	0.7166521589223936
E2F2	AL606760.1	0.7163934938091364
NFYC	EPB41	0.7163371154611204
ENO1	MFSD2A	0.7163142453330859
HES4	AL020997.2	0.716163914880443
SFPQ	IQCC	0.715909123767829
ZBTB48	KCNAB2	0.7159070381261634
MAGOH	AL031005.2	0.7158734744482659
ZNF436	AL031985.3	0.71587203748211
LUZP1	MAD2L2	0.7157470284662285
HEYL	PPIE	0.7156546042880062
HDAC1	SDHB	0.7156219634598158
ENO1	PHC2	0.7156132192746644
LUZP1	YBX1	0.7155893238545402
LUZP1	INTS11	0.7154630005156003
ZCCHC17	SVBP	0.7154396605005757
ASAP3	PINK1	0.7153685409271833
DMAP1	AC093425.1	0.7151936367892152
HP1BP3	DNALI1	0.7151179350251679
MAGOH	ST3GAL3	0.7150640164809535
AKR1A1	DNAJC6	0.7148169463917624
ZBTB40	AURKAIP1	0.7147759933500666
DMAP1	FAM76A	0.7142683181518837
KDM4A	LINC01137	0.714264702017585
TAL1	SNRNP40	0.7141217409554138
ENO1	LDLRAP1	0.7138630997196445
HIVEP3	EPHA10	0.7135172715819058
FOXJ3	FUCA1	0.7135025952086267
ZBTB17	CZIB	0.7133903452859528
HIVEP3	AL139246.5	0.7133447817976869
ZCCHC17	PARK7	0.7129463616866341
LUZP1	ATAD3C	0.7127461502740066
HDAC1	SERINC2	0.7125591474210085
HDAC1	GNB1	0.7124924316102731
ZCCHC17	PATJ	0.7124861294428897
POU3F1	PPT1	0.7124756169612052
YBX1	SLC1A7	0.7123397357360224
FOXO6	MAP7D1	0.7120307119559642
HDAC1	EXO5	0.7118442495466064
HES4	CENPS	0.7116927819893805
NFIA	UBE4B	0.7115743758960987
JUN	GNB1	0.7114341312928907
ZCCHC17	ARHGEF10L	0.7113621901844365
JUN	PEF1	0.711348579486254
AKR1A1	DHDDS	0.7113434349291216
ENO1	AL360012.1	0.7112167214253259
ENO1	SF3A3	0.711025643166684
HP1BP3	TNFRSF14	0.7110246760926667
MAGOH	PPIH	0.710931776538157
FOXJ3	PRDX1	0.7109070585223614
RLF	EBNA1BP2	0.7108890136324557
HEYL	EBNA1BP2	0.7107539320660893
ZCCHC17	PRKCZ	0.7107298021266497
CPTP	ACOT7	0.7106569699401938
NFYC	LINC01770	0.7104773346257283
POU3F1	CCDC28B	0.710435331631645
NFYC	TNFRSF14-AS1	0.7103710382344044
GMEB1	PRDM2	0.7103033507733579
DMAP1	CLCN6	0.7102557880669053
DMAP1	TNFRSF25	0.710246006797911
FOXJ3	IFFO2	0.7102425041640594
MAGOH	CDC42	0.7100820388778528
VAMP3	C1orf167	0.7100640967714922
ZBTB40	LNCTAM34A	0.710060434910734
PRKAA2	UBR4	0.7097959820147834
ZBTB40	SLC25A33	0.7097857592642914
SFPQ	IFFO2	0.7096604502934171
SCMH1	RER1	0.7096067859819601
PRDM16	DLEU2L	0.7095919258003567
DMAP1	LDLRAP1	0.7095087215948191
PRKAA2	OSBPL9	0.7094804956981792
MORN1	ROR1	0.7093974322780613
ZBTB17	ENO1-AS1	0.7093959398861436
ZNF436	AL031848.2	0.7091103360003904
SMAP2	AL096840.2	0.7088516560064895
VAMP3	SF3A3	0.7087975012444261
RLF	SLC2A1-AS1	0.7087722156582945
CPTP	CAMTA1	0.708718787905088
NFIA	AL031280.1	0.7084231652124593
GMEB1	AL139289.2	0.7082429024604948
ZNF436	CEP85	0.7080623634068646
TAL1	BX284668.5	0.7079213854291384
SSBP3	HDAC1	0.7077145072114653
SSBP3	ZMYND12	0.7076837476131512
GMEB1	SFN	0.7076205489557855
PRDM16	PINK1-AS	0.7073252789662473
HP1BP3	AC099791.2	0.7072327403543883
SMAP2	PIK3CD	0.7070510052533514
RUNX3	KLHL21	0.7067651071492973
PRDM16	RNF207	0.7064380187836669
SFPQ	LNCTAM34A	0.706363952237204
ENO1	FAAP20	0.706149514728759
HDAC1	PPIH	0.7060814768414562
FOXO6	HSPB11	0.7060519575542326
SFPQ	LRRC47	0.70605075903181
JUN	MEGF6	0.7059709184996015
TAL1	MARCKSL1	0.7059681914668461
NFIA	NDC1	0.7058932519382022
JUN	TPRG1L	0.7058330122741916
JUN	MRPL20-AS1	0.7058010552091198
POU3F1	AKR7A2	0.7054410225729789
SSBP3	PTCH2	0.7053799603715653
MORN1	LRRC47	0.705312591047638
YBX1	AL139423.2	0.7051097138056455
VAMP3	MARCKSL1	0.7050975427269373
RLF	YARS	0.7050693182793075
SSBP3	LCK	0.70500457740368
VAMP3	TM2D1	0.7047538715797892
RUNX3	KDM4A	0.704554927259761
MTF1	CEP85	0.7044128097058816
SMAP2	ALPL	0.7043820650840092
NFIA	EMC1	0.7043518901129532
NFIA	ZSWIM5	0.7038051996179802
RLF	NDC1	0.7034655593312974
VAMP3	DRAXIN	0.7034613500684834
JUN	ZBTB17	0.7031818250264994
RUNX3	SLC35D1	0.7031479712278471
SFPQ	CDK11B	0.7029887062691679
MAGOH	GRIK3	0.7029094819777181
HES5	HPDL	0.7027887066528931
ZBTB17	AL445248.1	0.7027381475934441
ZBTB17	AL034417.2	0.7027026234016237
FOXJ3	PINK1-AS	0.7026719990899464
ENO1	AK2	0.7024182310333412
HES5	HMGCL	0.7022330069315025
RUNX3	LEPR	0.7021483611474797
NOC2L	USP48	0.7021083573392078
AKR1A1	CC2D1B	0.7020644027170028
FOXJ3	RPA2	0.7017584342858703
ZNF362	TTLL10	0.7016100665004854
MAGOH	GMEB1	0.701590777114774
ASAP3	TMEM54	0.7015368554690828
KDM4A	AL020997.2	0.7014476463954425
CPTP	LEPROT	0.7012925485759074
NFIA	LRRC47	0.7012670726343466
HDAC1	FAM131C	0.7011421614110438
LUZP1	KCNAB2	0.7011270359585153
ENO1	MFN2	0.7011034074878307
HDAC1	ATG4C	0.7008654772705021
SFPQ	MANEAL	0.7008533159632127
RUNX3	SMIM12	0.7007154604337633
CPTP	GALE	0.7006907690255696
LUZP1	MOB3C	0.700536819126648
AKR1A1	HYI	0.7005228189203452
ZFP69B	SLC35E2A	0.7004858874551231
TAL1	RBP7	0.7004699628405758
CPTP	SDF4	0.7004656938432025
HDAC1	TRAPPC3	0.7004607974474532
NOC2L	SDHB	0.7004543753229249
NOC2L	AL136985.3	0.7000393313943699
NFYC	RNF19B	0.6998593313969793
ZBTB40	ZC3H12A	0.699816357429941
AKR1A1	HES5	0.6997403378340149
NFYC	MACO1	0.699687487451536
DMAP1	AUNIP	0.6995668923768628
AGMAT	UTS2	0.6995523831463601
AKR1A1	PTP4A2	0.6995165594966388
VAMP3	KIAA1522	0.6994706894345887
ASAP3	MUL1	0.699462297697593
ZNF436	NFYC	0.6993456989963707
HDAC1	C1orf109	0.6993379650643867
SFPQ	PLEKHM2	0.6993292388993813
HEYL	TRNP1	0.6993198408609804
SFPQ	PRDX1	0.6992623986944094
HP1BP3	FBXO44	0.6991456056018224
HP1BP3	AL031432.5	0.6990903397699514
ENO1	SNHG3	0.6988410876634021
VAMP3	LINC01778	0.6988226311641951
RLF	TTC4	0.6985191267327767
ZBTB40	ELOA	0.6984194604388968
NOC2L	LRRC42	0.6982939182759268
RLF	CELA2B	0.6982338454122905
HEYL	C1orf122	0.6977933210228686
SMAP2	PDIK1L	0.697719914166139
SFPQ	C1orf159	0.6975022654435404
RUNX3	FOXO6	0.6974709637496649
DMAP1	CTNNBIP1	0.6974285994548138
PRKAA2	MOB3C	0.6969912098018121
LUZP1	HYI-AS1	0.6968824245652774
ZCCHC17	PPCS	0.6967213767207983
ZBTB17	GABRD	0.6966758301517451
JUN	MACO1	0.6966345671346129
ZCCHC17	PEF1	0.6963814093192472
AKR1A1	NFYC-AS1	0.6963668900852142
GMEB1	POU3F1	0.6963545248772735
TAL1	PTAFR	0.6963319935384593
ZBTB17	DHCR24	0.6962253285781085
AKR1A1	THEMIS2	0.6961732829234488
KDM4A	AUNIP	0.6960730280646873
MTF1	MMACHC	0.6960096460741453
AKR1A1	P3H1	0.695794339015747
LUZP1	FBXO42	0.6957334269140323
VAMP3	TENT5B	0.6956659485877749
DMAP1	STMN1	0.695573051802456
ZNF436	HMGN2	0.6955296792001237
LUZP1	NIPAL3	0.6952820730995226
NFYC	TCTEX1D4	0.6952456733916362
SMAP2	YIPF1	0.6950910722677043
YBX1	C1orf109	0.694988020245037
ZCCHC17	TNFRSF1B	0.6948972523715816
YBX1	AL031432.3	0.6948871488251839
DMRTA2	KIF17	0.6944916031228052
KDM4A	MAP7D1	0.6943596553049317
ZBTB40	ATAD3A	0.6943496261715312
LUZP1	CZIB	0.6943216042737542
YBX1	MKNK1	0.6941770771419156
AGMAT	MMEL1	0.6940451510990774
SFPQ	PDE4B	0.6939034595580164
ZBTB17	MAN1C1	0.6937799015133221
RUNX3	MAN1C1	0.6937400498099126
ZCCHC17	RLF	0.6936958757863559
RUNX3	UBE2J2	0.6934813417163967
FOXD2	CTNNBIP1	0.6932982795947215
YBX1	ATAD3C	0.6932761764744102
ZBTB40	RPL11	0.6927588119770498
ZNF436	AL627309.1	0.6926223149702866
TAL1	CACHD1	0.6924771519917045
MTF1	LINC02777	0.6924168571867468
YBX1	KHDRBS1	0.6923624622399746
ZNF436	MUL1	0.692360406054308
MAGOH	SCP2	0.6923585640191785
HP1BP3	MYCBP	0.6922442203689919
HES4	ELOA	0.6922341637398788
RLF	OMA1	0.6919653122439274
EXO5	HDAC1	0.6918910308835416
FOXJ3	CITED4	0.6918166008392813
HP1BP3	MACO1	0.691650505953425
JUN	AC119800.1	0.691603582556365
SSBP3	CLSTN1	0.6915525369408273
ZNF436	TIE1	0.6914432893698252
ASAP3	ELOA	0.6912483585661644
JUN	TAF12	0.6912058134761206
NFYC	UBR4	0.6910993005099609
SMAP2	MECR	0.6909326377207486
SCMH1	PDIK1L	0.690570827621937
SMAP2	MAD2L2	0.6904935164178877
HP1BP3	MICOS10	0.6904263406737138
SMAP2	ZBTB8OS	0.6903856033672937
RLF	CCDC28B	0.6903305865936054
CPTP	FAM41C	0.6901716415609843
NFYC	RNF220	0.690103483218857
ZCCHC17	AGO4	0.6899936071099271
MYCL	CTPS1	0.6899794913937889
MAGOH	MEAF6	0.6899774248289664
FOXO6	STIL	0.6899073480780314
MTF1	CAPZB	0.6899029696291612
MTF1	CSMD2	0.6897831765318305
AKR1A1	AL513477.2	0.6897750792141213
SMAP2	CCDC30	0.6896869639575018
MAGOH	C1orf216	0.6895918186552852
ZBTB40	TMEM234	0.6895893813713048
FOXJ3	UQCRH	0.6895669564507014
NOC2L	HDAC1	0.6894085989099822
SCMH1	CDK11B	0.6891200255223309
MAGOH	EPB41	0.6889563816187246
RUNX3	STK40	0.6888747282023236
YBX1	AL136985.3	0.6887880365017988
SFPQ	ECHDC2	0.6887704698348895
ZCCHC17	SELENON	0.6887578278583004
SMAP2	RNF19B	0.6887229538350546
ASAP3	PRXL2B	0.6884919383132164
FOXJ3	AKR1A1	0.6883629005161077
NOC2L	ZC3H12A	0.6882371449188198
AKR1A1	SF3A3	0.6882211678686692
GMEB1	HP1BP3	0.6881828666443972
MAGOH	MACO1	0.688037271668664
SSBP3	DHCR24	0.6879613121218157
ENO1	MIB2	0.687862998893707
SMAP2	TARDBP	0.6877601994708898
HP1BP3	TRAPPC3	0.687747604515311
ENO1	CDC42-IT1	0.6876300461606153
SCMH1	MED18	0.687447982442806
SFPQ	AL031602.2	0.6871036823862865
HDAC1	SLC25A33	0.6870832621313432
DMAP1	HDAC1	0.6870547052545058
PRKAA2	AC119674.1	0.6870230526382298
ZBTB40	AL137802.2	0.6869997986800602
JUN	CYP4B1	0.6868009076592153
HES4	HNRNPR	0.686730977789
ZBTB17	AL604028.1	0.6867068395143711
SMAP2	CCDC17	0.6865556112902486
HIVEP3	SERINC2	0.6864034610482931
HP1BP3	STK40	0.6861152759249862
MAGOH	TMEM39B	0.6859832333045558
NFIA	ALPL	0.6858558473746295
HES5	YIPF1	0.6857729830624112
NOC2L	PEF1	0.6857263254054432
MAGOH	ATP6V0B	0.6855504611208926
ZNF362	CASZ1	0.6854487781309037
FOXJ3	HMGN2	0.6853559557699483
RUNX3	ATPAF1	0.6853547087797763
KDM4A	BTBD19	0.6851724521388297
NFYC	ITGB3BP	0.6851575469433203
SSBP3	SMPDL3B	0.6851327446990809
ZNF436	MOB3C	0.6850804994887857
ZSCAN20	ENO1-AS1	0.6850762629641913
SMAP2	WDTC1	0.6850195847157409
VAMP3	ZNF593	0.6847681768717931
NFIA	SNHG3	0.6845793097335843
KDM4A	SYF2	0.6845579084301351
HES5	JUN	0.684487946930801
SSBP3	MRTO4	0.6844053539644586
ZCCHC17	CDC42	0.6843716842712125
SMAP2	CEP104	0.6842032027351256
ZBTB48	SF3A3	0.6841797806141116
RLF	EPHB2	0.6841085160627078
NFYC	KHDRBS1	0.6840440037681035
ZCCHC17	DHRS3	0.6838715503034187
RLF	PTP4A2	0.683733361586554
GMEB1	ITGB3BP	0.6836797726544629
MAGOH	AGTRAP	0.683559289472605
POU3F1	SSU72	0.6835465750790237
SFPQ	FOXD2	0.6833825972368197
MAGOH	EFCAB14	0.6832799382355836
SSBP3	EPHA10	0.6830112727812238
RLF	CCDC30	0.6828494163169724
ZCCHC17	TACSTD2	0.6827051546543959
NFIA	RIMKLA	0.6826507267594858
VAMP3	PPCS	0.6823261274712471
ZNF436	AK4	0.6821136385515897
HP1BP3	RCC2	0.6819767123293009
ZBTB48	ARHGEF19	0.6818136384455497
NOC2L	SSBP3	0.681616803577197
JUN	TARDBP	0.681562702929309
HDAC1	AL136985.3	0.6814700721624797
NFIA	NFYC-AS1	0.6814181724775532
VAMP3	SLC35E2B	0.681320228139313
ENO1	L1TD1	0.6812465964396328
GMEB1	LINC01128	0.6811544749485535
LUZP1	LRRC41	0.6810595409424296
ZFP69	FBXO2	0.6810012672170367
MAGOH	KAZN	0.6808628455242385
SFPQ	KCNAB2	0.6807790452368863
HP1BP3	SLC25A34	0.6806985874755844
NFIA	AKIRIN1	0.6806039067863727
SMAP2	SLC6A9	0.6804970047545047
SCMH1	SNHG12	0.6804785175613727
YBX1	RCAN3AS	0.680325356515113
CPTP	LINC00115	0.680237027525614
FOXD2	NECAP2	0.6801100405824969
HDAC1	GPN2	0.680021902744203
SFPQ	ZYG11B	0.6799498672021868
MAGOH	GPN2	0.6799341333032464
HP1BP3	LRRC47	0.6799018492567381
RUNX3	PIK3CD	0.6798886078496167
SMAP2	TTC4	0.6798783129846075
FOXJ3	C1orf159	0.6798300068065825
SFPQ	LYPLA2	0.6795854208011617
ENO1	MECR	0.6794614710548287
POU3F1	DDI2	0.6793933884643298
HES4	ZMYM6	0.6793780859234205
AKR1A1	INTS11	0.6793072212871061
EXO5	RNF11	0.6792586502315112
PRDM16	TM2D1	0.6790516398323666
AKR1A1	PPP1R8	0.6789179845497543
NOC2L	ACAP3	0.6789159318917942
LUZP1	SDC3	0.6788581658921023
HEYL	PRKAA2	0.6786990060739793
MTF1	AL445183.2	0.678698239341008
RUNX3	SLC9A1	0.6786442644513198
GMEB1	AZIN2	0.6786217393165853
LUZP1	THEMIS2	0.6786007309920571
SFPQ	TSPAN1	0.6783881326687876
GMEB1	RNF11	0.6783140922343235
SFPQ	CLSTN1	0.6780473079151325
ZCCHC17	KANK4	0.6779960315107367
SSBP3	COL16A1	0.6777912460922542
PRDM16	PANK4	0.677668386724237
MAGOH	NCMAP-DT	0.6776430596695425
SMAP2	GPATCH3	0.6774944398732454
YBX1	PRDM16-DT	0.6774871805601533
ZBTB40	MMACHC	0.6774533220648605
SFPQ	RNF207	0.6774388394869582
SMAP2	OSCP1	0.6772920825554388
YBX1	AL353622.1	0.6772068115162646
ENO1	H6PD	0.6771972229489378
ENO1	JAK1	0.6771511909647305
HDAC1	TNFRSF14-AS1	0.6770925108029682
ENO1	FHL3	0.6769835475655581
SSBP3	SSU72	0.6769368118042614
SMAP2	GPR3	0.67684833367739
FOXJ3	ZBTB48	0.6767066292283359
AKR1A1	MICOS10	0.6766345376040567
YBX1	ARMH1	0.6766080030578848
HP1BP3	GABRD	0.6765756656648552
HDAC1	MACO1	0.6764335138202942
SFPQ	PGM1	0.6762736553961158
SSBP3	LINC01409	0.6757095332501554
VAMP3	CDA	0.675664202029929
RUNX3	LUZP1	0.6755068507391789
HEYL	ZFYVE9	0.675441098211621
FOXJ3	RERE	0.6754101224857842
ZBTB48	TCTEX1D1	0.6750228559435237
JUN	ELOA-AS1	0.6749755383647371
HDAC1	HYI	0.6749675903513375
ZBTB48	S100PBP	0.6746514335522957
ENO1	NIPAL3	0.674648854309273
ZCCHC17	PER3	0.67461795246648
GMEB1	RERE	0.6745902248265149
GMEB1	GABRD	0.6744950258324194
HIVEP3	RCAN3AS	0.6743318536469349
GMEB1	NECAP2	0.6740076857373245
ENO1	C1QB	0.6739299835644985
RUNX3	KIAA2013	0.6738048472490001
DMAP1	WDTC1	0.6738023822308756
HIVEP3	SRRM1	0.6737920855489115
DMAP1	FAM110D	0.6736565146247085
LUZP1	RUNX3	0.6735403430692651
ZBTB40	MRPS15	0.6734794358530274
SFPQ	EPB41	0.6734286639536688
PRDM16	FCN3	0.6732276265762999
POU3F1	NDUFS5	0.6731687949025179
JUN	OSCP1	0.6730953758670204
LUZP1	CAMK2N1	0.6726260970139785
JUN	SF3A3	0.6725431809808441
NOC2L	COL8A2	0.6722042148272674
LUZP1	STK40	0.6721540220941471
FOXJ3	USP1	0.6720755409611898
HES4	PHF13	0.6719076793591054
ZCCHC17	HES4	0.6717791268970617
VAMP3	LINC02574	0.6717728183580758
RLF	OTUD3	0.6716578172538474
HP1BP3	RPA2	0.671531883215193
RLF	PATJ	0.6715212198405053
SFPQ	AL139289.2	0.6714948592777784
MAGOH	MYCL	0.6714343554948672
KDM4A	MIB2	0.671378748794024
MAGOH	PGD	0.6713217670016296
PRDM16	TMCO4	0.6711445846151725
ZCCHC17	PHACTR4	0.6711093598857445
SFPQ	GNB1	0.6710843701757306
MAGOH	B3GALT6	0.6708619448403521
ZCCHC17	PLOD1	0.6707720517898264
GMEB1	AC119677.1	0.6707697586190259
AKR1A1	DAB1	0.6706474160768192
HIVEP3	LINC02777	0.6705215904727093
FOXO6	PRDM16	0.6703689259390142
VAMP3	EFCAB14	0.6703079114958804
SMAP2	AL034417.2	0.6702533370222197
LUZP1	KIF1B	0.6702198855868484
ENO1	ZNF362	0.6699906649575833
HDAC1	AKR1A1	0.6698521523682227
SSBP3	SDHB	0.6698221380806575
LUZP1	RPA2	0.6696577107457202
E2F2	DNAJC16	0.6696416463956459
NFIA	GPATCH3	0.6694841598735688
HIVEP3	PLEKHM2	0.6694352385709043
SSBP3	AL139220.2	0.6694059489154541
SMAP2	FNDC5	0.6690709673392877
YBX1	MTF1	0.6690062290893342
FOXO6	ZBTB8A	0.6689432493175995
MAGOH	GPBP1L1	0.668844447494889
ZBTB48	CSMD2	0.668717848793017
KDM4A	TTC4	0.6686862211823715
ZFP69	SDF4	0.6686624653475826
HES5	RIMKLA	0.6683976069440812
SSBP3	TIE1	0.6682181962408716
SFPQ	MTFR1L	0.6682012680079481
E2F2	PGD	0.6681989667254559
FOXJ3	EXO5	0.6680703862835132
DMAP1	PIK3CD	0.6679429379125311
LUZP1	AL445183.2	0.6678919771706942
FOXJ3	SPATA6	0.667773172840959
YBX1	AGO3	0.6677082817118526
ZNF436	PHACTR4	0.6676790624198053
YBX1	HDAC1	0.6676120036946622
HP1BP3	SSBP3	0.6676071532264903
JUN	TMEM125	0.667500404596916
MAGOH	NIPAL3	0.6674597808807506
ZBTB40	SNHG12	0.6673129640093591
RUNX3	SNIP1	0.6672938756779904
FOXJ3	MUTYH	0.6672612453035822
ZCCHC17	DFFB	0.6672549959825747
SMAP2	KTI12	0.6672249978573312
LUZP1	SRSF10	0.6669836339439305
ZNF436	PINK1-AS	0.6669403558622851
JUN	RNF220	0.6669264622075456
NOC2L	ATP13A2	0.6668262842523552
VAMP3	SERINC2	0.6667449388689595
ZNF684	ACOT7	0.6666413470979958
ENO1	OMA1	0.6664728657102555
KDM4A	ATAD3A	0.6664640964804952
POU3F1	ZBTB48	0.6664138989007965
FOXJ3	UBE2J2	0.6663336346664487
JUN	MUL1	0.6662077546071317
TAL1	ATAD3A	0.6661331343918978
HES5	FHAD1	0.6660350267376726
NFIA	NOL9	0.6657965320824571
JUN	ZNF362	0.6657682801386393
AKR1A1	AKR7A2	0.6656925895622535
VAMP3	PANK4	0.6655647543203944
LUZP1	KDM1A	0.6655628196513753
HP1BP3	AL645728.1	0.6653604475632872
VAMP3	SLC45A1	0.6652013274443337
JUN	NBPF1	0.6651991883762141
ENO1	PLOD1	0.6651933974861295
ZFP69B	CCNL2	0.6651413507935051
DMAP1	MOB3C	0.6650945506062713
SFPQ	RRAGC	0.664690236873107
ZNF362	USP48	0.6646298534072672
ZBTB40	EIF2B3	0.6646098064462432
ENO1	SERINC2	0.6645342638652092
HES5	DHRS3	0.6643009000155491
ZNF691	PPCS	0.6642408572579583
GMEB1	HES4	0.663994603580013
SMAP2	DISP3	0.663945765012711
ZCCHC17	HES5	0.6638032032390778
AGMAT	TNFRSF25	0.6637994522583655
MAGOH	POU3F1	0.663312908342944
SFPQ	EXOSC10	0.663229789621673
GMEB1	SRSF10	0.6631969646213247
ZNF684	VAMP3	0.6631462329088824
ZBTB48	DFFA	0.6628482472059656
RLF	TMEM69	0.6628092746057801
HES4	STK40	0.6625812850273275
POU3F1	PRDM16-DT	0.6623138165366473
SMAP2	AHDC1	0.6620908085573749
ENO1	TMEM51	0.6620748256407026
NOC2L	YTHDF2	0.6620182386240512
TAL1	KIAA2013	0.6619440438090095
HP1BP3	TSSK3	0.6618143377754699
ASAP3	AGTRAP	0.6617486939149299
ENO1	AGO1	0.6616951625297119
NFIA	POMGNT1	0.6616515472865165
PRDM16	ADPRHL2	0.6616311171766146
NFYC	AL590438.1	0.6616305939770025
AGMAT	SLC35E2B	0.661541099412192
VAMP3	PRDX1	0.6612701181663526
YBX1	SMIM12	0.6612669587591562
NFYC	HES4	0.6611970351258095
DMAP1	CAPZB	0.6610864118618024
JUN	PPIH	0.6609263625417617
DMAP1	AC093151.8	0.6608602472386943
MAGOH	AL033528.2	0.6608263356024621
SMAP2	BX293535.1	0.6604542024573367
MAGOH	FBXO2	0.6603353949856036
NOC2L	MTF1	0.6602206020120098
MAGOH	TESK2	0.6601104476115728
GMEB1	CAMTA1-IT1	0.660078806552274
ENO1	STMN1	0.6600571617637216
SFPQ	SZT2	0.6598093471044075
MAGOH	SRSF10	0.6597909201478193
RUNX3	PER3	0.6594419542687957
FOXJ3	MAP3K6	0.6594418579572052
RLF	SLC25A33	0.6594279832611819
NOC2L	BEST4	0.6593710180331599
DMAP1	SDHB	0.6592229744393343
AKR1A1	AC099791.2	0.6590891657104992
FOXJ3	ARHGEF19	0.6590756308113612
SFPQ	ERMAP	0.6590700833380005
NFYC	HIVEP3	0.6586344828969675
POU3F1	RUNX3	0.6586150383251234
ZBTB48	ZMPSTE24	0.6585367862523176
HP1BP3	CTNNBIP1	0.6584140685969118
HES5	SMIM12	0.6580617767205854
HP1BP3	YTHDF2	0.6577284016693731
HP1BP3	SPATA6	0.6576577853260133
AKR1A1	EIF2B3	0.6576403289784651
HP1BP3	MED18	0.6571365496158826
YBX1	CACHD1	0.6571330356324767
SMAP2	USP24	0.6570674587910997
ASAP3	MAD2L2	0.6570596224460068
CPTP	DOCK7	0.6568857686303208
HES4	RUNX3	0.6568780629250468
ZBTB48	FAM76A	0.656724430126355
AKR1A1	LCK	0.6565320244366547
JUN	KDM4A-AS1	0.6564085643196084
AKR1A1	AL606760.3	0.6562602648210023
ZCCHC17	KIF17	0.656154382021803
RLF	CPTP	0.6560412596992825
ZFP69	MAGOH	0.6557534776902787
NOC2L	KCNAB2	0.6557292058159719
SFPQ	MKNK1	0.6555885817649838
NFYC	LRRC42	0.6555593901343101
HP1BP3	MTFR1L	0.6552972699426228
FOXD2	PUM1	0.6551222865898755
RLF	FOXD3-AS1	0.6550236347608818
LUZP1	PER3	0.6549717291059045
EXO5	SFPQ	0.6549270407752432
KDM4A	TMEM51	0.6548048739394181
ENO1	CAPZB	0.6548000803263531
SSBP3	CROCC	0.6547451658908203
RLF	JUN	0.6543078103967874
CPTP	LINC02596	0.6543035568963564
CPTP	AHDC1	0.6542253555052785
ZCCHC17	CENPS	0.6542213755864001
HDAC1	CSMD2	0.654097130116754
ZBTB40	PGM1	0.6539553267833679
VAMP3	CLIC4	0.6539224089021664
ZBTB17	CNR2	0.6534138582385611
ZNF436	MFN2	0.6533361505273564
DMAP1	NFIA	0.653314066234895
RUNX3	NADK	0.6532072053786425
JUN	AC254633.1	0.653182793815346
ZNF362	ZNF593	0.6531654950480739
ENO1	DNAJC8	0.6529749514741647
SMAP2	HTR6	0.6524492823744393
DMAP1	MYSM1	0.6524138418945217
CPTP	PLEKHM2	0.6522802410915618
GMEB1	AL606760.3	0.652177142144971
SFPQ	RERE	0.6521553875900145
PRDM16	TRIM62	0.6521099936141996
HES4	CD52	0.652058900694627
GMEB1	CAMTA1	0.6520501233003412
JUN	PPT1	0.6518903525200874
ENO1	TRNP1	0.6517828182196528
FOXJ3	PDE4B	0.651735782232851
RLF	PRKCZ-AS1	0.6515427647924709
AKR1A1	ZNF436	0.6514658008594323
GMEB1	CDC42-IT1	0.6514319713270456
ZBTB48	AL691432.2	0.6513637223722683
RLF	CMPK1	0.651262925860901
ZNF436	RBP7	0.6511775220928923
YBX1	PLEKHM2	0.651095014794677
ENO1	SYNC	0.6510472262468847
SCMH1	SLC66A1	0.6510210025193462
HP1BP3	RPS6KA1	0.6510011381926352
CPTP	ELOVL1	0.6509844580132824
RLF	PLEKHN1	0.650979300203056
SMAP2	LRRC41	0.6509745869135565
YBX1	TSPAN1	0.6509537230146601
ZBTB48	XKR8	0.6508539079655709
HIVEP3	E2F2	0.650754795888626
JUN	AL135960.1	0.6507101009572891
MYCL	FAM41C	0.6506113317923472
NFYC	TP73	0.6502505473333217
DMAP1	GABRD	0.6502351099568576
LUZP1	AL445248.1	0.6501554171787521
HEYL	ZNF362	0.649790743235168
ZFP69B	AC099791.2	0.649521359948458
GMEB1	ATAD3C	0.6494621134861895
ENO1	C1orf167	0.6494027773783116
AKR1A1	IFFO2	0.6493932544737283
RUNX3	PINK1	0.6493399070804492
HP1BP3	CYP4X1	0.6492804784456337
FOXJ3	ATPAF1	0.6492452951383335
HDAC1	PNRC2	0.649131182874335
ZNF684	NCDN	0.6491284306221454
YBX1	LINC02574	0.6491280879174764
AKR1A1	PARK7	0.6490730601198771
RLF	SELENON	0.6490352042988525
ENO1	TTC34	0.6488984956031866
GMEB1	GPBP1L1	0.6487427421789592
HES4	ENO1-AS1	0.648448297883763
AKR1A1	PRDM16-DT	0.6483884545570799
FOXD2	SLC9A1	0.6483779458802308
ZCCHC17	EPB41	0.6482285809330178
ZNF691	ZMPSTE24	0.6481584427661081
FOXJ3	C1orf109	0.6481304043029971
CPTP	RBBP4	0.6480002546341678
MTF1	CCNL2	0.647481712641388
LUZP1	PLPP3	0.6474372569978915
TAL1	TMEM39B	0.6474198635048685
NOC2L	FAM41C	0.6472653289120911
ZCCHC17	ARMH1	0.6471759126552595
FOXJ3	EFHD2	0.6471174111094475
RUNX3	BX284668.5	0.6470921482649635
FOXJ3	AC099791.2	0.6468735165426905
ZBTB40	EFHD2	0.6468148652668171
HES5	PHC2	0.6467765011246611
RUNX3	AL109811.2	0.6467056342698353
NFIA	P3H1	0.6465262352622829
SMAP2	PIGV	0.6465105302138434
FOXJ3	PDIK1L	0.6464189866409394
AGMAT	CLSPN	0.6462878542063277
ZBTB48	AL627309.1	0.6461593593803048
ZFP69	AL645728.1	0.6461428897506101
JUN	C1orf50	0.6461428744538212
POU3F1	NIPAL3	0.6460845517931741
HES4	VPS13D	0.645972930364669
POU3F1	FBXO42	0.6455757807538074
LUZP1	PLCH2	0.6455322609285942
HP1BP3	SH2D5	0.6454962301852207
HP1BP3	HMGCL	0.6452704159206165
LUZP1	CCDC30	0.6452577921297601
NFIA	CDKN2C	0.6452407410745492
YBX1	IFNLR1	0.6451241751246133
FOXD2	MMEL1	0.6449488812680122
LUZP1	AL139260.1	0.6449169838982621
HP1BP3	GPX7	0.6448105997152285
ENO1	RCAN3	0.6447555905995248
SFPQ	AL139220.2	0.6447244494087057
YBX1	ATG4C	0.6446051192655452
ZCCHC17	ID3	0.6445222976569501
CPTP	AKR1A1	0.6444342074667339
LUZP1	TP73	0.6443938022372651
SSBP3	UTP11	0.6443572025299115
NFIA	MIB2	0.6443379670917597
ZNF691	AL031005.1	0.6442630618002115
PRDM16	AC119674.1	0.6441791925377512
RUNX3	GJA4	0.6441473853899091
LUZP1	RPS6KA1	0.6439996198558807
POU3F1	DPH2	0.6439978913020562
HP1BP3	THAP3	0.6438575143423779
AKR1A1	FUCA1	0.6438286832157807
LUZP1	COA7	0.6436058569782405
ZBTB17	STK40	0.6434461979451005
SCMH1	FGR	0.6431804685000387
ZNF684	ROR1	0.6428293006344193
ZNF436	AL360012.1	0.642730980931879
JUN	PRDX1	0.6425632852960025
YBX1	LINC01772	0.6424452722774462
DMAP1	SH3BGRL3	0.6424220206665324
HP1BP3	RRAGC	0.6423646417054202
NFIA	PRDM16-DT	0.6422075460853988
HP1BP3	PRKCZ	0.642132761073893
HDAC1	AL049795.2	0.6415934792571734
DMAP1	AK4	0.6415711715698184
SFPQ	AL135960.1	0.6415701695656352
ENO1	STPG1	0.6415514437299342
HP1BP3	BSDC1	0.6414899665587735
MORN1	WDR78	0.641393240866379
HES4	SH3D21	0.6413644869357861
NOC2L	ZMYM4	0.6409302733888951
ZBTB40	PRDX1	0.6408501765588713
ENO1	BX284668.5	0.6407214149836651
FOXJ3	IFI6	0.6405088053948575
HDAC1	RNF220	0.6403008045085415
HP1BP3	MRTO4	0.640281359264729
POU3F1	CASP9	0.6401194834027826
FOXJ3	YTHDF2	0.6399679063182648
SFPQ	AL139424.2	0.6398381215116257
SFPQ	CCDC17	0.6397767026034561
HP1BP3	ATAD3B	0.6396810288727751
AKR1A1	SHISAL2A	0.6394562313026348
SFPQ	BTF3L4	0.6394373378710356
SCMH1	OSCP1	0.6393945378905683
POU3F1	RPS6KA1	0.6392669708163113
ZBTB17	DPH2	0.63923333136179
ZBTB17	AL031432.3	0.639092503219015
JUN	MRPS15	0.6390535848573974
JUN	GRIK3	0.6389349565157645
AKR1A1	CLCN6	0.638823670555135
RLF	DNAJC8	0.6388211933131402
HIVEP3	UROD	0.6385516513037524
RUNX3	EFCAB7	0.6385306070652672
FOXJ3	PNRC2	0.6384376811867194
HIVEP3	SPSB1	0.638384986141014
TAL1	FAM110D	0.6382380371347297
NOC2L	AL360012.1	0.6381693693128291
AKR1A1	PIGV	0.6381445716790463
NOC2L	DNAJC8	0.6376899365930575
ZFP69B	AC119674.1	0.6375909323942693
ZBTB48	RPS8	0.6375505920917005
JUN	SNRNP40	0.6375350256006408
ZNF684	ERI3	0.6372040953700099
SFPQ	CCDC30	0.6370570923256452
ZNF684	DHCR24	0.636986417613897
LUZP1	C1orf122	0.6369325248681358
POU3F1	LINC02574	0.6367777557474209
YBX1	PGM1	0.6367374505527473
CPTP	PHACTR4	0.6366127009662864
ZBTB48	SPATA6	0.6364244850186622
SFPQ	CSMD2	0.6364244123575159
HP1BP3	ZBTB40	0.636259537809084
HES4	OMA1	0.6362026373764931
RLF	SRARP	0.6361065516041547
HP1BP3	STMN1	0.6359707964293082
ZNF684	ZNF362	0.6358400384708549
HP1BP3	AGO3	0.6355665163941512
SMAP2	RBBP4	0.6354200928760436
RUNX3	TXNDC12	0.6352825423343039
SMAP2	AL034417.4	0.6352765247357423
LUZP1	AL136115.2	0.6352451211098951
HP1BP3	AL139246.5	0.6351634016802057
PRKAA2	SCMH1	0.6351009533667415
ZCCHC17	ZNF362	0.6350467956580649
VAMP3	AL590822.2	0.6350462546113622
HDAC1	ARID1A	0.6349121401700439
CPTP	ZFP69	0.6347343081783121
HES4	MYCBP	0.6347035221617062
POU3F1	EXOSC10	0.6346231019179261
ZBTB48	KPNA6	0.6344382737346431
VAMP3	TACSTD2	0.6344033997644953
ENO1	THAP3	0.634353038691386
HES5	MKNK1	0.6342110893257918
LUZP1	SLC35E2A	0.6341943941644357
JUN	LINC01772	0.6340765042676695
NFYC	LINC02812	0.6340623085786232
POU3F1	WDTC1	0.6339869546922263
HDAC1	TIE1	0.6339724026207223
ENO1	RCC1	0.6337647821446108
JUN	NBPF3	0.6337127424937331
ZCCHC17	AKR1A1	0.6336526420884733
SMAP2	SLC66A1	0.6336152400357198
NFYC	ISG15	0.6335959364717844
JUN	UTP11	0.633488147382697
HP1BP3	EIF2B3	0.6332654163089446
SFPQ	LINC02574	0.6332370241114426
JUN	PAQR7	0.6332287468263876
SFPQ	PTPRU	0.6331311871545019
CPTP	EPB41	0.6330455827663443
ZBTB40	IFFO2	0.6329114470443264
SCMH1	WASF2	0.6329090222260267
JUN	THEMIS2	0.6328504732964605
ZBTB40	SNRNP40	0.6325836792544006
VAMP3	FUCA1	0.6325622901900251
NOC2L	DAB1	0.6323714967728541
ZNF436	SPATA6	0.6322933254497575
JUN	SZT2	0.6322679262495164
MAGOH	MORN1	0.6320305172845866
YBX1	STX12	0.6319777476556335
SFPQ	SCMH1	0.6316817530030084
HES5	AL391244.2	0.6314559402735278
SMAP2	LINC01783	0.6313359230982907
RUNX3	TMEM53	0.6313344280773436
LUZP1	CDK11B	0.6313294873474922
HDAC1	SFN	0.6312424685179879
HP1BP3	GNL2	0.6311182756039133
YBX1	TTC34	0.6310269743102067
HIVEP3	AL031005.1	0.6310000980200963
ZNF684	HOOK1	0.6307999471203325
LUZP1	HECTD3	0.6307792070651729
RUNX3	EMC1-AS1	0.630587013918772
FOXD2	DNAJC16	0.6305538517377721
CPTP	SCMH1	0.6304979826452622
SMAP2	PLA2G2C	0.6304427772189892
HES5	H6PD	0.6304364912985146
NOC2L	TTC39A	0.6304177754156552
ZBTB40	ISG15	0.6301659810802048
AGMAT	ARMH1	0.630111857899696
TAL1	ZNF691	0.6298115470092119
DMAP1	AGO3	0.6297495045741005
AGMAT	EPB41	0.629735612044218
NFIA	GPN2	0.6295171490109209
SFPQ	HIVEP3	0.6294013961006839
POU3F1	DFFB	0.6293214928111176
ZFP69	USP1	0.6290842789967366
SMAP2	PLOD1	0.6289615206192278
AKR1A1	BMP8A	0.6288981840394968
DMAP1	SFN	0.6288421027201059
ZBTB40	B3GALT6	0.6288023492252164
RLF	AL445183.2	0.6285818400793033
HP1BP3	JUN	0.6281722714709198
NFIA	SMPDL3B	0.6281597806169047
HES5	NADK	0.6280611279597434
HES5	LRRC42	0.6280432886572964
RLF	COL9A2	0.6274957729269387
HP1BP3	TXNDC12	0.627469746418876
ZCCHC17	CLIC4	0.6274398510841228
JUN	TRIM62	0.6272664695174284
NFYC	TRNP1	0.6271432687780496
MTF1	SVBP	0.627137888798513
JUN	KANK4	0.6271103487577613
AKR1A1	AL645728.1	0.6270114794275976
AKR1A1	RBP7	0.6267292229632483
RUNX3	POMGNT1	0.6267041462830298
AGMAT	TXLNA	0.626684706192822
ZBTB40	WASF2	0.6266476451713424
ZBTB17	ZSWIM5	0.6264328754661115
ZNF691	AKR1A1	0.6263202083100332
HDAC1	TOE1	0.6260202129180568
JUN	PRKAA2	0.6259248554088634
RUNX3	MEGF6	0.6254536575992661
NOC2L	CNR2	0.6253416001509619
NFIA	PUM1	0.6252336925702253
SSBP3	KIF2C	0.6252315518799025
ZFP69B	KIAA0319L	0.6249773101563726
MAGOH	FAM131C	0.6249363605255733
FOXD2	LINC02596	0.6249147719178013
YBX1	AC093151.8	0.6248759694898721
RUNX3	PRXL2B	0.6247858782576096
HDAC1	SYTL1	0.6247093571682353
HDAC1	FOXJ3	0.6246869281323046
JUN	FAM131C	0.6246801549915456
ZNF684	AL135960.1	0.6243348128875469
MYCL	ALDH4A1	0.624288933871348
FOXJ3	CLSPN	0.624123061493864
HES4	AL512353.1	0.6241023542200416
MAGOH	LYPLA2	0.6239642340519375
ZNF436	CAPZB	0.6239312306438508
SFPQ	C1orf174	0.6237935068395286
HDAC1	EBNA1BP2	0.623736485513532
NFYC	COL16A1	0.6236931343262871
CPTP	AL139220.2	0.623567195623669
NFYC	ADPRHL2	0.6235461557304727
VAMP3	ZBTB8A	0.6232977580468746
HIVEP3	MIIP	0.6232462457558292
HP1BP3	CZIB	0.6230483784732055
NFYC	CLIC4	0.6230480595430485
PRKAA2	MXRA8	0.6230348264331411
VAMP3	DNAJC16	0.6230041325626272
AKR1A1	SMIM12	0.6228591785541402
GMEB1	RPS6KA1	0.6227113928767523
HP1BP3	ZMYM4	0.6226596803167759
NOC2L	RIMKLA	0.6226442061668164
ZBTB48	CDC20	0.6225634228147751
SFPQ	LINC01135	0.6224485512882091
SMAP2	HDAC1	0.6224028912555597
RUNX3	CDA	0.6223484923819229
LUZP1	PLA2G5	0.6218871349900439
NFIA	AC119800.1	0.6218731338362529
FOXJ3	LINC01144	0.6217512464769466
YBX1	SLC35E2A	0.6216743113862226
CPTP	SLC25A34	0.6216673012277855
NFYC	GNB1	0.6216180783481748
MAGOH	RPS6KA1	0.6214496940982188
GMEB1	TNFRSF25	0.6214130309269037
NFIA	SFPQ	0.6213093052538068
AKR1A1	UBXN10	0.6209425200130966
ASAP3	KDM4A	0.6209101196233461
FOXD3	GJA4	0.6208966005356412
FOXJ3	MYSM1	0.6208332817207073
HP1BP3	AL359881.2	0.620776644474161
EXO5	CCDC17	0.6206968349510035
HP1BP3	SLC35D1	0.6206761586782621
CPTP	HMGCL	0.6206374625732508
SMAP2	MUTYH	0.6205732300852091
PRDM16	BX284668.6	0.6204587059140078
PRDM16	MRPS15	0.6201856693492919
JUN	TRNP1	0.6201121527594582
RUNX3	RNF11	0.6200098312772866
DMAP1	GPR3	0.6199891434405643
NFYC	CDKN2C	0.6199310257848415
ZBTB40	DNAJC16	0.6199178824831022
ZNF691	CROCC	0.6198551434897931
AKR1A1	AGO3	0.6198261966845782
DMAP1	AL139424.1	0.6196012457727333
TAL1	NOC2L	0.6195630454451299
KDM4A	UBR4	0.6194933734380405
FOXJ3	SLC45A1	0.6194473176729315
ZCCHC17	LURAP1	0.6193861697199164
TAL1	ECE1	0.6192570586747346
SFPQ	TM2D1	0.6191997783488523
MAGOH	TMEM201	0.6191813184885525
PRDM16	ICMT	0.6190778790273577
RUNX3	EBNA1BP2	0.618754149899258
ZBTB17	AL031280.1	0.6186188446252624
ZNF436	ELOA-AS1	0.6185762379643702
ZCCHC17	TNFRSF14-AS1	0.6184506769341436
ZBTB17	FOXJ3	0.618435418195869
MORN1	ZNF436-AS1	0.6182292921471086
PRDM16	BEND5	0.618174934379755
CPTP	ZMYND12	0.6180652832070506
HP1BP3	DRAXIN	0.6180282936309087
ZBTB40	PITHD1	0.6180021067662266
SCMH1	AL031848.2	0.6174294493759321
ZBTB17	AGO4	0.6174237698075483
ZNF362	KLHL21	0.617329366424505
SSBP3	TXNDC12	0.6173074946618671
AKR1A1	KIF17	0.6173053867914139
VAMP3	UBIAD1	0.6172791106496673
HDAC1	ZDHHC18	0.6172260982972422
HES5	Z97987.1	0.6171972372671064
RLF	CAMTA1-DT	0.6171971775709517
VAMP3	AL139423.2	0.6170870072597472
JUN	ERMAP	0.6170841637032983
HES4	THAP3	0.6168739638770865
FOXO6	BX284668.6	0.6166133438052912
GMEB1	HYI	0.6165472349714607
AKR1A1	MTHFR	0.6164601687186817
NFIA	AL139246.5	0.6163860029395583
EXO5	CCNL2	0.6161576453191768
VAMP3	SRRM1	0.6160924696053263
YBX1	UTP11	0.6160651478945671
ZNF684	SRARP	0.6159953264383428
TAL1	PRXL2B	0.6159849303245482
JUN	FAM229A	0.615900349309647
TAL1	PINK1	0.6158857954177663
MORN1	KTI12	0.6158686841535759
HES4	MICOS10	0.6154699316995217
RLF	GABRD	0.6154544212991276
ASAP3	RERE-AS1	0.6154193719789061
SFPQ	AL139246.3	0.6153176329575921
HP1BP3	GPN2	0.6150741028117244
SMAP2	C1orf109	0.6148917424012074
SSBP3	EIF4G3	0.61483102707525
HIVEP3	MAST2	0.6147747134859911
ZCCHC17	ROR1	0.6147659998464823
GMEB1	FOXJ3	0.6146190560248415
ZNF436	KAZN	0.614608176181861
ENO1	SSU72	0.6144826465302827
HP1BP3	PDIK1L	0.614464273316155
HDAC1	ZNF691	0.6144465098187138
FOXD3	MATN1-AS1	0.6142606520586944
MORN1	LSM10	0.614260321260404
SCMH1	KDM4A-AS1	0.6140246302702375
NFYC	ECE1	0.6140210125414688
PRKAA2	TMEM200B	0.6139957158011105
HES4	LINC01783	0.6138505740962608
RUNX3	PHC2	0.6137710459510319
HEYL	FAM87B	0.6136408862806181
POU3F1	WDR78	0.6135092391512
HES4	AL360012.1	0.6134984310614169
FOXJ3	RIMKLA	0.6134244385141848
VAMP3	PRDM2	0.6133918085408736
MAGOH	RER1	0.6132958025390985
VAMP3	EIF4G3	0.6132590493354493
NFIA	MUL1	0.6130896740865163
NFYC	PSMB2	0.6130767438387885
CPTP	EVA1B	0.6128324745085502
SMAP2	PRDM16-DT	0.6127634193409305
SSBP3	ZBTB8OS	0.6126955438299496
NOC2L	ZNF436-AS1	0.612628756753922
RUNX3	NPHP4	0.6124707213444471
SCMH1	FBLIM1	0.612469729723214
YBX1	CYP4X1	0.6123130428329373
MTF1	PABPC4	0.6122725592479321
RUNX3	CLSTN1	0.6122431539272798
ZBTB48	SSBP3	0.6122198135541392
DMAP1	CDC42-IT1	0.6121508947739842
RLF	MARCKSL1	0.6121279998437005
NOC2L	LINC02606	0.6121272170079869
YBX1	SLC30A2	0.612122064526529
MAGOH	LINC01128	0.6120388522692168
JUN	HSPB7	0.61189586830867
AKR1A1	PEX14	0.6118694808510974
ZBTB40	AGO1	0.6117483974507932
ZCCHC17	PTPRU	0.6117254215244055
VAMP3	ZNF684	0.6116613064786142
YBX1	PITHD1	0.6115594284339695
SMAP2	CASZ1	0.6115233689876166
SFPQ	EIF3I	0.6115127903604052
SFPQ	HES5	0.6114002714937057
LUZP1	AZIN2	0.6113865406329496
ZNF436	TTLL10-AS1	0.6113017979040651
PRDM16	TIE1	0.6111083074421354
PRKAA2	PGM1	0.6109930675018413
PRDM16	MIER1	0.6108048331252507
EXO5	MDS2	0.6106828854620239
LUZP1	MAGOH	0.6105286008419022
NFIA	TTLL10-AS1	0.6105073133347443
FOXJ3	PLK3	0.6103220691717535
FOXJ3	ECE1	0.6102949794698167
KDM4A	SSBP3	0.6101262601886319
ZNF436	MMP23B	0.6100077624712781
SSBP3	CASP9	0.609999898082519
AKR1A1	MEGF6	0.6099034154559497
RUNX3	ZSWIM5	0.6097929100383453
HP1BP3	TMEM200B	0.6097089947052102
LUZP1	TNFRSF25	0.6096911123904344
HDAC1	TNFRSF14	0.6096658045893104
HDAC1	C1orf216	0.6094119461699727
SSBP3	TMEM201	0.6093487662355183
HES4	HSPB11	0.6092103541621374
RLF	GPR157	0.609120698251017
ENO1	TACSTD2	0.6090607409324234
LUZP1	PHC2	0.6090434123362831
AKR1A1	FAAH	0.6089078593015319
ZBTB40	AKIRIN1	0.6086872270181348
HES4	ITGB3BP	0.6084798621268319
NFIA	SYNC	0.6083065049030233
TAL1	TINAGL1	0.6082974839036291
YBX1	TNFRSF9	0.6080373036414912
HP1BP3	RUNX3	0.6079291575503221
NFIA	FUCA1	0.6079168495085908
NOC2L	NPHP4	0.6078319447430347
LUZP1	ARMH1	0.6077318432448177
HDAC1	NSUN4	0.6077111276532459
MYCL	ZBTB40	0.6076724957629382
MYCL	ZMYM4	0.6075694982698301
SSBP3	LINC02596	0.6074942748400252
MAGOH	SMPDL3B	0.6071686735795139
ZNF684	LZIC	0.6070866393091807
EXO5	STX12	0.6069728058735577
SSBP3	TTC4	0.6068707730925406
ENO1	PPP1R8	0.606835336364429
RLF	MMEL1	0.6067776439599534
HES4	SLC2A1-AS1	0.6063466127711443
SSBP3	WASF2	0.6063120972363335
PRDM16	ELOA-AS1	0.6061980954604849
HDAC1	PTP4A2	0.6061158065159693
AGMAT	EIF4G3	0.6061096083112979
RUNX3	PARK7	0.6060754437861419
SFPQ	MIER1	0.6060380881495849
SSBP3	ZNF684	0.6058628759815893
ZBTB48	JAK1	0.605803621173638
DMAP1	CSMD2	0.6056769803220222
JUN	ZMYM1	0.6056370538124065
SMAP2	ATAD3A	0.6056360901823131
RLF	CNR2	0.6056177250164669
SFPQ	AL139423.1	0.6055773092259183
AKR1A1	AUNIP	0.6055060852143119
GMEB1	EPB41	0.6053909225204359
FOXO6	USP24	0.6053178825994622
ENO1	PANK4	0.6052287011151263
GMEB1	SVBP	0.604629170001659
JUN	RPS6KA1	0.6046270239738801
YBX1	SNHG3	0.6045985629411557
MAGOH	CDC20	0.6045907367806879
RLF	KDF1	0.6045885479607708
FOXO6	MTOR	0.604489099329919
NFIA	PLEKHN1	0.6044753588789288
LUZP1	DHRS3	0.6044527660944155
ZCCHC17	MIB2	0.6043369054479764
YBX1	TXNDC12	0.6043274893548243
MAGOH	ZMYM4	0.6041094745924542
NFYC	AC119800.1	0.6040904107455431
ZBTB17	CLCN6	0.6040290635553863
FOXJ3	LINC01783	0.6039877424503051
RLF	ZBTB8OS	0.6039548499588324
YBX1	COL9A2	0.6039496803973332
TAL1	SMIM12	0.6038466046976433
ZFP69B	FOXJ3	0.6036271305941683
HDAC1	SSU72	0.6035872168805057
SMAP2	AGMAT	0.6033854227413369
ZBTB48	KIAA1522	0.6033823140759353
TAL1	FCN3	0.6033468422692998
VAMP3	FBXO44	0.6032746358215062
MAGOH	DVL1	0.6032054607544615
FOXJ3	CDA	0.6031682683732867
HP1BP3	DDOST	0.6030907708059053
ZNF436	FGGY	0.603031656926183
MAGOH	C1orf167	0.6030174688861277
RUNX3	ELOA-AS1	0.6029279269957233
YBX1	SELENON	0.6028458798345057
ZBTB17	RCAN3AS	0.6027492936110079
VAMP3	SNHG3	0.6027250345805044
SSBP3	PRDM16	0.6026268152032593
VAMP3	CROCC	0.6025428952076165
ZNF691	CCDC24	0.6025008049669447
GMEB1	PIK3R3	0.6023634693372922
ZNF362	GJA4	0.6023446777454147
SFPQ	SLC35E2B	0.602321407501049
GMEB1	CDCA8	0.602303142431341
RUNX3	E2F2	0.6023030137073963
ZNF684	RAVER2	0.6022578800595845
PRDM16	HNRNPR	0.6022271899777972
DMAP1	ZNF436	0.6021248145912405
ZNF691	CNKSR1	0.602105145375817
HP1BP3	SVBP	0.6020866204942955
SFPQ	AGTRAP	0.6019569524570776
MAGOH	CROCC	0.601870190393462
ZNF362	ZNF436-AS1	0.6016470869663673
KDM4A	WDR78	0.6013140671027485
SFPQ	LUZP1	0.6012846495912615
RUNX3	CITED4	0.6012092583418871
YBX1	LZIC	0.6012061050749974
MYCL	CLSTN1	0.6009856536529885
KDM4A	AL627309.1	0.6009734863127805
VAMP3	LDLRAP1	0.6009290079073206
NFYC	INTS11	0.600784537125221
ZCCHC17	KHDRBS1	0.600754420546415
NFYC	ZMPSTE24	0.6006157404701487
HES5	MAST2	0.6005915710112611
ENO1	PRKCZ-AS1	0.6005496630637509
RLF	EPHA2	0.6005387396199667
DMRTA2	AGRN	0.6005330820777331
YBX1	AC119674.1	0.6004812398325646
NFYC	HSPG2	0.6004048940646496
LUZP1	AL020997.2	0.6003798603632354
NFIA	CAP1	0.6003164632646004
LUZP1	AL031283.2	0.6002789750102707
FOXD3	POU3F1	0.6002236265352185
SSBP3	CMPK1	0.6001185830860926
ASAP3	SDF4	0.6000419029195427
NOC2L	AC093151.8	0.5996379180702957
ZNF691	OSCP1	0.5992131662092276
SMAP2	PEX14	0.5991733069010022
HP1BP3	SRM	0.5990779295300894
LUZP1	NBL1	0.5990304001602988
DMAP1	RSRP1	0.5989843196759944
ZBTB48	CAMK2N1	0.5987746087044872
ZNF684	SPEN	0.5987051850174954
RLF	FAM229A	0.598692793550783
HDAC1	KHDRBS1	0.5985394381474373
ZNF684	TXLNA	0.5983981274843511
YBX1	BMP8B	0.5983878145319769
ASAP3	PODN	0.5983574162806171
LUZP1	EPS15	0.5983213427774976
ENO1	ELOA	0.5982774120122981
POU3F1	TNFRSF8	0.597867396809468
ENO1	PHACTR4	0.5978556481615613
MAGOH	PPIE	0.5976779998500337
JUN	ACOT7	0.5975826876751439
YBX1	AL358075.2	0.5974539357471543
RUNX3	ST3GAL3	0.5974179053254368
HDAC1	MRPL20	0.597399807141348
HES5	LDLRAD2	0.5973875554493641
HIVEP3	STX12	0.5973682463765438
SFPQ	NFYC	0.5971369799582873
SSBP3	AL606760.2	0.5967671011919016
SCMH1	ZMYM4	0.5967201228473986
MTF1	TPRG1L	0.5966213557536297
RLF	RHCE	0.59638360138908
RUNX3	SESN2	0.5963056085005277
ASAP3	EPHA2	0.5961210667006882
ZCCHC17	ATP5IF1	0.5960993531609229
DMAP1	FBXO42	0.5960810463639875
NOC2L	MACF1	0.5959226074094846
MAGOH	AL135960.1	0.5956928528194424
FOXJ3	KAZN	0.5956709764348352
ENO1	CENPS	0.5953969597940915
ZNF436	NMNAT1	0.5953350139524219
ZBTB17	RPA2	0.5952858245864283
RLF	NFYC-AS1	0.5952784851541706
ZCCHC17	FAM167B	0.5952689401677569
ENO1	TRIT1	0.5949335760173837
HP1BP3	MRPL20-AS1	0.5948455368158659
SMAP2	TMEM52	0.5948383943929068
SSBP3	FOXD3-AS1	0.594835851023211
ZCCHC17	LINC01772	0.5948321114390543
YBX1	FOXD2	0.5947620909243634
ZBTB17	KANK4	0.5946598689462687
ZNF691	AL139289.2	0.5946320697883989
HIVEP3	LINC01359	0.5944401331906621
HES4	SMAP2	0.5944105964087643
RUNX3	HNRNPR	0.5941678910065643
RLF	LINC02606	0.5940116286027514
RLF	TRNP1	0.5939918490261574
PRKAA2	COA7	0.5938518260289435
NFIA	NADK	0.5938314392940292
NFYC	EPHA2	0.5938265549759212
ZBTB17	GJA9	0.5937923216333653
MAGOH	SH3D21	0.5935802821351035
ZBTB48	EXOSC10	0.5935496019817136
NOC2L	RHD	0.5935101987370147
MAGOH	EIF2B3	0.5934485742657473
HP1BP3	ASAP3	0.593408868095603
HP1BP3	WRAP73	0.5933150495235882
HES5	SLC30A2	0.593283909844206
MAGOH	MECR	0.5931646461339766
ZNF436	ITGB3BP	0.592984661594818
AKR1A1	EIF4G3	0.5929353489485802
ZFP69B	CENPS	0.5926357685329644
SMAP2	STPG1	0.5925978849083593
ZCCHC17	SSBP3	0.5925849014613482
ZCCHC17	VWA1	0.5925391939881327
HES5	ZNF362	0.592516747937486
RLF	LDLRAD2	0.592471072527563
ZCCHC17	CYP4B1	0.5924294611645191
CPTP	PEF1	0.5923964000929374
POU3F1	DRAXIN	0.5923346892781243
MAGOH	PRDM2	0.5923193157260552
NFYC	HDAC1	0.5922467287040726
TAL1	FOXD2	0.5922018503754326
HEYL	AL645608.7	0.5921405232587373
JUN	NUDC	0.5921363649439794
FOXJ3	SDC3	0.5920868011805366
SMAP2	STIL	0.5920273738977955
HDAC1	TRNAU1AP	0.5918817484466509
DMAP1	AL139289.2	0.5918596504202509
MORN1	FBLIM1	0.5917280058152753
DMAP1	SLC30A2	0.5916792738610045
SMAP2	ZBTB40	0.5915472844632295
LUZP1	CDC20	0.5913761371060016
FOXJ3	ACOT7	0.5912894015037252
HES4	ID3	0.5910974288402
AKR1A1	PGM1	0.5910705039122013
YBX1	LINC01128	0.5910660011943663
ZNF362	AL358075.2	0.5908683189620614
AGMAT	LRRC42	0.5908630076156622
LUZP1	MACF1	0.5907223734057541
NOC2L	EBNA1BP2	0.5907096236338384
MAGOH	EIF4G3	0.5906167510058556
HP1BP3	CNKSR1	0.5905932685506432
SSBP3	CASZ1	0.5904331758068319
TFAP2E	PLEKHM2	0.5904182891828821
ZBTB17	MUTYH	0.5903603808551239
SMAP2	CAMTA1-IT1	0.5903192424782396
TAL1	NOL9	0.590202728204187
SCMH1	TNFRSF25	0.5901992336135387
CPTP	MMEL1	0.589658587657165
LUZP1	JAK1	0.5895594824799139
MAGOH	GALE	0.5894024140128096
SSBP3	RAVER2	0.5890730581721548
NOC2L	INPP5B	0.5889879829922864
CPTP	SHISAL2A	0.5889596075228061
AKR1A1	ECE1	0.5889462072393624
NOC2L	MARCKSL1	0.5888904677457425
HIVEP3	COA7	0.5888904184105683
ZNF362	ZMYND12	0.5888850743215619
EXO5	AL109811.1	0.5888084229365997
SSBP3	TESK2	0.5887999541240295
VAMP3	RERE-AS1	0.5886792450018137
DMAP1	COL16A1	0.5886356715207137
MAGOH	ALPL	0.588584250592147
FOXJ3	HPDL	0.5885587679715022
MAGOH	H6PD	0.5885286642710895
NFIA	CAMK2N1	0.5884455912688242
SFPQ	MAP7D1	0.5884003185992659
MAGOH	SNHG12	0.588302708542381
SSBP3	NRDC	0.5882526136566678
PRDM16	MYCBP	0.5882372421802496
LUZP1	DNAJC6	0.588225727052073
TAL1	PHACTR4	0.5881585512796164
RLF	MIB2	0.5880346460792089
TAL1	PIK3R3	0.5879556776539769
RUNX3	TMEM69	0.5879272233131079
RUNX3	SKI	0.5878469204189217
ZCCHC17	CEP85	0.587826431379181
AGMAT	CASP9	0.5877234014758288
SFPQ	UBXN10	0.587486115790192
MAGOH	HECTD3	0.5873791376250972
KDM4A	SLC66A1	0.5873058558828401
NFIA	FAM87B	0.5872771050613357
DMAP1	AKIRIN1	0.587046501461941
DMAP1	PNRC2	0.5870042049944219
SMAP2	MYSM1	0.5869943621316122
ZCCHC17	SMIM12	0.58698538156576
HES4	PPT1	0.5869822717301216
FOXJ3	CDK11B	0.5868556041378192
SSBP3	PLEKHM2	0.5868350040251168
HES4	UBR4	0.586818042495375
CPTP	CACHD1	0.5868087833994093
RLF	MEAF6	0.5867333413710407
HIVEP3	C1orf174	0.5867099254200521
ASAP3	SFPQ	0.5867097804975562
HP1BP3	SPSB1	0.5867027377236713
HP1BP3	ATG4C	0.5866612869995876
NFYC	RIMS3	0.5866334520864234
HES5	SPSB1	0.5865534933814731
LUZP1	CASZ1	0.5865188812782307
ZCCHC17	CAP1	0.5865062006211961
DMAP1	DMRTA2	0.5863176776695287
SFPQ	ZBTB17	0.5860382646234389
JUN	AL050343.2	0.5857152477836493
VAMP3	AC099791.2	0.5853566337635735
RUNX3	RSRP1	0.5851894555247293
HP1BP3	AL050341.2	0.5850790288441359
RLF	SNHG12	0.5850756863650979
HIVEP3	RNF223	0.5849719650485881
POU3F1	CACHD1	0.5845418889126053
SCMH1	NDUFS5	0.5845271781365698
PRKAA2	OMA1	0.5845121110959156
MYCL	ARHGEF19	0.5845081206418743
ENO1	USP48	0.5843924962983855
PRDM16	UROD	0.5842921890442062
HIVEP3	TNFRSF18	0.5842834379742892
ENO1	AK4	0.5842498710810575
FOXO6	MRPL20-AS1	0.584203417461631
SSBP3	C1orf50	0.5840684200992176
VAMP3	TOE1	0.5840113581943223
SFPQ	TNFRSF8	0.5835217240148296
DMAP1	AL604028.1	0.583484783294825
VAMP3	RER1	0.5834400422277263
HES4	PITHD1	0.5831814184621744
LUZP1	ZSCAN20	0.5829585663225001
ENO1	DLGAP3	0.5828651118180191
SSBP3	ENO1	0.5824078776263899
MAGOH	RNF19B	0.5823735173474733
ZNF691	ALPL	0.5823472840478773
ENO1	AGTRAP	0.5823429582318466
MORN1	UBE2J2	0.5823055889816517
HP1BP3	DHDDS	0.5820582943711481
RUNX3	SPSB1	0.582039389800001
HDAC1	THAP3	0.5820277710900068
HDAC1	ALDH4A1	0.5819733012495287
SFPQ	SDC3	0.5819126779894868
YBX1	AC114488.3	0.5818897583858278
HDAC1	SVBP	0.5818854688692687
ENO1	EIF2B3	0.5818050203976901
HDAC1	SMPDL3B	0.5817838944304706
VAMP3	Z97987.1	0.581685208685948
ZNF691	ZBTB17	0.5816014866758964
NOC2L	KHDRBS1	0.5815197599835514
SFPQ	GPBP1L1	0.5815185604012243
MTF1	MAN1C1	0.5815156516087319
HEYL	SF3A3	0.5814395849493972
NFIA	NSUN4	0.5814131451218382
SFPQ	THEMIS2	0.5813914213828865
ZBTB40	MAGOH	0.5812767256787604
ZNF436	EIF3I	0.5811214311018218
HP1BP3	ADPRHL2	0.5810181211212138
HP1BP3	C1orf216	0.5808646540552952
ASAP3	GJA9	0.5805715106651221
FOXJ3	PARK7	0.580549246655434
SMAP2	MRPL20-AS1	0.5804881465609376
NFYC	LINC00339	0.5804264901506753
HES5	TENT5B	0.5804243259034999
ENO1	CYP2J2	0.580275179760462
ENO1	AL137802.2	0.5801051946111931
FOXJ3	THRAP3	0.5800721755229553
ZCCHC17	HOOK1	0.5800037027367919
SSBP3	ZBTB48	0.579975086844092
JUN	PTCH2	0.5797752510628872
SMAP2	BEND5	0.5797374259877632
JUN	AL020997.2	0.5796756415896007
MTF1	NASP	0.5795826789081667
FOXO6	MRPL37	0.5795556745027296
HEYL	OXCT2	0.5794938468765204
FOXJ3	LINC02574	0.5794447496783778
ZBTB48	COL16A1	0.5793703661463485
NFIA	SLC25A33	0.5792460720766104
NOC2L	CYB5RL	0.5791112942418708
ZBTB40	CDC42	0.5788318229796567
HP1BP3	B3GALT6	0.5788215067104473
AKR1A1	DHRS3	0.5788205642374984
YBX1	GRIK3	0.5786511223905489
NFIA	AL627309.5	0.5786498109669348
FOXO6	PTPRU	0.5786161233696594
NOC2L	RPS6KA1	0.5785873716025226
ZNF362	RNF207	0.5783049281628271
HDAC1	PSMB2	0.5781988834299254
ZBTB17	HPCAL4	0.5781462521760614
RUNX3	RRAGC	0.5781442964678802
RLF	CEP104	0.5781206922080174
ENO1	TMEM39B	0.5781179768406922
SMAP2	TMEM240	0.5779613210760332
HDAC1	RCAN3	0.5777516571758112
ZNF684	PGD	0.577693933286447
POU3F1	IQCC	0.5776873702606117
SMAP2	RHCE	0.5773944480812923
ZCCHC17	TCTEX1D1	0.5772587529915085
ZNF436	DNAJC11	0.5771934818712211
ASAP3	BX284668.5	0.5769824561708199
ZCCHC17	PIK3CD-AS2	0.5768433274552283
CPTP	BTF3L4	0.5767536937062979
ZFP69B	TMEM51-AS1	0.5767114102823669
ENO1	AL034417.2	0.5765981985697853
ZNF691	FAM229A	0.5764657178826399
HP1BP3	SNRNP40	0.5763203135714169
YBX1	MAD2L2	0.5762968691625797
HES5	LAPTM5	0.5762212940921275
ZNF691	NDC1	0.5762168085746774
AKR1A1	SLC9A1	0.5761928928306838
ZCCHC17	EPHA2	0.5761566494517963
GMEB1	SRARP	0.5761480581724122
VAMP3	TRAPPC3	0.5761440752062572
RLF	L1TD1	0.5761000188638735
KDM4A	DNALI1	0.5758130725400975
ENO1	RPS8	0.5757704225385395
SCMH1	TOE1	0.5755327033277097
NFYC	MYCL	0.5754166533268251
ZNF362	GPBP1L1	0.5753833951133291
ZFP69	HMGN2	0.5753563954114509
SFPQ	SDF4	0.5752524680153581
TAL1	DNALI1	0.5752174863723885
RLF	ZBTB17	0.575174917913358
LUZP1	SESN2	0.5751251438394632
SMAP2	MED18	0.575088022602011
HDAC1	ZNF436	0.5750831283467589
SFPQ	PPP1R8	0.5749585648540857
ZBTB17	ZNF593	0.5749201186889147
RUNX3	MACO1	0.574909752499459
KDM4A	CEP85	0.5747026087171194
DMAP1	RPL22	0.5741686286477237
NFYC	ATP5IF1	0.5741217610002382
FOXJ3	TCTEX1D4	0.5739934614054807
KDM4A	FHAD1	0.5739657405245392
YBX1	AHDC1	0.5739404754645436
MYCL	SSBP3	0.5738253928563533
ZCCHC17	WASF2	0.5737575093003243
YBX1	FBXO44	0.5735496428221726
SFPQ	CYP4X1	0.5735294669541897
FOXD3	ZMYM6	0.5734080585012452
HES5	COL16A1	0.5732866446226283
DMAP1	CPT2	0.5731690858861277
SSBP3	ECE1	0.5731233474030337
RUNX3	CCNL2	0.5729736164113266
VAMP3	LINC01783	0.5725728145585026
LUZP1	ARHGEF19	0.5725045021442476
HP1BP3	AL360012.1	0.5724656070743359
CPTP	AK4	0.5724419024791353
DMAP1	ELOVL1	0.5722820040279928
NFIA	FHAD1	0.5722802553081462
SFPQ	AL031280.1	0.57220496848645
VAMP3	AL137802.2	0.5720997000362872
KDM4A	PUM1	0.5719708071608723
HP1BP3	AL356055.1	0.5719204286599677
VAMP3	PHC2	0.5718381724432978
MYCL	AL050341.2	0.5718054874072014
VAMP3	FCN3	0.5716262889320767
SMAP2	ATP6V0B	0.5716254045824465
NFYC	TM2D1	0.5716216798811226
JUN	H6PD	0.5715769920917771
YBX1	AL445248.1	0.5715484663838697
E2F2	USP1	0.5713636773947384
PRDM16	MECR	0.5713490000421159
TAL1	RPS6KA1	0.5711919141420658
HP1BP3	ENO1	0.571174972660409
ENO1	ZC3H12A	0.5711195881093052
HP1BP3	CASP9	0.5710692464383027
SSBP3	LINC02574	0.5709355343790276
HDAC1	FUCA1	0.5709287480480418
ENO1	LINC01715	0.5708320395179471
ASAP3	RNF19B	0.5707437901498665
SFPQ	BEST4	0.5706757846724273
KDM4A	AL590822.1	0.5706173916426688
AKR1A1	AC093151.8	0.5705649724474863
MORN1	RPS6KA1	0.5704675503424221
HIVEP3	AL357140.1	0.5704299377955904
NFIA	CENPS	0.5703457186401004
NOC2L	DDI2	0.5702503746914794
RUNX3	FAM110D	0.5701761317580989
GMEB1	TRIT1	0.5701647951293423
JUN	MRTO4	0.5699476093657532
HEYL	HMGCL	0.5699357750102276
FOXJ3	CLCN6	0.5699056736139632
HDAC1	COL16A1	0.5698383275658706
MAGOH	INTS11	0.5698239637999847
SFPQ	SPATA6	0.5697538627046278
AKR1A1	DMRTA2	0.5697223568626409
HDAC1	CAP1	0.5696971560722631
ZBTB48	PIK3CD-AS1	0.5696322800767637
ENO1	ZCCHC17	0.5696143148509629
GMEB1	CDA	0.5695368536779573
RUNX3	HEYL	0.5691648772285278
ENO1	MTOR	0.569111815934767
CPTP	SRRM1	0.5688123003249405
ZBTB48	SDF4	0.568732004020804
KDM4A	LINC01783	0.5687040924881213
HES5	PTPRU	0.5686873777415632
ZNF362	CPTP	0.568684096858018
NFIA	CNKSR1	0.5686091390783632
HP1BP3	Z97987.1	0.5685346371827987
JUN	GPX7	0.5684996740899656
HP1BP3	TEKT2	0.5684807929887258
JUN	PDZK1IP1	0.5683874292378436
FOXD2	MED8	0.5683239202618466
CPTP	SMAP2	0.5682459932325672
JUN	CORT	0.5680940843427308
YBX1	SNHG12	0.5680183143818559
AKR1A1	MIR34AHG	0.568012876298049
YBX1	AL020997.5	0.5678624129734456
HIVEP3	MDS2	0.5677512354916052
ENO1	PHF13	0.5677300688289459
ZNF684	TRNP1	0.5676653960789289
ZBTB48	CPTP	0.5676050492759457
HES4	TMEM222	0.5676028119797395
RLF	AGTRAP	0.5675671665074824
PRKAA2	ATAD3A	0.5675531817886433
VAMP3	HNRNPR	0.5673938214779755
MAGOH	CENPS	0.5672989471903493
ENO1	TENT5B	0.5671081431247078
ZNF684	MAP7D1	0.5671070424946986
FOXO6	H6PD	0.5669899666130681
HP1BP3	SLC9A1	0.5668900748750658
ZNF436	AZIN2	0.5668810523242079
POU3F1	UTP11	0.5667350791088477
RUNX3	KIAA0319L	0.5667228727320673
HDAC1	MORN1	0.5667132310847746
ZBTB17	PLCH2	0.5666999607196735
HP1BP3	FCN3	0.5665584146753548
FOXJ3	EIF3I	0.5663956781566759
LUZP1	PLEKHG5	0.5663633841043774
ZBTB17	RAB3B	0.5661405046644614
PRDM16	ROR1	0.5661141119124606
MAGOH	EPS15	0.5659455320612813
ENO1	LYPLA2	0.5655710868503933
RLF	RRAGC	0.5653883913122343
FOXD2	CDK11A	0.5652396564061274
JUN	EXOSC10-AS1	0.5651990479950094
ZBTB17	TMEM51-AS1	0.5650943007100377
ZCCHC17	TXNDC12	0.5650665845239785
ZNF436	C1QB	0.5650611079987213
HP1BP3	CTPS1	0.5650308955764206
GMEB1	SLC25A33	0.5649866798096396
NFIA	MEGF6	0.5647489659665534
ZFP69B	ENO1	0.564681555822452
YBX1	AL805961.1	0.5646024148712337
HDAC1	NADK	0.5645549990402049
JUN	KLHL21	0.5645102333717774
ZCCHC17	YIPF1	0.5644883312811785
FOXJ3	AL691432.2	0.5643823264445075
NFIA	SNRNP40	0.5642219667676229
MAGOH	SCMH1	0.5642025214593697
CPTP	SSBP3	0.5641178459364957
DMAP1	DVL1	0.564108480717306
MTF1	HES5	0.5640576528226801
HES4	TRIT1	0.5639744958737009
KDM4A	TRNP1	0.5639639926903132
HES5	CEP104	0.5638005943463429
NFYC	TNFRSF25	0.5636204707657471
DMAP1	DNAJC16	0.5635465732234812
NOC2L	RPA2	0.563355514781087
HES4	PLEKHG5	0.5633282013452569
AKR1A1	ECHDC2	0.5632951488653922
HDAC1	UBE4B	0.5628424415878867
YBX1	LINC01562	0.5624669926874886
ZNF684	NBPF1	0.5623617189227883
DMAP1	NOL9	0.5622347007171244
LUZP1	TMEM201	0.5620860153504944
DMAP1	ARMH1	0.5619697731220599
SSBP3	LRRC42	0.5619605075371445
SFPQ	KDM1A	0.5618396111495113
SMAP2	PAFAH2	0.5618342297040624
JUN	C1QB	0.5617764272993545
NFIA	AL604028.1	0.5617558814799309
RUNX3	IFFO2	0.5617504503864296
FOXD2	TM2D1	0.5615255664024005
HDAC1	DDOST	0.5614376075106523
ZSCAN20	GMEB1	0.5613822887910349
SCMH1	SPATA6	0.561381146712503
ZNF436	ENO1-AS1	0.5612547558247569
PRDM16	IPO13	0.5609779345446578
LUZP1	AL139424.1	0.5609262419531806
CPTP	RSRP1	0.5607953136162497
ZBTB17	HMGN2	0.5607607926854647
DMAP1	AL591845.1	0.5605526276285253
FOXO6	PGM1	0.5599052663245081
ZCCHC17	SDHB	0.5598199562015587
ZNF684	ZNF691	0.5598174417094296
ENO1	ATAD3B	0.5597064646521837
NFYC	PPCS	0.5594197585435332
ENO1	PODN	0.5593484633085135
HP1BP3	FOXD3-AS1	0.5592969168116072
ZNF684	WASF2	0.559083649796087
RLF	MUL1	0.5589964007508026
FOXJ3	ROR1	0.5589740703084974
EXO5	TUT4	0.558854027074588
FOXO6	IFFO2	0.5585303486989415
JUN	EMC1-AS1	0.5585208218581597
ZNF436	AL031005.2	0.5585194194934816
FOXJ3	JAK1	0.5584812229419318
GMEB1	FAM76A	0.558478192182398
ZBTB48	NASP	0.5584650269888468
SMAP2	AL109811.1	0.5584365940092454
HP1BP3	HECTD3	0.5583573888865824
SFPQ	CTPS1	0.558249852590039
ENO1	AL020997.2	0.5581933287052295
GMEB1	AL136985.3	0.5580872859466539
SFPQ	DHRS3	0.5580431867766081
SSBP3	CCNL2	0.5580041075525058
ENO1	AL050341.2	0.5579962310581077
NFYC	OMA1	0.557880704382544
YBX1	AL020996.1	0.5578683346552878
DMAP1	PLEKHM2	0.5575368261582252
ZCCHC17	SLC9A1	0.5574667530207819
SSBP3	AL627309.1	0.5573870904285082
PRDM16	PPIH	0.5569589341778073
SFPQ	ATAD3C	0.5568438635787653
JUN	MFN2	0.5567840632976117
YBX1	RAB3B	0.556778218630863
ENO1	KDM4A	0.5565512950307181
SCMH1	AL445183.2	0.5565168674874302
NOC2L	CORT	0.5564810458781488
ZNF436	JUN	0.5564628510400675
YBX1	HMGCL	0.5563551540650209
CPTP	JUN	0.5563348798453037
ZNF362	AL136115.2	0.5563204543463788
NFYC	AL445248.1	0.5563126674013299
RLF	MUTYH	0.5562427609690951
ZFP69	RHBDL2	0.556141153856918
JUN	BX293535.1	0.5560574867450011
VAMP3	SPEN	0.5559982272226428
SSBP3	ZNF691	0.555853403818087
RUNX3	ENO1-AS1	0.555304242459591
ZSCAN20	POU3F1	0.5552284276636617
SFPQ	NFIA	0.5550762161772363
SFPQ	CRYBG2	0.5550382789717191
RUNX3	CAPZB	0.5549800413370664
RLF	AL139246.3	0.5547681703242029
VAMP3	GJA9	0.5547107081629796
SSBP3	UBIAD1	0.5546464850998066
SMAP2	DNAJC6	0.5545521814442943
GMEB1	GALE	0.5543808032961809
SCMH1	TNFRSF8	0.554331097117099
ASAP3	ELOVL1	0.554293181345261
KDM4A	MAGOH	0.5541689328190551
MTF1	PPIH	0.5540614459184973
ENO1	RPL11	0.5540466508094515
CPTP	ANKRD65	0.5538895037329498
PRDM16	PRKCZ-AS1	0.5536483029951185
SCMH1	MED8	0.5535923030845114
MAGOH	DRAXIN	0.5535340707762545
RUNX3	SRSF10	0.5535043829511187
MYCL	GJA9	0.5534892055764019
NFIA	ARID1A	0.553469001627737
MORN1	POMGNT1	0.5534475296331063
KDM4A	STIL	0.5533745353979788
SSBP3	STX12	0.5533634998301377
RUNX3	BSDC1	0.5533467681332728
RLF	HYI	0.5531405392030241
MAGOH	HIVEP3	0.5530785124045057
NFIA	ATPAF1	0.5527996346935352
AKR1A1	BTF3L4	0.5527215426669811
ZNF436	DPH2	0.5527192261124158
AKR1A1	STX12	0.5526718725733448
HP1BP3	TMEM51	0.5526682977210827
NFYC	CAP1	0.5525209092493166
HES5	MTF1	0.5524485770769827
ZBTB48	RAB42	0.5522144302840026
YBX1	ZNF436	0.551990333112532
JUN	AL136985.3	0.5519644456596932
ASAP3	MKNK1	0.551925654332829
ZNF362	BTBD19	0.5516678344650419
HES4	GALE	0.5515636326679726
POU3F1	CROCC	0.5515022614158516
JUN	USP24	0.551460117592872
DMAP1	AKR7A2	0.5514123736901478
LUZP1	PGD	0.5510393253925304
KDM4A	AL691432.2	0.5510386915458161
NOC2L	RSRP1	0.5508393449940617
PRKAA2	PODN	0.5505408947545252
SSBP3	RCC1	0.5505281809478115
MAGOH	UBE4B	0.5505124068370012
HDAC1	C1QC	0.550509363212989
NOC2L	MTHFR	0.5504756308503078
ZSCAN20	ZMPSTE24	0.5504338742880781
JUN	ZBTB8OS	0.5502711553620317
KDM4A	NMNAT1	0.5501233442340966
ZCCHC17	MRPL37	0.5500721048056282
SFPQ	TRNP1	0.5499958625277689
POU3F1	SNHG12	0.5499926709917247
HP1BP3	AL139220.2	0.5499627357810035
ZNF362	CTRC	0.5499603791386171
SMAP2	SLC2A1	0.5499507869581058
NOC2L	GPN2	0.5497678924938264
HES5	VPS13D	0.5496740531924375
AKR1A1	MYCBP	0.5494339298168806
FOXJ3	KIF17	0.549114822146966
VAMP3	AL359881.2	0.5491075394855965
RLF	SRM	0.5491046446552277
HEYL	EIF2B3	0.5490727310340281
ZBTB40	ACOT7	0.5489489017801276
GMEB1	FAAP20	0.5488428128291925
ZBTB40	SKI	0.5487926829144744
HDAC1	MRPS15	0.5487622948119225
NFIA	PNRC2	0.5483814301374633
TAL1	FBXO42	0.5482852281235575
RLF	MYCL	0.5482410401921401
SSBP3	PEX14	0.5482239710603092
FOXJ3	LINC01137	0.5480233833567425
ZCCHC17	INPP5B	0.5477378749116274
ZNF362	RAVER2	0.5476864381314752
VAMP3	C1orf174	0.5476206277152016
LUZP1	ZBTB17	0.5475430835686417
ZCCHC17	SRSF4	0.5474279112464626
AKR1A1	RLF	0.5472936890394259
ZCCHC17	SRM	0.5472838126494791
NFIA	PHF13	0.5472780392738019
HEYL	SYNC	0.5472338141829517
RUNX3	PNRC2	0.5471417664644999
LUZP1	SMIM1	0.5469132097086171
CPTP	AC093424.1	0.5467917060777782
ZBTB17	FOXD2-AS1	0.5467872183284587
SSBP3	PTAFR	0.5467759490784427
HES4	PLA2G5	0.5467543726171024
HDAC1	DLGAP3	0.5465795697941104
SFPQ	BMP8B	0.5464998349910226
ZCCHC17	CNKSR1	0.5462041358858265
HP1BP3	ATP13A2	0.5459667793556429
ZNF436	ATAD3A	0.545898610116978
RLF	GMEB1	0.5458641890652843
ZBTB40	SZRD1	0.5454614968630193
PRDM16	TXLNA	0.545372353013999
HIVEP3	PRKAA2	0.5453721138834888
RLF	MIER1	0.5453169006599392
HES4	EMC1	0.5452021977605662
KDM4A	HYI	0.5451445986398271
ENO1	ECHDC2	0.5450792492236095
SCMH1	RERE	0.5450333603802074
MYCL	MACO1	0.5449846532397623
VAMP3	SH2D5	0.5448797475059833
SSBP3	FBXO6	0.5446987971849214
HDAC1	ZC3H12A	0.5446569254235093
YBX1	PATJ	0.5445735607351937
AKR1A1	NIPAL3	0.544268074276452
SMAP2	EMC1-AS1	0.5441597426336786
NOC2L	LRP8	0.5441538034504783
HIVEP3	AL139424.1	0.5440721182937924
DMAP1	BSDC1	0.5440571782757473
HDAC1	GMEB1	0.5440196882124066
ZNF691	GNL2	0.5439353842613683
SSBP3	NMNAT1	0.5438742815426832
JUN	WDR78	0.5438736961887494
LUZP1	LURAP1	0.5438692116235816
ZBTB40	ST3GAL3	0.5436514504754384
LUZP1	AL606760.2	0.543320604313502
ZCCHC17	ERRFI1	0.5432490143631326
YBX1	RCAN3	0.5431659670041973
LUZP1	YIPF1	0.5431631516622228
ZBTB48	LINC01562	0.5430392798730942
SCMH1	POMGNT1	0.5430281281754005
ZCCHC17	FCN3	0.5429258498910788
MAGOH	USP24	0.5429183817979101
SFPQ	LRRC42	0.5428605580990825
VAMP3	USP1	0.5426511110851948
ENO1	ZNF684	0.5426255140185654
MAGOH	NUDC	0.542588995895749
TAL1	LEPROT	0.542587723711412
KDM4A	IPP	0.5424139058804858
MAGOH	ELOVL1	0.542406561493287
RLF	B4GALT2	0.5422548984567429
MTF1	PPP1R8	0.5420301558358833
YBX1	PPIE	0.5420245098825626
DMAP1	EVA1B	0.5416968136911423
ZNF362	CTNNBIP1	0.5416408787387744
HIVEP3	LYPLA2	0.5415859266738037
SFPQ	MIR4422HG	0.5415068718375419
NFIA	TNFRSF14-AS1	0.5414984560699456
HP1BP3	LCK	0.5414051126635492
ENO1	SDF4	0.5412577425746314
RLF	ZFYVE9	0.5412124726334275
DMAP1	SLC45A1	0.5412057692955928
MTF1	CASZ1	0.5410554396114815
SFPQ	AL050341.2	0.541047835535049
DMAP1	SZRD1	0.5408832002008597
HES5	TAF12	0.5408519977228957
TAL1	MAGOH	0.5407380248498567
TAL1	AL139260.1	0.5406670320189786
AKR1A1	JUN	0.5405989138667421
ZNF362	ARHGEF19	0.5403532043791875
MAGOH	PLK3	0.5401952839824785
FOXD3	CAMK2N1	0.5401330547623343
HDAC1	SRSF10	0.5400263877243723
MTF1	BSDC1	0.5400142694089582
RLF	MOB3C	0.5398545935787874
ENO1	EFCAB14	0.5396869947679825
NOC2L	ZYG11B	0.5395964332756655
HDAC1	LUZP1	0.5392765887329468
ZCCHC17	AL513327.1	0.5392535164973986
AKR1A1	LUZP1	0.5392392984945711
MAGOH	ALG6	0.5391871174089053
MORN1	ZNF691	0.5391540766114732
EXO5	PHC2	0.5390040555222192
HES4	TM2D1	0.5388590812875026
HP1BP3	LSM10	0.5388065942289817
ZNF684	ZDHHC18	0.5387241702119575
NOC2L	SPEN	0.5387092717610553
SMAP2	SYNC	0.5386032068926725
NFIA	TTLL10	0.5385584531759586
HDAC1	PPT1	0.5385238945174761
MAGOH	FGGY	0.5384279250534285
DMAP1	MATN1	0.5384038054677559
ENO1	PPT1	0.5384025617493899
LUZP1	CLSPN	0.5380509908958563
MAGOH	PDE4B	0.5378304402189715
FOXJ3	MRPS15	0.5377365907079084
SMAP2	PIK3CD-AS2	0.5377324085511098
NFYC	AL031848.2	0.537361197746056
HDAC1	LZIC	0.5373591300483085
POU3F1	PLEKHG5	0.5373130132532071
NFYC	ZBTB8OS	0.5373072190881534
MTF1	RLF	0.5372423531931246
ZBTB17	C1orf216	0.5372109509911056
VAMP3	CDC42-IT1	0.537158823469407
SMAP2	FAM87B	0.5371304500805936
LUZP1	RCAN3	0.5370476762619085
VAMP3	FBXO42	0.5370368140539269
VAMP3	RNF207	0.5369768569487747
JUN	LINC02777	0.5368870661955601
ZCCHC17	KLHL21	0.5368376991763928
HP1BP3	MFSD2A	0.5364000261686557
HDAC1	SH3BGRL3	0.5363761584371547
HES4	MRPS15	0.5362638328236345
FOXD2	RHBDL2	0.536253311007198
NFIA	AGO4	0.5360125538516645
NOC2L	RAB42	0.5359398685280591
NFIA	DLEU2L	0.5359393119768712
CPTP	PEX14	0.5358960502795039
PRDM16	LURAP1	0.535890090421161
MAGOH	NFIA-AS1	0.5358548762604146
SFPQ	ATG4C	0.5358541926512279
ZNF684	FO704657.1	0.5358495711833616
SSBP3	MRPL37	0.5357973460529704
GMEB1	UBIAD1	0.5357092298135094
HES4	ZMYM4	0.5356889326825347
ZBTB40	PLK3	0.5356869911884563
NOC2L	PRPF38A	0.5356833576508484
VAMP3	FHAD1	0.5351427849017223
HP1BP3	ALDH4A1	0.5350991231050833
HP1BP3	AL031432.3	0.535074126714506
ZBTB48	ZNF362	0.5349817284172781
HDAC1	MUL1	0.5349263239171884
POU3F1	HES5	0.534770599484862
NFYC	SNHG12	0.5347475253906204
HP1BP3	SNIP1	0.5347047897512378
ASAP3	STX12	0.5346659560882507
JUN	LINC01355	0.5345421943246698
RUNX3	MFN2	0.534516182622034
MAGOH	TTLL10	0.5344743315715528
VAMP3	AL139246.5	0.5343440483097298
ZBTB48	MFN2	0.5342939012644203
NOC2L	MRPS15	0.5342609139820105
ZCCHC17	CAPZB	0.5342494349819704
ZFP69	CC2D1B	0.5341869808593271
NFIA	LINC02606	0.5339727388317297
ZNF436	ZBTB8OS	0.5339596488599657
ASAP3	STIL	0.5339550429738835
LUZP1	MARCKSL1	0.5339151911796934
HIVEP3	SNHG3	0.5337496661851073
ZBTB40	CPLANE2	0.533667352424588
SMAP2	RPA2	0.5335808285320031
ZCCHC17	NDUFS5	0.5335563829083969
SSBP3	CITED4	0.5335495281634797
HP1BP3	ZNF436-AS1	0.5335459831817713
FOXD2	KIF1B	0.5335041488465858
KDM4A	ATAD3C	0.5333874218406702
MAGOH	AL590822.3	0.5331192960190779
JUN	UBIAD1	0.5330720374569377
DMAP1	EIF2B3	0.5329913766869153
VAMP3	CTNNBIP1	0.5326991888604068
RLF	SDHB	0.5326659718159819
HES5	LINC02606	0.5326586765374177
AKR1A1	AL139246.5	0.5325059386154851
POU3F1	HPCAL4	0.5324807226704078
SCMH1	MAST2	0.5320459031908863
JUN	SSBP3	0.5319950677472232
HIVEP3	RIMKLA	0.5317550540390424
MAGOH	FBXO42	0.5317546204483049
ZNF436	FAM110D	0.5317337978188115
LUZP1	GJA4	0.5316883527815841
SFPQ	AL031289.2	0.5316004025431876
ZBTB17	AL606760.3	0.5315076277103479
MAGOH	MAP3K6	0.531185601776244
NFIA	TRIT1	0.5310838262516469
SSBP3	FNDC10	0.5307421441868685
SSBP3	AL691432.2	0.5306365352826827
HES4	C1QC	0.5305018479414725
LUZP1	USP24	0.5304140018902747
HP1BP3	TARDBP	0.5304113092409046
HEYL	GPBP1L1	0.5298932440430756
ENO1	AL020997.5	0.5298641543982978
SFPQ	CEP104	0.5297395572376223
SSBP3	ACAP3	0.5297268970772963
ZCCHC17	PUSL1	0.5296757344246715
ZNF684	ZMYM4	0.5296077394943522
SSBP3	RER1	0.5295881184546325
SSBP3	ARMH1	0.5294399777597721
NOC2L	TRAPPC3	0.5293676310438181
GMEB1	C1orf174	0.5293644779665077
RLF	DDOST	0.5293569814543239
DMAP1	SPSB1	0.5291742523099634
VAMP3	OMA1	0.5291103355913881
FOXJ3	TXLNA	0.5290796704956688
DMAP1	CORT	0.5290425206297483
HES4	TMEM234	0.5290242704117787
ASAP3	AL136985.3	0.52886130499118
ZCCHC17	CACHD1	0.5287643041029308
SFPQ	AGO3	0.5287433790100066
NFYC	ZNF436-AS1	0.5286503801552054
FOXJ3	MKNK1	0.528642622764486
NFIA	Z97987.1	0.5286187650683231
NOC2L	ECHDC2	0.5285446428846529
VAMP3	AL645608.7	0.5285425746051309
VAMP3	BSDC1	0.5283361407774203
ZBTB17	AL139424.2	0.528037889506723
PRDM16	MAP7D1	0.5280283446197919
MAGOH	BSDC1	0.5279339292544525
ASAP3	PANK4	0.5279290386723932
ZNF684	ARID1A	0.527876385785916
MAGOH	SFPQ	0.5278262150091558
ZCCHC17	MAGOH	0.5277759989798995
FOXJ3	TMCO4	0.5277672149242758
VAMP3	SDF4	0.5276905984184914
MORN1	ATAD3A	0.5276476270863822
ZNF436	C1orf159	0.52762404547824
HES4	C1orf122	0.5275733604697604
MTF1	PPCS	0.5272844493905872
HDAC1	MRPL20-AS1	0.5272842036596069
SCMH1	SSU72	0.5272291557189395
ENO1	MACO1	0.5272243876465638
LUZP1	HPCAL4	0.5270687891309536
LUZP1	AL606760.3	0.5270375616017814
VAMP3	MAP7D1	0.5269553124586356
FOXD2	HIVEP3	0.5269501637235201
ZBTB40	RLF	0.5268811822045064
PRDM16	PGD	0.5267233318976087
ENO1	RPA2	0.5265823214549725
ZBTB40	SZT2	0.5265743214503973
SSBP3	PUM1	0.526415926971197
YBX1	LEPROT	0.5263515233880733
FOXJ3	TUT4	0.5260355230575384
RLF	MAGOH	0.5258510998416156
KDM4A	AL512353.1	0.52572747743077
JUN	PRDM16-DT	0.5256894133915875
SMAP2	COL9A2	0.5256457592078887
FOXJ3	TMEM201	0.5255602661279555
HP1BP3	PDE4B	0.5254675527902127
MAGOH	SZRD1	0.5254159299659188
MAGOH	MMEL1	0.5253261572558692
HES4	RER1	0.525305319272012
FOXJ3	MXRA8	0.525257954303753
MORN1	NOL9	0.525193083871121
HES4	TRAPPC3	0.5250562639767871
ZCCHC17	PRDM16	0.5250040599524498
DMAP1	ZBTB48	0.5249939494140456
PRDM16	SRM	0.5249470098273874
RUNX3	PTCH2	0.5248998060278319
VAMP3	GPN2	0.5248843204631523
RLF	LUZP1	0.5248669814777747
VAMP3	LINC01128	0.5248558299572447
LUZP1	KIAA0319L	0.5247403076151487
POU3F1	CC2D1B	0.5244923469245355
JUN	AL031985.3	0.524444323511311
ZNF362	TRNP1	0.5244186688552099
HP1BP3	ECHDC2	0.5243868336729371
HES4	SKI	0.5240910317162085
RUNX3	TMEM54	0.5239201884799972
GMEB1	KIAA1522	0.5238899302391298
NOC2L	EIF4G3	0.5237088316971731
AKR1A1	PLEKHM2	0.5236761309247717
SMAP2	ZYG11A	0.5236729201440516
NFYC	MEAF6	0.523649005087417
SSBP3	C1orf174	0.5236421320467995
RUNX3	AL020997.2	0.5235729116216152
YBX1	AK4	0.5234500426041124
ZFP69	SCP2	0.5233799107396871
HP1BP3	PER3	0.5232763698200027
YBX1	PPCS	0.5232598845326311
HES5	PRKAA2	0.5229213556525023
ZBTB48	RPL22	0.5227449905696094
NFIA	AL139424.1	0.5227321571865319
RLF	RIMKLA	0.5225616422984241
YBX1	SMPDL3B	0.5225452783251787
JUN	AL691432.2	0.5224554142347727
CPTP	CLIC4	0.5223664102649522
YBX1	TNFRSF4	0.5223191867500131
FOXD2	KDM1A	0.5222895994520093
ENO1	UBXN11	0.522216959675388
ZFP69B	TCEANC2	0.5221145250573533
RUNX3	VPS13D	0.5221031081829811
ZCCHC17	RUNX3	0.5220173184222237
ENO1	FAM41C	0.5219965777590502
POU3F1	MMACHC	0.5219846967997614
LUZP1	SNHG12	0.5219397826003256
ZNF436	PSMB2	0.5219214560592449
CPTP	NECAP2	0.5217274981438648
SFPQ	FOXO6	0.5215557682734088
POU3F1	TTLL10-AS1	0.5214426944923642
RUNX3	MUTYH	0.5214238409253537
ZNF436	AL450998.2	0.5214095153632753
ZNF436	ECE1	0.521365881064216
NFIA	CEP85	0.5212772638415557
NFYC	DNAJC6	0.5211856584023925
NFYC	GPX7	0.5211581702162285
YBX1	OMA1	0.5211550031728126
ASAP3	ACAP3	0.5211271597806825
JUN	TXLNA	0.5210999302039885
CPTP	LRRC42	0.5210772888584905
NFIA	YBX1	0.5210677518403173
MTF1	AL139423.1	0.5210546642063141
RUNX3	AL513327.1	0.5210355246043946
ZBTB48	TSPAN1	0.520911545817367
NFIA	LINC01137	0.5208994666879763
MORN1	TMEM54	0.5207816190460663
SFPQ	PRKCZ-AS1	0.5207196153032851
HP1BP3	AL031005.1	0.5205664221497808
KDM4A	ZNF362	0.5204929574204132
SSBP3	AL357078.2	0.5204874050355441
ZCCHC17	ATP13A2	0.52042274033646
SMAP2	PABPC4	0.5203487060813203
NFYC	MTFR1L	0.520336235058947
ENO1	ID3	0.5202864847352625
ZBTB17	AKR1A1	0.5201475465826104
HIVEP3	RRAGC	0.5201082139175345
DMAP1	THRAP3	0.520060519973269
LUZP1	GPX7	0.5200507740445353
JUN	AL357079.1	0.5200423447292762
SMAP2	MARCKSL1	0.5199784396851054
ENO1	POU3F1	0.5199366883721523
RLF	BTF3L4	0.5197524972491673
HES4	FCN3	0.5197120106726562
ASAP3	TCTEX1D1	0.5196000801988033
POU3F1	SPSB1	0.5194835204647956
SSBP3	SRRM1	0.5193793460437421
CPTP	ZC3H12A	0.5192474288542696
SFPQ	ATP6V0B	0.5191687051095799
HP1BP3	HPCAL4	0.5191371982444025
MAGOH	PRKCZ	0.5189809383629223
TAL1	MRPL37	0.5188921182368655
YBX1	AKR1A1	0.5188752556726016
NFIA	LINC01128	0.51801043695042
SSBP3	FAAP20	0.5179181168426276
LUZP1	CAP1	0.5177719441682109
MAGOH	AL512353.1	0.5177104013993022
MAGOH	SMIM1	0.5175494867813322
HDAC1	KPNA6	0.5174990616371281
JUN	AL034417.3	0.5173415391476547
GMEB1	BEND5	0.5173350559294118
RUNX3	EPS15	0.5173256306981255
HDAC1	MTFR1L	0.5172408640384655
VAMP3	ALDH4A1	0.5170816264931463
AKR1A1	TRIT1	0.5170564733361912
SMAP2	TENT5B	0.5170397733389954
NFIA	TRIM62	0.5170287410187554
MTF1	PRKCZ-AS1	0.5169961630167506
VAMP3	AL020997.2	0.5169884495786898
SFPQ	KIAA0319L	0.5169863463725071
HIVEP3	PEF1	0.5169814874870391
JUN	SLC45A1	0.5169274267658115
LUZP1	FAF1	0.51689617997399
FOXJ3	AL606760.1	0.516857409876066
PRKAA2	OTUD3	0.5167295928002316
PRKAA2	GPX7	0.5167168308140109
FOXJ3	HOOK1	0.5166535075371547
HDAC1	PLPP3	0.5165432769058893
HDAC1	PPP1R8	0.5164780277243571
JUN	KIAA1522	0.5164235319178438
RLF	EIF2B3	0.5162200839189004
JUN	NRDC	0.5160788701865747
EXO5	SRSF10	0.5160440713788226
NOC2L	THRAP3	0.5160293958917116
RUNX3	CDC20	0.5159958762971011
ZBTB40	PAFAH2	0.5159822358258082
TAL1	ZFP69	0.5159332068326803
MAGOH	AK4	0.5158212871290191
VAMP3	PTAFR	0.5158019351729464
YBX1	AKR7A2	0.5157000376781805
JUN	AL606760.2	0.5153092299776519
YBX1	NFIA	0.515273225535317
SMAP2	SLC9A1	0.5152538621585646
MORN1	TMEM51	0.5152434292161909
DMAP1	PTPRU	0.5150023963472874
NFIA	AL031283.2	0.514958095440803
ZBTB17	ZYG11B	0.5143884612447178
TAL1	TRAPPC3	0.5142447036302176
SMAP2	DNAJC16	0.5142430758690062
POU3F1	H6PD	0.514227815527446
RLF	AURKAIP1	0.5142184965083609
SFPQ	TESK2	0.5142177751562929
MAGOH	MYCBP	0.5141546319135034
NFYC	MATN1-AS1	0.514114808296605
NFIA	KLHL21	0.5140106778088401
YBX1	EIF4G3	0.5139799860438696
HES4	NFIA	0.5139651245726345
ZFP69B	PPIH	0.5139164208273839
NOC2L	MTFR1L	0.5139026609689555
DMAP1	CD52	0.5138459819094785
JUN	AL031289.2	0.5138124426768529
ZBTB40	CLSTN1	0.5137769070157042
NFYC	KPNA6	0.5135646668694993
SMAP2	ASAP3	0.5133028991386549
SMAP2	SLC35E2B	0.5131434995686442
VAMP3	NOC2L	0.5130850933150066
ZNF691	PPIE	0.5130395899271681
ENO1	FCN3	0.512886303071857
HP1BP3	ARHGEF16	0.5128816905006457
RUNX3	RER1	0.5128554253915151
KDM4A	MIER1	0.5126519446342996
ZCCHC17	HYI	0.5124972971198509
NFIA	HOOK1	0.5124106510261013
POU3F1	TTC4	0.5124065173400122
NOC2L	SLC25A33	0.5123867779916264
NOC2L	AL139246.5	0.5123504611303948
HIVEP3	RNF11	0.5123454250545275
MORN1	MAP7D1	0.512326089289147
LUZP1	SPEN	0.5122443635273286
ZNF362	PLEKHG5	0.5120609739682592
JUN	THAP3	0.511848581399408
YBX1	AL050343.2	0.5118470488310927
HP1BP3	MTF1	0.5117693231062331
AKR1A1	SZRD1	0.5116511331608147
MAGOH	CAMTA1-IT1	0.511568901687989
ENO1	UBXN10-AS1	0.5114726772130389
CPTP	NDC1	0.5114585621653401
KDM4A	STMN1	0.5113297969733114
ZNF684	CCNL2	0.5113138474803076
NFYC	NOC2L	0.5112586646249979
AKR1A1	PPIE	0.5110774515363444
PRKAA2	AGO1	0.5109469144417835
TAL1	VWA1	0.5109165094129398
ZCCHC17	AGRN	0.5109089053051732
FOXJ3	FO704657.1	0.5108990936698341
ENO1	ATAD3C	0.5108965577483108
NFIA	MRPS15	0.5108940486598009
ENO1	SLC6A9	0.5108308649619225
ENO1	NCMAP-DT	0.5106492435021311
ENO1	PTCH2	0.5106395078415298
MAGOH	LEPR	0.5106095693871019
NFYC	YARS	0.5105739110368802
ZNF684	TCTEX1D4	0.5104785030824666
AKR1A1	GPX7	0.5101567787943383
HP1BP3	MUL1	0.5100591619588891
LUZP1	WRAP73	0.5099898649982758
ZNF691	GALE	0.5098076761361817
ZNF684	HES5	0.5097476349727167
ZNF362	KDM1A	0.5096522374020758
SSBP3	ARTN	0.5095606352167954
VAMP3	VPS13D	0.5095374675350004
CPTP	EFHD2	0.509490175823479
ZNF436	LINC01137	0.5093649974383105
HDAC1	PRPF38A	0.5092540255147804
SSBP3	AL360012.1	0.5091951625763964
FOXO6	PINK1-AS	0.5090709952725164
GMEB1	ZMYM1	0.5090079145917847
HDAC1	RBBP4	0.5088513072285056
HP1BP3	AC093424.1	0.5088445584528927
RLF	EXOSC10	0.5086749451786202
ZBTB17	LINC02574	0.5085868509592085
MTF1	LINC02574	0.5084168352202553
ZNF362	PRXL2B	0.5083538063082056
HDAC1	VWA1	0.5082792715033425
SMAP2	AL606760.3	0.5082623195813599
VAMP3	AL606760.1	0.5081882006717768
ZBTB48	AL031848.2	0.5079846271916726
HDAC1	YBX1	0.5078513704027382
SSBP3	COL8A2	0.5078493647428556
ZCCHC17	TXLNA	0.507699467488663
HDAC1	CCDC163	0.5076233001201133
PRDM16	OSCP1	0.5073497903928298
RLF	CDCA8	0.5073194341459447
SMAP2	AL137127.1	0.5072971833017104
HES5	NBPF1	0.5071772332131901
MAGOH	PPCS	0.5071500498155899
YBX1	PANK4	0.5071041410937766
SMAP2	RERE-AS1	0.5070774940778296
ZNF436	TSSK3	0.5070502655891524
SMAP2	LRRC42	0.5070438580474669
ENO1	PGM1	0.5070398732483234
SMAP2	AC099791.2	0.5068584744119606
NOC2L	UBR4	0.506720881269725
HP1BP3	AL139260.1	0.5067186968634623
SSBP3	RIMKLA	0.5066439913856161
ENO1	MEAF6	0.5065352934469707
HP1BP3	SDHB	0.5064647142698887
SCMH1	MRTO4	0.5064413107124461
CPTP	PER3	0.5064360173659004
RLF	FGR	0.5064254651823282
SSBP3	TMEM51-AS1	0.5064104790981461
FOXJ3	MTFR1L	0.5063002230728014
ZNF436	LUZP1	0.5062705613153701
YBX1	TCTEX1D1	0.5062307887661698
NFYC	CMPK1	0.5061455270748557
RUNX3	UROD	0.5060018897316164
SFPQ	AL513327.1	0.5059725906388823
LUZP1	MAP3K6	0.5057971075947819
POU3F1	FO704657.1	0.5057845023364959
SMAP2	MRTO4	0.5057020445939087
CPTP	KIAA2013	0.505695488002189
KDM4A	LINC01635	0.5056591019188493
HES4	C1orf109	0.5055940885964145
LUZP1	SLC6A9	0.505592349701426
ZBTB17	EPB41	0.5055125853934311
AKR1A1	SYNC	0.5054914311678407
FOXJ3	TCEANC2	0.505473497812276
ZBTB17	ERI3	0.505456959992304
TAL1	B4GALT2	0.5053813804122276
RLF	AL021155.5	0.5053336014948984
RLF	TIE1	0.5051993221702115
ZNF436	RCAN3	0.5051923676697015
ZBTB48	LRRC47	0.50504342072041
EXO5	PGD	0.5050262697856898
AKR1A1	FBXO44	0.5050083053034505
CPTP	AL356055.1	0.50499859921515
MAGOH	SRM	0.5047979844213085
PRKAA2	CYP4B1	0.5047637910879899
LUZP1	ZDHHC18	0.5047624104994668
NOC2L	C1QTNF12	0.5047313001123078
ZBTB48	TMEM39B	0.5046179366303987
MAGOH	PIK3R3	0.5045732907790831
YBX1	NBL1	0.5045284273066141
ASAP3	KIAA0319L	0.5044293038534552
ZCCHC17	GNL2	0.5042898497639972
SCMH1	PTCH2	0.5042516179951045
GMEB1	VPS13D	0.5040411921714968
MAGOH	RNF207	0.5040239890705874
YBX1	EXOSC10	0.5040070011508005
HES5	PLEKHM2	0.5039385762808155
SFPQ	OMA1	0.5036081217662493
NFYC	STIL	0.5034830325104278
ZCCHC17	ZMYND12	0.5026779568123424
YBX1	FAM41C	0.5026106452779227
NFYC	CDK11A	0.5024642553290871
RLF	AHDC1	0.5023971885154067
ZBTB48	IPO13	0.5022492575949616
NFIA	AC114488.3	0.5022434664658124
TAL1	TMEM35B	0.5022084846641255
GMEB1	MRPS15	0.5021471413404246
YBX1	THAP3	0.5021362274432349
ZNF436	SRSF4	0.502107037361939
RLF	MRPL20-AS1	0.5021010217293856
AKR1A1	MTFR1L	0.5020498894776373
ZNF362	CDK11B	0.5019721442392423
ZNF691	POMGNT1	0.501831222871509
HIVEP3	UBR4	0.5018109044694407
RLF	HNRNPR	0.5016911544648318
HES5	FHL3	0.5016549936810553
ZBTB40	PINK1	0.5015719970140703
HP1BP3	CASZ1	0.5014962934126779
HIVEP3	RSRP1	0.5013513256546822
NFIA	FGGY	0.5013008493177542
FOXJ3	SH3D21	0.5012165585382387
ZBTB17	CDA	0.501075992694969
SCMH1	MACO1	0.5007741713687222
ZNF691	ARHGEF10L	0.5007176933043631
MAGOH	KIAA2013	0.5006171587264846
SMAP2	SRARP	0.5004819699425656
MAGOH	AC093425.1	0.5003136563943356
VAMP3	SYTL1	0.5002950844369262
FOXJ3	FBXO2	0.5002591516789467
TAL1	FBXO6	0.5000548702846528
ZCCHC17	PINK1	0.4998931673327047
CPTP	MKNK1	0.4998011352476692
ASAP3	ZYG11B	0.4997387623727638
HP1BP3	SRRM1	0.49970875713702195
SFPQ	CACHD1	0.49959973079343367
SSBP3	FAM167B	0.49958796636867525
HP1BP3	KIAA1522	0.49949470111309924
MAGOH	SLC45A1	0.49939566258331824
DMAP1	RHCE	0.49937541147322734
RLF	HEYL	0.4993439072600354
ASAP3	TRAPPC3	0.499246053415603
SSBP3	BEND5	0.4992343589948373
RUNX3	BX284668.6	0.49905011962458595
RLF	AL031432.4	0.4987282937964515
MYCL	NASP	0.4987080154137527
MAGOH	RBP7	0.4984709313980451
RLF	MKNK1	0.4983214308013415
SSBP3	NBPF1	0.4983073785506075
FOXO6	LRRC42	0.49829557559305776
HP1BP3	MEGF6	0.49808709384829286
ZCCHC17	HEYL	0.49802229994492064
SFPQ	LCK	0.4980162473926802
POU3F1	NASP	0.4979931677149616
CPTP	ATP6V0B	0.4979903893282344
FOXJ3	UTS2	0.49797057412245976
ZCCHC17	AL604028.1	0.4979052187863956
SSBP3	CEP104	0.497763350644523
LUZP1	PRDM16-DT	0.49768130853649434
SSBP3	AL513218.2	0.49767786851853907
ASAP3	TRNAU1AP	0.4976154703252579
GMEB1	INTS11	0.4976047656005161
ZSCAN20	HECTD3	0.49736555157348644
AKR1A1	SNRNP40	0.497297273318902
RUNX3	IFNLR1	0.49725164801423216
HP1BP3	CDA	0.49720381496717087
MAGOH	LINC01635	0.49716705488153135
YBX1	UBXN11	0.49705559797803567
HES4	CLSPN	0.49701283063680735
YBX1	CA6	0.49688184483030307
FOXO6	CTPS1	0.49684316093178355
RLF	AL451042.2	0.4968349741835008
SFPQ	HSPB11	0.49661561978034935
FOXJ3	BX284668.2	0.4964808533056358
ZCCHC17	CDK11A	0.49641097903272496
JUN	B4GALT2	0.49626417829007513
ASAP3	ZNF436	0.496146602651957
SCMH1	LRRC41	0.4959229201378369
AKR1A1	ZNF362	0.49591461027166595
HP1BP3	TNFRSF8	0.4958433663990008
ZFP69	SYF2	0.4957239143486746
RLF	HOOK1	0.495641077682411
AKR1A1	LINC01409	0.49552148735833407
VAMP3	PODN	0.49551231784218847
YBX1	POU3F1	0.49539786922190904
FOXJ3	CENPS	0.4953968053612355
YBX1	POMGNT1	0.4953702143721409
RLF	KIF2C	0.49521262752583317
ZCCHC17	H6PD	0.4951321236733995
JUN	AL139424.1	0.495072376692923
FOXD2	ATAD3B	0.4950701083076341
TAL1	AL606760.3	0.495054447974072
FOXJ3	SH2D5	0.49501257913837776
ZCCHC17	TNFRSF8	0.4949202667539344
GMEB1	KIF1B	0.494897365625674
YBX1	USP24	0.4948401565836953
POU3F1	BSDC1	0.4947979565004309
ZNF691	AL627309.1	0.49467500997026004
ENO1	HES4	0.4944779335459609
RUNX3	USP24	0.4943690507269283
HES5	EPHA2	0.494253437427829
HES4	RNF207	0.4941694363468731
ZNF684	CMPK1	0.49401939931723565
TAL1	PPIE	0.4939359630430331
ENO1	MMEL1	0.49390446105448277
RLF	LRRC41	0.49374902262959386
FOXJ3	SDF4	0.49374768684996534
ZBTB48	UBXN10	0.49373571753368967
ENO1	EXO5	0.49371475282867694
RLF	HDAC1	0.4936885207492724
ENO1	ALG6	0.49364861105700947
POU3F1	DFFA	0.49353312806154237
SFPQ	HPCAL4	0.49339739552138456
JUN	C1orf159	0.4933742400381212
ZBTB17	MIIP	0.4932885964300038
MAGOH	PODN	0.4932785079459121
RUNX3	TMEM52	0.49312657994883397
JUN	ROR1	0.492683180789149
ZBTB17	H6PD	0.4926504791430044
HP1BP3	HES5	0.4926002936153234
SCMH1	TTLL10	0.4925169960370446
MAGOH	CACHD1	0.49251061804072027
MAGOH	CZIB	0.49239439988878503
ENO1	FBLIM1	0.49236262907479644
SCMH1	TTC39A	0.4920728101543839
E2F2	MAN1C1	0.49199297559863614
TP73	L1TD1	0.49198779474318755
NFYC	KLHL21	0.491731734662457
SSBP3	EFCAB14	0.4915770047296793
ZSCAN20	USP24	0.49150486818419525
LUZP1	EBNA1BP2	0.4912632421844792
NFYC	TAL1	0.49092491216481576
ENO1	POMGNT1	0.4908467360489813
CPTP	ISG15	0.4905501580901527
MTF1	AZIN2	0.49037048865301375
NFYC	LINC01409	0.490312468775785
NOC2L	TRNAU1AP	0.4902152361406025
ZCCHC17	AC114488.3	0.49010778575649333
ZFP69B	CLSPN	0.48987880315542337
AKR1A1	CASZ1	0.48968732946265303
ENO1	RAVER2	0.48958687571023557
VAMP3	CNR2	0.48952348547455643
LUZP1	EFHD2	0.4893068657513685
HDAC1	AL604028.1	0.4891437358946066
ENO1	NOL9	0.48908775499970786
RLF	PRPF38A	0.4890870620076479
VAMP3	HPCAL4	0.48907125827557196
SCMH1	OTUD3	0.4890360668320543
ZBTB48	TRAPPC3	0.4890340631827048
ASAP3	CLSTN1	0.4890256173815055
KDM4A	RERE	0.4890083472642812
AKR1A1	FNDC5	0.4889986528903949
PRDM16	ARHGEF16	0.48883407031469944
ENO1	SMIM12	0.48878882038855603
SSBP3	MAGOH	0.48867888508337065
DMAP1	KAZN	0.4886778847228215
MAGOH	TCTEX1D4	0.4886331277287297
SMAP2	AL033528.2	0.4886135367573428
SSBP3	SNHG12	0.4885833901194197
SFPQ	SLC30A2	0.4884672777722735
HES4	AL050343.3	0.488257553915143
ZNF684	GMEB1	0.48817398998245864
VAMP3	AL096840.2	0.488073387055805
LUZP1	LINC00115	0.48795370006875
YBX1	ZBTB17	0.48786623782922417
NFIA	RPA2	0.48758032088617054
ZCCHC17	HDAC1	0.48755963357090165
ZFP69B	EPHA2	0.4875170012406967
ZNF436	BEND5	0.4874979776768824
YBX1	MTHFR	0.48725294802894076
SFPQ	PINK1-AS	0.48717391043615244
NOC2L	AL031280.1	0.4870791967121565
LUZP1	MIB2	0.48703747576783196
ZBTB17	RCC2	0.4870365175421116
ZCCHC17	SNHG12	0.4869658425836331
YBX1	KDM4A	0.486753829629054
HES5	KIF17	0.48670407050414266
VAMP3	ATAD3A	0.4866062604757751
JUN	AL356055.1	0.4864332836027651
CPTP	TMEM39B	0.4864242079452355
LUZP1	UTP11	0.48641541591699194
SMAP2	FAM41C	0.48636049616177035
FOXJ3	C1QTNF12	0.48628936669996725
MAGOH	MRPL20-AS1	0.486222496266675
MTF1	TRNAU1AP	0.4861674181822706
TP73	ITGB3BP	0.48607968749709174
FOXJ3	CAP1	0.4860764427454092
PRDM16	AL445248.1	0.4859508153671743
NFIA	E2F2	0.48586401015654884
ZCCHC17	RBP7	0.4858307187105177
LUZP1	ZNF362	0.4855899921073594
ZBTB17	CSMD2	0.48550398279338414
MORN1	OSBPL9	0.48544952722032647
ZBTB17	S100PBP	0.4854183631775393
JUN	PARK7	0.48528986802694035
ZNF436	OSBPL9	0.48521628732032
ZCCHC17	ZMPSTE24	0.48511137893432377
HDAC1	SLC6A9	0.484926775568122
VAMP3	NFYC-AS1	0.48483309707458655
YBX1	TMEM51-AS1	0.4847005636528868
FOXJ3	MED18	0.4846541583081003
ZBTB17	TAF12	0.4843607376094063
ZBTB48	CORT	0.48431241878474374
SFPQ	KIF17	0.484286336896677
HIVEP3	POU3F1	0.484211064618329
SSBP3	HIVEP3	0.4841614088031775
GMEB1	AK4	0.48414888449532983
ENO1	HSPB11	0.4841362365844844
ZNF684	PLEKHN1	0.48410279779649634
ASAP3	FOXO6	0.4839370105636807
JUN	MACF1	0.4838856911158248
MORN1	GPX7	0.48380542589504866
YBX1	EMC1	0.48369206883064764
ZBTB40	RBBP4	0.4836800009912349
RUNX3	LRRC42	0.4836226434897682
HES5	HP1BP3	0.4834807914325045
AKR1A1	INPP5B	0.4834787852397274
RLF	C1orf109	0.4834066270783883
JUN	GPBP1L1	0.48339515691568996
ZBTB17	UBXN10	0.4832654558670054
ENO1	OSBPL9	0.48313268133992077
ZCCHC17	MAD2L2	0.4829239227372142
ENO1	ATG4C	0.4828926283760214
MAGOH	CAP1	0.4827590366846389
HDAC1	MEGF6	0.4825599656787982
DMAP1	TMEM59	0.48246587109532857
JUN	AL031005.1	0.4824638818053934
ENO1	AL391244.2	0.4823585058550079
TAL1	BX284668.6	0.4822327623930602
HES4	POMGNT1	0.4822274436305321
RUNX3	ARMH1	0.48218962048737096
HES5	FBXO42	0.48185831057935047
NOC2L	SRRM1	0.4816681114684312
SSBP3	AL139260.1	0.48148368368702843
HES4	ZNF684	0.48138601772300116
SMAP2	ELOA-AS1	0.4812758211729987
MAGOH	SFN	0.48118630793282086
RUNX3	DDI2	0.4811703227278053
RUNX3	AL139286.3	0.4810663993285849
ZFP69B	TUT4	0.48106114072264344
HES5	PATJ	0.4808893314363625
POU3F1	AK4	0.48083500520188416
MTF1	ERI3	0.4807623705770983
ASAP3	ZNF436-AS1	0.4807009856140244
RLF	VAMP3	0.4806697012744131
FOXO6	AL020997.2	0.48065336234444106
HES4	ARID1A	0.48063588296799664
AKR1A1	TENT5B	0.4805902712887842
FOXJ3	ACAP3	0.4805405800459281
HES5	AL139220.2	0.4805296345837307
ZNF691	ZMYM4	0.4803855256426156
FOXJ3	AL021155.5	0.4803158903273171
CPTP	CZIB	0.4802253711319785
VAMP3	GJA4	0.48021676194412233
HES4	AL109627.1	0.4801448292546898
SFPQ	PRPF38A	0.4801246980359502
YBX1	IPP	0.4801087181980724
EXO5	AGTRAP	0.47996941616464595
HP1BP3	NOC2L	0.4798823761819843
ZBTB48	ALPL	0.4798390724103535
NFYC	LINC02606	0.4797739143845018
YBX1	SFN	0.47964818153556127
RUNX3	CDC42-IT1	0.4795972894441014
YBX1	LINC01770	0.47951375865342794
ZBTB40	ZMYM4	0.4795068505941113
ZCCHC17	CSMD2	0.47945945791050726
TAL1	PLOD1	0.4794481358749339
SMAP2	PTP4A2	0.47942825752217844
ZCCHC17	EMC1	0.47935538679451295
JUN	C1QC	0.47918405107830814
HEYL	MRPL20	0.47912963655397983
ZBTB40	FBXO44	0.47887083744496706
HP1BP3	C1QTNF12	0.47881963213702633
SCMH1	ZNF362	0.47881628529093995
ZNF684	CPLANE2	0.47878350361068206
CPTP	DMAP1	0.47874771236687386
ZNF436	WASF2	0.4786568116056754
ZNF436	RBBP4	0.47862519733421144
MAGOH	ZFP69B	0.4786244303762168
LUZP1	EMC1-AS1	0.47859776003730925
AKR1A1	AGO4	0.47843121239296554
NOC2L	ALPL	0.4784084629163014
ZCCHC17	PPIH	0.4782789420985423
SFPQ	ZFYVE9	0.47825904380177586
HES4	NUDC	0.4781701891722845
HDAC1	YRDC	0.47813156009154784
TAL1	YTHDF2	0.478093930896254
HP1BP3	EPB41	0.47790947823637286
ENO1	ASAP3	0.4778657189294615
RLF	RHBDL2	0.47778337318575864
NFIA	PIGV	0.477682546151772
HP1BP3	AL606491.1	0.47753763718115905
ZFP69	PGM1	0.4775238886098072
LUZP1	RCC2	0.4775047533220472
HEYL	CASP9	0.47743583787088656
TAL1	SRSF4	0.4773687366194538
KDM4A	CDC20	0.4773388995183577
ZNF684	AHDC1	0.4772675427842248
LUZP1	ZNF684	0.47714294572755167
FOXD3	PINK1	0.4771090629173906
AKR1A1	AL358075.1	0.4770939505302315
JUN	GPATCH3	0.477084842770573
ZNF691	UROD	0.47695304456264465
YBX1	FAM167B	0.476925572348674
YBX1	TNFRSF14	0.4767667388651571
SFPQ	OSBPL9	0.47674488852920627
SSBP3	TNFRSF1B	0.47667177541714867
ENO1	TMEM69	0.47667009586583575
HP1BP3	CCDC30	0.4766187498223139
ZSCAN20	ZBTB8OS	0.4765986971587372
NFIA	L1TD1	0.47642933334832627
NFYC	ZMYM4	0.47637926042227924
SFPQ	AZIN2	0.4763727009806239
VAMP3	MORN1	0.4761162187428902
CPTP	RUNX3	0.4760751496521859
NFYC	ATG4C	0.4759664997573691
ZNF436	TTLL10	0.47593512033715035
SFPQ	CAMTA1-DT	0.475922699054408
LUZP1	MTF1	0.47591602958631846
AKR1A1	ROR1	0.4757891998393786
HES5	CSMD2	0.4756919349751568
DMAP1	NFYC	0.4756748485177853
AKR1A1	KDM1A	0.47563842375376775
MAGOH	WDR78	0.4755984516679759
LUZP1	ZFP69B	0.475419390836623
HP1BP3	EFHD2	0.47540267994014807
MYCL	SLC6A9	0.47539002648905154
HP1BP3	AL139246.3	0.47527871243951236
ZNF691	TAL1	0.4752373844214632
ZCCHC17	ARID1A	0.475082513832036
ZCCHC17	ZMYM6	0.4750574120656675
SCMH1	SDC3	0.4748596212382204
ZNF691	AGTRAP	0.4748509164245882
ZNF362	ARTN	0.47464744325588537
SCMH1	ZSWIM5	0.4745889790573699
TAL1	SRM	0.4745520206175297
HES4	PDZK1IP1	0.4744498196061979
HP1BP3	SMAP2	0.4743613692942299
RLF	ARMH1	0.4743286793928315
HDAC1	MIB2	0.47427904848074137
AKR1A1	PIK3CD	0.4742294506500807
FOXD3	AL136985.3	0.47415777243334106
FOXJ3	KPNA6	0.474125613660825
HP1BP3	DFFB	0.4739703738271922
AKR1A1	AL139220.2	0.4739136548270386
SSBP3	CYP4X1	0.4737907425671621
CPTP	CCDC24	0.4737839975019897
ZCCHC17	AL590822.1	0.47368545691691993
HES4	VWA1	0.473580710010016
HES4	MIIP	0.4735799683540207
MTF1	NFYC	0.4735410095790323
ZNF691	AL604028.1	0.4734352278873055
NOC2L	B3GALT6	0.4733715778341676
VAMP3	ELOA	0.4731878579377743
YBX1	MYCL	0.4731044311377265
HDAC1	PLOD1	0.4730089612329135
VAMP3	EXOSC10	0.4729720380802852
TAL1	ZBTB8A	0.4728946370041297
ZNF436	LINC01778	0.4728790589492081
ZCCHC17	CDK11B	0.47284838032180987
ZNF436	RRAGC	0.47276519457628025
FOXJ3	WRAP73	0.4727264593020839
DMAP1	GJA4	0.4727050400983643
HP1BP3	AC119674.1	0.4726601560178479
SFPQ	FAM110D	0.4725381387021497
FOXJ3	AL391244.2	0.4725165698051198
ENO1	MYCBP	0.4724606321851493
HES4	UBXN10-AS1	0.4723840226242024
HES4	DFFA	0.47238216800580024
ZBTB17	AL020997.2	0.4723685793153727
DMAP1	TNFRSF14	0.47235770139622824
LUZP1	ZBTB48	0.47219720762556355
JUN	MIR4422HG	0.472168219032792
ZBTB48	PNRC2	0.4721614075797529
VAMP3	WDTC1	0.4719337775410254
ZBTB40	BEND5	0.4718551378911785
YBX1	FOXD3	0.4717976445898198
CPTP	AL604028.1	0.4717197090630036
NFIA	FOXD2-AS1	0.4717090091874992
HP1BP3	FHAD1	0.47166206322154497
RLF	SVBP	0.47163939110234127
ZNF436	AL645728.1	0.47154980450682915
HIVEP3	AURKAIP1	0.4713920885205509
MORN1	YARS	0.4712599936792327
HIVEP3	AGTRAP	0.47114584780979474
HP1BP3	BX284668.6	0.47111745864638493
SSBP3	ZMYM1	0.47089158218155586
NFYC	AKR1A1	0.47081880985835833
ZNF436	TARDBP	0.47076616226449625
MAGOH	ICMT	0.4706918682740392
PRDM16	CAP1	0.4706173207064652
RLF	SNHG3	0.4706136985061398
MAGOH	CLIC4	0.47048961579326265
ZBTB17	ZC3H12A	0.47047449234810773
HES5	CROCC	0.47046039095634545
NFIA	PTP4A2	0.47034561648484174
CPTP	RRAGC	0.47028527927970015
ZCCHC17	TMEM69	0.4702637299579136
SFPQ	CNKSR1	0.47017626578064536
MTF1	SRRM1	0.46977462844374185
SCMH1	TM2D1	0.4697222959023561
MAGOH	IFFO2	0.46951571254551705
CPTP	HMGN2	0.46947402719221737
NOC2L	USP1	0.4694515228520711
HP1BP3	CLCN6	0.46940118804970843
RUNX3	PTP4A2	0.46937683759638155
SFPQ	SESN2	0.4692661188723383
MTF1	SYF2	0.4692117716542439
RUNX3	ARHGEF10L	0.4691572585003214
KDM4A	TRNAU1AP	0.4691239908232378
ZBTB40	DOCK7	0.4690363690585973
AKR1A1	UQCRH	0.46902222534391275
CPTP	CAMK2N1	0.46898522630784717
NOC2L	SZRD1	0.4689227279888721
LUZP1	DRAXIN	0.46882250040756007
ZCCHC17	PGD	0.4684943998404139
KDM4A	PLOD1	0.46833002660999246
TAL1	SCP2	0.46824358365171836
ZNF362	AL034417.2	0.4679847990352297
YBX1	CPLANE2	0.46789050740468685
MTF1	MACO1	0.46775325076407887
RLF	LRP8	0.4677146845752768
AKR1A1	CMPK1	0.46771382457931887
SCMH1	FBXO44	0.4675770181477237
HP1BP3	MIIP	0.4673313278179301
SMAP2	MXRA8	0.4672433436849784
HES4	MRPL20	0.4670845255463416
RLF	MRPL20	0.4665902966513617
YBX1	FAM76A	0.4664849706004971
ZSCAN20	CCDC30	0.46647439307118077
HIVEP3	SESN2	0.4664741133733836
YBX1	SLC35E2B	0.46643773885021267
ZCCHC17	STIL	0.46641953413624704
ASAP3	ATPAF1	0.4663440876925269
LUZP1	TMEM52	0.4662734738797514
NFYC	P3H1	0.466258315580613
RLF	RER1	0.4661822505549073
SMAP2	AC119800.1	0.4661757461266495
HEYL	AK4	0.46608821442126264
HIVEP3	ZSWIM5	0.465981666039902
YBX1	ELOA-AS1	0.46596142290203646
POU3F1	AL513218.2	0.4658959940534489
HES4	ANKRD65	0.4657772326048965
NFYC	EIF4G3	0.4657420321508667
VAMP3	EMC1	0.4656251959256917
DMAP1	TMEM35B	0.4655839861436816
GMEB1	H6PD	0.4655364170770078
CPTP	RPS6KA1	0.4655024233984807
MAGOH	AC254633.1	0.46537646276407446
MYCL	USP48	0.46530999039825166
SCMH1	CLCN6	0.46518505397748455
SCMH1	SHISAL2A	0.4650072902246955
DMAP1	PSMB2	0.46489243720234497
ZNF362	AL031848.2	0.46487413052608995
MAGOH	FAM76A	0.46473758554935757
AKR1A1	SLC2A1-AS1	0.4647316191637333
ZNF436	CDKN2C	0.46457710641735084
CPTP	PDE4B	0.4645515788223313
AKR1A1	TRAPPC3	0.4645016969311261
SFPQ	RCAN3	0.46442641869927315
NFYC	ZBTB8A	0.4641782606429531
ENO1	AL357140.1	0.4641366168553331
SCMH1	FABP3	0.46407412196639325
MTF1	ZBTB40	0.4639399466297325
RLF	AKR1A1	0.4639384135708948
MTF1	HMGN2	0.46392974234665024
FOXJ3	MIER1	0.46385212995837904
PRKAA2	ZMPSTE24	0.4636440586171792
YBX1	TMEM53	0.4634938145313976
MTF1	NUDC	0.4634761930307169
ZNF684	EXOSC10	0.463391918466865
AKR1A1	GPBP1L1	0.4633323865949966
NFYC	CACHD1	0.4633258101910601
PRKAA2	CENPS	0.4632191540535205
LUZP1	ATG4C	0.46307302293274666
SSBP3	DAB1	0.46303221683863854
HES4	MAP3K6	0.46284602746606907
VAMP3	HES4	0.4628003748640599
VAMP3	AL021154.1	0.4627208462784931
HES4	AL139289.2	0.4626858574056508
YBX1	BEND5	0.46267094847478746
YBX1	PEX14	0.46253954565355465
TAL1	CORT	0.462514358650798
AKR1A1	AL109627.1	0.4624632948877991
RLF	PPT1	0.4623867755575672
HP1BP3	FOXJ3	0.46223975068606704
ENO1	FAF1	0.462113803952777
HES4	SSU72	0.462048845008072
ZNF691	PHC2	0.4619490165772406
GMEB1	WRAP73	0.4616147140743892
NFYC	TNFRSF14	0.46160859591248193
E2F2	TAL1	0.4615439936240919
VAMP3	HYI	0.4613211084636863
NFYC	MORN1	0.4612732802578217
FOXJ3	AJAP1	0.46119467168798556
RUNX3	AZIN2	0.46118539389301394
YBX1	HOOK1	0.4611782298696534
MAGOH	BTBD19	0.4609637774412023
KDM4A	DNAJC8	0.4608620400400457
POU3F1	AGO4	0.46079943765827247
ZNF362	LINC00115	0.4606797180545983
HDAC1	RNF11	0.4605514911371749
ZBTB48	GPATCH3	0.46051577783303516
CPTP	TAL1	0.4605034319685535
ZCCHC17	AL139246.3	0.4604218527555094
POU3F1	MANEAL	0.460260776859876
GMEB1	TIE1	0.46010758817576414
FOXD2	AHDC1	0.4600953320608821
SFPQ	MXRA8	0.4600864960298217
ZBTB17	AL450998.2	0.46002367160228874
SFPQ	SLC25A33	0.4599371866849062
HES5	TCTEX1D1	0.459905534851707
AKR1A1	SYTL1	0.4595333302510315
SMAP2	KLHL21	0.45941898171615897
NOC2L	CLCN6	0.4593322377823065
ZSCAN20	MAP7D1	0.45909964375487444
HES5	ZBTB8A	0.4590017225476535
SCMH1	PTAFR	0.45894928611724767
SFPQ	RHBDL2	0.45894471509542334
ENO1	FOXD2	0.4589250959965354
ZNF362	ZNF436	0.4589059637610581
RLF	AL031280.1	0.4587275116222269
NFIA	GPR153	0.4587252714586594
NOC2L	CCDC30	0.45866943513534497
GMEB1	HIVEP3	0.4586515179518894
SCMH1	TTC22	0.45864526333538574
FOXD2	EPB41	0.458575426844529
HDAC1	H6PD	0.45857268267917056
HDAC1	AL031005.2	0.45849754831882944
ZBTB17	EIF2B3	0.4584409163444652
KDM4A	AL021155.5	0.45841249240654547
NFYC	SLC9A1	0.45812363379077087
ZNF436	MRPL37	0.4578519201972209
ENO1	TNFRSF4	0.45772930833022346
SMAP2	COA7	0.4576076456907532
SCMH1	SYTL1	0.45759416882287524
HP1BP3	MEAF6	0.457537869143056
RLF	SFPQ	0.45748696971935393
HDAC1	CNKSR1	0.4573611013877567
HP1BP3	KDM1A	0.4571137239227394
SSBP3	DNAJC8	0.4570133540230964
YBX1	PIK3CD-AS1	0.45699956434644
KDM4A	ZBTB8OS	0.45693740101070124
AKR1A1	EXOSC10	0.456845802345642
LUZP1	BX284668.6	0.45680747457980797
ZCCHC17	SYTL1	0.4567911551096214
POU3F1	MATN1	0.4567781043463704
ASAP3	RERE	0.4567602891348901
HES4	NFYC	0.45667077510768006
FOXJ3	EMC1-AS1	0.45666542863263876
SSBP3	FAAH	0.45662481881334605
HES4	MRPL20-AS1	0.45656692124884807
HP1BP3	ZNF593	0.4564710631479296
RUNX3	FOXJ3	0.45642511603652397
NFIA	RERE	0.4561563731159748
SMAP2	RCAN3AS	0.4561381087647682
MAGOH	DDI2	0.45612828098681757
ENO1	HMGCL	0.45612120533675504
YBX1	ATAD3A	0.45607385290028135
CPTP	CDK11B	0.4560652316371413
VAMP3	E2F2	0.4558550566384317
NFIA	SLC6A9	0.4557043186490098
PRDM16	USP48	0.455352528837792
HIVEP3	RLF	0.45531648480829034
PRDM16	MMEL1	0.45525425495752697
HES4	FAM110D	0.45521314122301826
ZSCAN20	ALPL	0.4550228808823644
CPTP	EMC1	0.45500073273317987
ZBTB48	ATG4C	0.45499015099502493
AKR1A1	SMIM1	0.4546821683323281
HIVEP3	NRDC	0.4545257239341811
VAMP3	AC099791.4	0.45451525174005264
SFPQ	UBE4B	0.45450318084108043
HDAC1	SMIM12	0.4542954597088257
ZFP69B	AL139246.5	0.45420235029900036
AKR1A1	PTAFR	0.45415779766575926
ZFP69	AURKAIP1	0.45405843958214737
GMEB1	MMACHC	0.45400053792481226
DMAP1	VAMP3	0.4539624816126793
DMAP1	ID3	0.45391086746895304
RLF	ATAD3B	0.45388675950587454
ENO1	SVBP	0.45382047826530475
MORN1	HYI	0.4537985763762549
LUZP1	LRRC42	0.45352124578178515
LUZP1	TMEM51	0.4534857965994548
FOXJ3	AGO3	0.4533919308123708
MORN1	TMEM35B	0.45332361389151743
JUN	DISP3	0.4532497334401271
FOXD2	TCEANC2	0.4530842071543166
RLF	WNT4	0.4529994289044578
NOC2L	DHDDS	0.4529340330601508
ZBTB17	PTP4A2	0.45281428927310957
GMEB1	HSPB11	0.4528084790305722
HIVEP3	RAVER2	0.45273128104174626
JUN	LINC01562	0.45267713292277334
RUNX3	GALE	0.45264547742448774
HP1BP3	COL9A2	0.4525348474441347
RLF	ACAP3	0.452466300987746
AGMAT	AL020997.5	0.45238681786756596
HEYL	SDC3	0.452351471780652
YBX1	AL031005.1	0.4523401473360558
ZCCHC17	AL020996.1	0.4522727536424817
NFYC	EPS15	0.4521047598725757
TAL1	LZIC	0.45195688432372444
SMAP2	TMEM69	0.45193203184989394
SFPQ	CDCA8	0.45185626155016345
RUNX3	RPA2	0.45180647871780055
SSBP3	EIF2B3	0.4517671181342828
CPTP	ERRFI1	0.45163455908908146
YBX1	TACSTD2	0.45149709881084843
RUNX3	AL606760.1	0.45147372932114843
SFPQ	TXLNA	0.4514421440572491
SSBP3	SESN2	0.45144111160740186
ZBTB48	MRPS15	0.4514295556287014
ZBTB48	TRNAU1AP	0.4513683430229324
HP1BP3	MIR34AHG	0.4513110029721607
ZNF362	LINC02606	0.451309436742356
VAMP3	KPNA6	0.4512714048191876
ZCCHC17	AC093425.1	0.4512163323519364
MAGOH	GJA9	0.45111456628496455
JUN	AL391244.2	0.4511079179185454
GMEB1	YTHDF2	0.4510774051014365
ASAP3	LNCTAM34A	0.45094848582730834
SSBP3	MAN1C1	0.4507215085686402
HDAC1	SRRM1	0.4505851713762441
ENO1	ZNF593	0.4503365045510978
ZFP69B	TRAPPC3	0.45032799092209247
RLF	WRAP73	0.450285029662761
DMAP1	HOOK1	0.449966414906431
AGMAT	C1orf50	0.4497854037299554
HP1BP3	PGD	0.4497010971143914
SSBP3	FOXD3	0.44956438143168803
RUNX3	ACAP3	0.4495592608376917
JUN	ZSCAN20	0.4495381963926678
LUZP1	EFCAB14	0.4494979028780012
HES5	FAM41C	0.4494036991176025
POU3F1	ZBTB8OS	0.44936446958972565
ZBTB48	SPEN	0.4493206625635627
JUN	RIMS3	0.449264940308557
NOC2L	LRRC47	0.449232237614491
HDAC1	OSBPL9	0.44919022760963273
MAGOH	ZSCAN20	0.44904501573108146
MTF1	CYP4X1	0.4487002649858637
ZBTB17	AL356055.1	0.448691304552954
NFYC	KIAA1522	0.44863361681820096
SMAP2	C1orf159	0.44861156493536825
HP1BP3	GPR3	0.44842691937289175
GMEB1	SMIM12	0.44840343790309417
YBX1	RAVER2	0.44835018182099956
MAGOH	TINAGL1	0.44826556881260204
TAL1	C1orf167	0.4482084177793072
HP1BP3	MMEL1	0.4482081592085192
ZBTB17	AZIN2	0.44796643621747056
LUZP1	SNHG3	0.44793485541290295
GMEB1	AKR7A3	0.4478726379779394
MYCL	MMP23B	0.44771745917692135
RUNX3	FAM76A	0.4477121270061958
VAMP3	TMCO4	0.4475600961442134
NFYC	HMGCL	0.447533092607424
EXO5	LCK	0.44750673420208337
HP1BP3	TCTEX1D1	0.44749248634685973
LUZP1	SLC45A1	0.44744622822169583
RUNX3	PPIE	0.4474182172207597
SSBP3	KAZN	0.44735254742603614
SSBP3	DPH2	0.44726866853969893
CPTP	PEX10	0.44723552297197605
ZNF362	TAF12	0.4472139044819273
ZCCHC17	CITED4	0.4471258703601859
VAMP3	TMEM222	0.4471139626231009
LUZP1	BEST4	0.44704531299081973
SFPQ	SELENON	0.44703273143125805
VAMP3	RNF11	0.44701270421993533
FOXJ3	ZYG11B	0.4466966616828682
ZCCHC17	ENO1-AS1	0.44656505959420145
ENO1	SCP2	0.446465305154102
VAMP3	AK2	0.44636117841203027
ZNF436	EVA1B	0.44634258545924976
ENO1	MTF1	0.4462936060227945
SSBP3	AGRN	0.44619056227489334
HDAC1	ANKRD65	0.4460534720887577
ENO1	TMEM269	0.4459573066055483
RLF	DPH2	0.44590931959335
VAMP3	PHF13	0.44586749194569414
ZBTB40	SLC2A1	0.44582574130207947
ZBTB40	MRTO4	0.44578608768857986
PRDM16	SF3A3	0.44569875768137185
HP1BP3	HCRTR1	0.44556284753134434
HP1BP3	CMPK1	0.44548619016305374
CPTP	TAF12	0.44547159649235646
RLF	AL020996.1	0.4452766948655177
AGMAT	CNKSR1	0.44519941863794593
AKR1A1	CCDC163	0.44514619594544397
ZCCHC17	WNT4	0.44507704441027457
ZNF691	ZNF684	0.4447271925026251
MAGOH	FCN3	0.44468122190883874
RUNX3	ATAD3A	0.44467766155715927
RLF	BSDC1	0.44442024406994046
SSBP3	DOCK7	0.44433871712426426
HP1BP3	ZBTB8OS	0.4442518142274116
SMAP2	HNRNPR	0.44414914501971503
NOC2L	SLC35E2B	0.44403444798240654
ZBTB48	RRAGC	0.4440123011951565
SFPQ	MTHFR	0.44400344487882426
MAGOH	LRRC41	0.44399391714655057
RLF	IFFO2	0.44398438681956504
HDAC1	SLC25A34	0.4439584508673117
AKR1A1	ERI3	0.4437909311357325
JUN	SH2D5	0.44378161397760674
HIVEP3	RPA2	0.44375938593299985
NFYC	FNDC10	0.44371204682179827
ENO1	CROCC	0.443650041301657
ZNF436	ATAD3B	0.44362540478332335
KDM4A	GJA4	0.4436211079420752
TAL1	AL135960.1	0.443564678721323
TAL1	RERE	0.4435073060618611
ZNF691	CDA	0.4435058939861598
RLF	ROR1	0.4434693682303619
TAL1	SERINC2	0.4434660611031472
SSBP3	TMEM54	0.44345324915545
HP1BP3	OSBPL9	0.44338144023791487
HIVEP3	AL031432.4	0.44331836357759896
RLF	SLC35D1	0.44328876817607366
AGMAT	ZMPSTE24	0.4432267722780202
AKR1A1	SYF2	0.44313789858917485
HIVEP3	HPCAL4	0.44307619593771
ZNF436	KDM4A	0.44302025125078315
ZBTB48	DFFB	0.4429056358291194
JUN	MMEL1	0.4428484014382999
LUZP1	AL031280.1	0.4428412098844325
FOXD3	HECTD3	0.44276500723680956
LUZP1	BSDC1	0.4427032033185341
MAGOH	CTNNBIP1	0.44269998889793505
MTF1	CLSTN1	0.4426221842777742
ZNF684	COA7	0.4425371932394238
ZBTB48	NMNAT1	0.44244541355635914
HIVEP3	NFYC	0.4421023216410705
SCMH1	SERINC2	0.44207344626758466
RLF	NDUFS5	0.4420570604425389
ENO1	CASZ1	0.44175454320086144
SFPQ	CAMK2N1	0.4416968184272321
ZCCHC17	TSPAN1	0.441643856859853
SFPQ	HTR6	0.4415968271857358
RUNX3	AL139424.3	0.44157376216497735
NFIA	YARS	0.44150746376365285
YBX1	TNFRSF18	0.44148736220754675
NFYC	YIPF1	0.4414304692229331
JUN	SLC35D1	0.44129432616870756
LUZP1	ATP13A2	0.44111664593658756
ZNF684	ATG4C	0.44110718994694603
NFYC	MRTO4	0.4410916799767511
FOXJ3	MRTO4	0.441052841154878
NFYC	SDF4	0.4410348141025134
SSBP3	ROR1	0.44090484193851415
RUNX3	MYSM1	0.4408723963017377
SCMH1	SLC35D1	0.4407708830391429
DMAP1	SFPQ	0.4407130961569023
POU3F1	ENO1	0.4407076345204026
HDAC1	AL136115.2	0.44062612113125416
MTF1	FBXO6	0.4405927630481523
SMAP2	CYP4X1	0.4404205328904722
FOXO6	KAZN	0.4402551051853461
RLF	THRAP3	0.44002901522811017
TAL1	PGD	0.43996293796240904
SFPQ	MEGF6	0.439873094058722
VAMP3	PABPC4	0.43954760393953857
NOC2L	OSCP1	0.4394809872851283
ENO1	CDC42	0.4393983079847609
HES4	TXNDC12	0.4392089571512205
KDM4A	LRRC42	0.43917084386873373
ZCCHC17	CDCA8	0.4391381537659602
ZCCHC17	C1orf109	0.43911549035648845
HDAC1	TUT4	0.439077829570894
ZBTB48	TAL1	0.43904369064007964
ZBTB40	NASP	0.4389021264882006
ZNF362	LINC02574	0.43886778902976775
POU3F1	DNAJC8	0.43880245669415546
RUNX3	OSBPL9	0.43877499203637
SMAP2	CENPS	0.43858805177953186
LUZP1	NRDC	0.43841583808324924
ZCCHC17	WRAP73	0.43840427252058034
YBX1	UQCRHL	0.4383724557731832
HDAC1	LINC01128	0.43835521627795465
ZBTB40	KLHL21	0.43833616071345705
SFPQ	ZCCHC17	0.4383051700065567
NFIA	SZRD1	0.4381651136967212
YBX1	ELOVL1	0.4381643390510693
NOC2L	SCP2	0.4380855893436184
SSBP3	IQCC	0.43806329514484993
HP1BP3	EPHA10	0.43792985435795495
POU3F1	MEAF6	0.4379101644591496
E2F2	FBXO42	0.4378898704437251
SFPQ	RAB3B	0.4378844189186967
HDAC1	SLC9A1	0.4378199766855663
RLF	ELOVL1	0.4376799546470714
MAGOH	MXRA8	0.43732174907643473
MORN1	RCC2	0.4373058284385018
ZNF691	GPATCH3	0.43728985048046576
YBX1	SRARP	0.4372768341810814
ZNF684	TMEM39B	0.43723928054802713
NFYC	CNR2	0.437221502418326
YBX1	GJA4	0.43710634486317285
HES4	RPS6KA1	0.4370761148525113
MAGOH	AKIRIN1	0.43705175000608115
SMAP2	AL139424.2	0.4369968746237788
FOXD3	ZBTB8A	0.4369816093086365
MAGOH	NFYC	0.43698051002269145
ZBTB17	PPIH	0.4369739910937347
POU3F1	CASZ1	0.4369515106190569
POU3F1	PSMB2	0.4365298724990007
ZNF362	MMEL1	0.4363799545175696
NOC2L	AK4	0.4360993777178128
AKR1A1	EMC1	0.43608725535283144
NFYC	FAM229A	0.43604567345143563
PRKAA2	HES5	0.435995107880193
ZBTB48	BX284668.2	0.43596879946456435
NFYC	TXNDC12	0.4359606622024702
PRKAA2	AL031432.4	0.4358715735779591
JUN	FGGY	0.4358015681646263
ZCCHC17	L1TD1	0.4357981709072395
HES4	PRKCZ	0.4357840955248651
LUZP1	AL020996.1	0.4357628313193126
AKR1A1	ZMYM6	0.43566269558209225
ZBTB40	OXCT2	0.43549992690707306
NOC2L	ERI3	0.43548557202652305
TAL1	AL109811.2	0.4354730665411283
ZBTB48	AC119800.1	0.4351943419648169
FOXJ3	ISG15	0.4351625260442619
ZNF362	PPIH	0.4351064528867527
HIVEP3	YTHDF2	0.4350928260366145
HDAC1	AURKAIP1	0.43507719302289966
SFPQ	PER3	0.4350071783135372
SSBP3	PITHD1	0.43487885683079774
ZNF362	PRKAA2	0.4347615708365725
FOXJ3	CAPZB	0.4347596642576645
CPTP	P3H1	0.43474396426061684
HP1BP3	UBXN10	0.43474298698260294
AGMAT	ECHDC2	0.43470693482953804
ENO1	LRRC42	0.4346765180759265
FOXD2	AL139246.3	0.4346352852422857
DMAP1	MAGOH	0.4346240661192729
SCMH1	IPO13	0.43460972395939745
JUN	GPR153	0.4345223302064091
CPTP	ATAD3A	0.43439096693381324
NFYC	MEGF6	0.43425142037552755
ZBTB17	LINC02777	0.4342370768326419
SFPQ	CDC20	0.4342157506507798
HES4	NRDC	0.4341430400860102
HES4	TPRG1L	0.43412597346144544
ZBTB40	TUT4	0.4341080879848426
SSBP3	CDCA8	0.43395502237516076
ZCCHC17	HSPB11	0.4339294944363519
LUZP1	KTI12	0.4337722872246394
HIVEP3	PLEKHN1	0.4336893771713357
CPTP	B4GALT2	0.43363211935166
FOXJ3	PATJ	0.43354536705604974
FOXJ3	TNFRSF14	0.43351324930705115
SSBP3	AL031005.1	0.43344795064211106
HP1BP3	ISG15	0.43342134210728617
SSBP3	ZCCHC17	0.4333924655455622
MTF1	PEF1	0.4333720006540331
RLF	PINK1	0.4331777605777943
AKR1A1	C1orf174	0.43294341550904136
ZNF684	KDM4A	0.43293528049243657
HES5	MACO1	0.432878742113812
HDAC1	MICOS10	0.43282816381321154
NFYC	STK40	0.43280503998578457
NFIA	AL356055.1	0.43275280415796863
ENO1	TESK2	0.43269192750824415
ZNF691	GPR3	0.43267284194453615
ZCCHC17	HMGCL	0.4326416262151067
ZNF684	RNF223	0.4324847878777244
VAMP3	POU3F1	0.4324527456422558
ZBTB40	DNAJC8	0.4324077863126028
JUN	HYI-AS1	0.4321272499749275
VAMP3	TTLL10	0.43208108641214715
NFYC	MYCBP	0.43203995978995846
SFPQ	CALML6	0.4320348164186554
ZFP69B	LRRC47	0.4320236632541934
YBX1	KCNAB2	0.4320170422622602
FOXJ3	PPCS	0.4319971320980437
EXO5	YTHDF2	0.43185472959637455
SFPQ	TMEM51-AS1	0.4317603625416503
ZNF684	BX284668.5	0.4316909994705395
KDM4A	MMEL1	0.43164777891973105
ENO1	SYF2	0.4316140711820971
YBX1	ANKRD65	0.43151976377358037
POU3F1	AL391244.2	0.4314958834865287
YBX1	KIF2C	0.4314526535748404
YBX1	TINAGL1	0.43143572742551306
SCMH1	MEGF6	0.43138625210385967
NOC2L	SLC9A1	0.4313305079372603
HP1BP3	TFAP2E	0.43127777921057847
ZNF436	SPSB1	0.43115711568519755
FOXD3	INTS11	0.43108760484185593
ZBTB40	PIGV	0.4310649254090723
FOXJ3	UTP11	0.4310257441413228
RLF	S100PBP	0.43095438656462587
NOC2L	HSPB11	0.43093485130136605
RUNX3	MATN1-AS1	0.43086051671689557
JUN	AL139260.1	0.43082511698616155
LUZP1	AURKAIP1	0.43081038162877805
YBX1	LINC01144	0.4307738174634756
VAMP3	FOXD3	0.430543768303607
ZBTB48	ZNF684	0.43052001064890455
HES4	EPHA2	0.4304254232319847
RUNX3	EMC1	0.43042470232035035
AGMAT	CNR2	0.4303870484892609
HP1BP3	CLSTN1	0.4303164163407047
AKR1A1	EPHA2	0.4302925494040496
ZBTB17	ARMH1	0.4302489603024914
ZNF691	NIPAL3	0.4302188963346899
ZNF436	TMEM35B	0.4301800196250671
YBX1	TMEM69	0.4301113502916122
SSBP3	USP1	0.43009773665046463
TAL1	MAP3K6	0.430051595284783
MTF1	ENO1-AS1	0.4300145441442493
HP1BP3	HNRNPR	0.4299912079004311
ZCCHC17	COL8A2	0.4297367588571957
ZBTB48	AL135960.1	0.4296075416248262
HES4	SRM	0.42958006742203636
ZBTB48	FBXO42	0.42956157701990766
HES5	EPHB2	0.42955971122327896
ZNF436	STMN1	0.42935687765273184
FOXJ3	USP48	0.42921398570582237
NOC2L	MUTYH	0.4291986571759426
KDM4A	PODN	0.4290623784813857
MYCL	PINK1	0.42899280598941053
MAGOH	FAAH	0.42888769616553846
YBX1	AC099791.2	0.42886858128369215
SFPQ	VWA1	0.4288625834699521
HIVEP3	MKNK1	0.42879583524255
VAMP3	LINC01355	0.42875168369393596
SSBP3	XKR8	0.42863115589275175
RLF	RERE-AS1	0.4284800063847343
POU3F1	GPX7	0.4284615155791529
ZNF362	SPEN	0.4283365816327362
LUZP1	GNL2	0.428261752385587
PRKAA2	KLHL21	0.42798157815306215
AKR1A1	MACO1	0.4277207666967628
PRDM16	KIF1B	0.427612154413052
ZCCHC17	MUTYH	0.427541955677002
HES5	SVBP	0.4275384579745596
SMAP2	STMN1	0.42749581429744105
AKR1A1	OSBPL9	0.4274233658076116
ENO1	MAP3K6	0.42736109664737304
HES4	RLF	0.4272325011219831
KDM4A	BTF3L4	0.4270860064495924
ZBTB48	CAPZB	0.4266737325888214
LUZP1	TM2D1	0.42661370372782653
TAL1	MAP7D1	0.4265596470863521
AKR1A1	PLK3	0.42651218225420817
SMAP2	SDC3	0.4264134018074811
DMAP1	USP1	0.42636479897525903
RLF	ERI3	0.42624424511655973
MAGOH	ZBTB17	0.4262225292270392
MTF1	LEPR	0.4262057771047977
EXO5	EBNA1BP2	0.42614897248859374
NOC2L	AL450998.2	0.4260883532997359
PRKAA2	KIAA2013	0.4260500744732682
SMAP2	TRIT1	0.4260166292753738
POU3F1	HES4	0.42591976919181335
TAL1	PRKCZ-AS1	0.4258171562421374
ENO1	EPB41	0.4257869474308412
GMEB1	ZDHHC18	0.4257549444872518
GMEB1	LRRC41	0.4257496678674856
HES5	SZRD1	0.4257494613541502
RLF	HTR6	0.42562416568114564
MAGOH	AL139246.3	0.4255942979467713
MYCL	PRKCZ-AS1	0.42551110537460735
NOC2L	AL034417.4	0.425488233727238
YBX1	FHL3	0.42546883475780545
CPTP	MARCKSL1	0.4254248965749597
HES5	TCEA3	0.42540443898182484
ENO1	AKR7A2	0.4253909835549354
NFYC	MTF1	0.42531768310855045
ZFP69	PER3	0.4251450534682721
ENO1	PLA2G5	0.42510078016371045
SFPQ	GPX7	0.4249770956418428
HES5	ZMPSTE24	0.42489322846564004
ZNF362	SMPDL3B	0.4248872026242742
ZBTB17	TNFRSF14-AS1	0.42487168992545327
DMAP1	HNRNPR	0.42481827059833177
MTF1	FHL3	0.42467271464278045
HDAC1	LEPR	0.42465773504833193
SMAP2	OXCT2	0.4245253207970203
ZCCHC17	MACO1	0.42445507484662004
HP1BP3	EXOSC10	0.4244013742236707
SSBP3	NUDC	0.4243845056474085
LUZP1	MAP7D1	0.4243090677552278
LUZP1	LINC02777	0.42428712750374253
MAGOH	CCDC30	0.4242734259480831
FOXJ3	MACF1	0.42411250816616913
VAMP3	TMEM39B	0.42408481292427
ZNF362	TNFRSF14	0.42406037466951585
SFPQ	SERINC2	0.4239084114166076
YBX1	LRRC47	0.42386694726429325
HES5	SNHG3	0.42379540771869484
ASAP3	CCNL2	0.42377332972525183
RLF	CASZ1	0.4237043232232295
ASAP3	EFCAB7	0.42369678991793597
PRKAA2	SLC35E2A	0.42367183413634124
HP1BP3	AL034417.2	0.42356307923404013
ZBTB40	AKR7A2	0.42354325661385017
VAMP3	PRKCZ-AS1	0.42350961502775236
ZBTB17	LINC01359	0.4234433673783645
VAMP3	SLC35E2A	0.42339818329044715
ZBTB17	AGTRAP	0.42332442748372134
RLF	STX12	0.42330223329677646
PRDM16	AC093425.1	0.42323407816690695
ZCCHC17	LINC02812	0.42314073886912895
ENO1	ATP5IF1	0.4231177120924869
HES4	TNFRSF14-AS1	0.4231068163990481
NFYC	CAMTA1	0.4229277154514655
RLF	PRDM16	0.422883572056462
RLF	NUDC	0.42282102599596993
HES5	ZYG11B	0.422623142202933
TAL1	H6PD	0.42261481904589
DMAP1	MRTO4	0.4224380776883512
ZBTB17	STX12	0.42233306717394375
CPTP	PRPF38A	0.42226222232298555
ZBTB40	HMGN2	0.42225752066825645
GMEB1	AL445183.2	0.4221758996659236
DMAP1	SYTL1	0.42216753025595
YBX1	ARHGEF19	0.4221521273213098
SSBP3	ZBTB17	0.4221182124725195
SMAP2	DHCR24	0.4219044188877653
JUN	ZNF691	0.4218293129017728
HES5	LEPR	0.4218109058018259
RLF	LRRC42	0.4218079982970616
YBX1	BMP8A	0.4216840251093642
MAGOH	SZT2	0.421681556325353
YBX1	NCDN	0.42161938517703157
JUN	CD164L2	0.4215111012634275
SFPQ	CORT	0.42146060108947253
POU3F1	ZFYVE9	0.4213581714749261
FOXD3	COA7	0.42131189262278484
CPTP	PARK7	0.42122181502413414
PRDM16	SNRNP40	0.4211409228679879
ZCCHC17	MEAF6	0.4211271534867604
ZFP69	FAAP20	0.42099691064573275
YBX1	USP48	0.4209296803545349
VAMP3	MXRA8	0.42081076921929633
VAMP3	SESN2	0.4207754796551498
FOXJ3	TCTEX1D1	0.4207588516693748
HES4	MED8	0.4206215769413669
SSBP3	MIIP	0.4206037781030472
NOC2L	UBE2J2	0.4204200004927386
ENO1	SPATA6	0.4202968727002063
ENO1	TCEA3	0.4202959725564508
GMEB1	FO704657.1	0.4202533288414495
POU3F1	ARHGEF19	0.42021915365257634
AGMAT	RCC1	0.4201398744917334
ZNF436	GNB1	0.4200957773194728
AKR1A1	HES4	0.4200884507118723
HDAC1	EPB41	0.4198626750362784
HES4	HPCAL4	0.41984920103413914
RUNX3	COL16A1	0.41977179972868106
POU3F1	HMGCL	0.4197692912432248
VAMP3	GNL2	0.4196971505109313
RUNX3	UBR4	0.4196800040353158
MAGOH	USP1	0.4196528903218323
PRDM16	DHRS3	0.41961548272252974
HES5	CYP4B1	0.41949222151648013
HDAC1	AL031602.2	0.41941812309207277
NFYC	EFCAB7	0.41933594389662293
HP1BP3	COL8A2	0.41909990705702915
ZBTB48	SMAP2	0.4190935969286452
NFIA	OSCP1	0.4190111453382212
ZBTB48	BTF3L4	0.4187567055989642
ZCCHC17	AL606491.1	0.41875215364542834
E2F2	AKR7A2	0.41868421002826445
ZNF691	SPATA6	0.41847560026243197
RUNX3	C1orf174	0.4184635002287575
NOC2L	GPR157	0.41844390718359953
NOC2L	PTP4A2	0.4184390197483648
KDM4A	FNDC5	0.4184089896097201
MTF1	AKR1A1	0.4182866998739598
DMAP1	AZIN2	0.4182593241901297
ZBTB48	SLC2A1	0.41825354057204045
PRKAA2	AGRN	0.4181488329179741
YBX1	PTPRF	0.41809196348254163
DMAP1	PRKAA2	0.41806251990641313
ZCCHC17	ATAD3B	0.41801459907568583
SCMH1	MTFR1L	0.41792682460509506
AKR1A1	KTI12	0.41782896708110223
ZBTB48	AKIRIN1	0.4177721121806716
SMAP2	AL513327.1	0.41774898268893407
ZNF436	TINAGL1	0.417641382933411
HES5	ID3	0.4175656329994023
ZCCHC17	WDR78	0.41756007757496016
SSBP3	HPCAL4	0.417557926500702
MORN1	MAP3K6	0.4175346761625686
ASAP3	AGO1	0.41737004343951184
GMEB1	AC119674.1	0.4173089300847232
ZCCHC17	SRSF10	0.41719145406789165
ZBTB48	MAD2L2	0.4171156922896048
EXO5	MICOS10	0.41697518145162543
RLF	FO704657.1	0.41693869633151437
ENO1	GPR157	0.4169376912055062
ZBTB17	CEP85	0.4168737171846689
ASAP3	TTLL10	0.41687018599941905
HDAC1	C1orf122	0.416841819184089
NFIA	LDLRAD2	0.4167818546414545
VAMP3	LINC00115	0.4167071573952543
JUN	SCNN1D	0.41647071893000004
NFIA	RAB42	0.41643222833744625
LUZP1	C1orf159	0.41639941163206634
MAGOH	PABPC4-AS1	0.41639297209793946
HP1BP3	MECR	0.41637272536695247
DMAP1	GNB1	0.4163088084639076
JUN	DHDDS	0.416276473214371
YBX1	CLCN6	0.4162304450609107
ZBTB40	MIIP	0.41596485458074217
JUN	AL139289.2	0.4158255090947855
VAMP3	RNF220	0.4157764523555035
RLF	LINC01355	0.4157452435751362
RLF	CLDN19	0.4155277274694922
NFIA	LINC02777	0.41551191610430604
ENO1	ERMAP	0.4154961471816077
LUZP1	TTC4	0.4153617104164417
FOXJ3	CNKSR1	0.41535322743113107
SCMH1	CSF3R	0.41524983910420266
ZBTB40	IPO13	0.4152217261144854
MYCL	UROD	0.41513499488970645
ZNF436	PIK3CD-AS2	0.4150871469789282
MAGOH	EMC1-AS1	0.4150649146065112
ZNF436	PEF1	0.4150642905547389
HDAC1	NOL9	0.4150297707139844
NFYC	RRAGC	0.4150013150269126
HES4	PRPF38A	0.41489946016290524
YBX1	STMN1	0.4147829668439362
HDAC1	PHC2	0.4147699418965734
EXO5	PPCS	0.41464594294898416
HP1BP3	NBL1	0.4145629541969336
SFPQ	ZNF684	0.41456235853068524
YBX1	KAZN	0.4144054851767553
CPTP	DFFB	0.4143923816815124
AGMAT	DNAJC8	0.41413146729774364
ZBTB48	CDA	0.4141062810562365
SMAP2	AL513477.2	0.4139991678227897
HIVEP3	OTUD3	0.41381409708525724
ZSCAN20	TRIT1	0.41364528906594816
ENO1	SLC2A1	0.4136079255883735
CPTP	JAK1	0.41359205128318133
NFIA	CCDC163	0.4135737738546424
SSBP3	UBXN11	0.41352452309803944
LUZP1	CPLANE2	0.4134950805795856
ASAP3	AZIN2	0.41323488715677476
DMAP1	MFN2	0.413233875281221
NOC2L	UTP11	0.4130955664930718
JUN	TNFRSF14-AS1	0.41304887594117623
VAMP3	HES5	0.4130194731656386
MYCL	CAMK2N1	0.41290403525266495
RLF	TENT5B	0.4127066904686623
PRDM16	AGRN	0.4126683704427959
RUNX3	TOE1	0.4126452486770559
MAGOH	MATN1	0.41260911230807196
HDAC1	SCMH1	0.41258410394164513
RUNX3	SZRD1	0.4125559708566525
MAGOH	PTPRU	0.4124005993732219
HES4	NASP	0.41239997754980856
RLF	AL590822.1	0.4123948494312485
MAGOH	RUNX3	0.4122935464847709
RUNX3	SPATA6	0.4122842285915389
ENO1	AL356055.1	0.41216487697295956
RUNX3	IFI6	0.4121349656539496
ZSCAN20	HES4	0.41211902892094704
POU3F1	TMEM59	0.41206657407309155
MTF1	CASP9	0.41206481172589726
TAL1	HSPG2	0.4120319667783998
LUZP1	DLEU2L	0.41194088179319144
RUNX3	DPH2	0.41188432174899825
HES4	EPS15	0.4118320962178556
NOC2L	RNF223	0.41180583014070604
POU3F1	P3H1	0.41178731194270457
KDM4A	TRAPPC3	0.4117279170470648
SCMH1	CAPZB	0.4116886766472358
SSBP3	MFN2	0.41160342099660957
HES5	KDM4A	0.4115051617713043
ZNF684	EIF2B3	0.41148374813409244
LUZP1	PDE4B	0.41147784213295874
NFIA	LINC01770	0.41146098408178605
DMAP1	MMP23B	0.4114022519730868
HP1BP3	AL358075.2	0.41130936784409683
MTF1	TMEM39B	0.41128166089952634
ENO1	AKIRIN1	0.4112175558162663
NOC2L	MTOR	0.41109261862658053
FOXJ3	PUM1	0.41104336513297784
FOXJ3	PLEKHM2	0.4110198049113642
RLF	SMIM12	0.410856508102288
HP1BP3	PADI2	0.4108349993087521
ZNF362	VAMP3	0.4107918428163734
MAGOH	IL23R	0.4107853419312891
FOXJ3	YRDC	0.41062445610470727
CPTP	LINC02606	0.410593093186151
POU3F1	MRTO4	0.41058678321979136
MAGOH	ELOA-AS1	0.4105676059402575
TAL1	EIF2B3	0.41053553643706836
ZFP69	C1orf174	0.41049508566190723
HES5	SMAP2	0.41049120366804465
VAMP3	KDM4A	0.4104777316254529
RUNX3	SRM	0.4103694868211017
AKR1A1	CDC42-AS1	0.4103218924260438
ENO1	ARID1A	0.41028442016216454
JUN	MED18	0.41021651246228674
ASAP3	AL139260.1	0.41021232340600133
HEYL	FHL3	0.4101858974214456
HP1BP3	PRDM16-DT	0.4101734123232304
HP1BP3	KCNQ4	0.4100447130051057
RLF	TARDBP	0.40994523288923423
NFIA	AL031005.1	0.40992121555410915
VAMP3	EPS15	0.4098662730116644
ZBTB48	LSM10	0.4098269749908816
ZBTB17	SNRNP40	0.4097292755022715
YBX1	DISP3	0.40968403383859153
DMAP1	SLC2A1-AS1	0.4096572605943264
MAGOH	AKR1A1	0.40960795031415653
LUZP1	GJA9	0.40959058131101195
NFIA	UBXN11	0.40928915405320804
HIVEP3	SYF2	0.40926507194276357
PRDM16	ZYG11B	0.40919108571795626
ZCCHC17	ZDHHC18	0.4091825972010155
NFIA	AL031432.3	0.40896739676932253
MORN1	ZFP69B	0.408955807280837
LUZP1	CTPS1	0.4089043785991216
SSBP3	CCDC28B	0.40857219231916614
ENO1	LINC02574	0.40855882980835184
TAL1	SPATA6	0.40851374486991454
MYCL	LINC01226	0.4084297943161108
SMAP2	TXLNA	0.4083516477292204
RLF	LINC01358	0.40833229283918593
HES4	C1orf50	0.4083272252853167
ZBTB48	RAVER2	0.40815287935778866
ZNF436	IQCC	0.4081111479778187
CPTP	SCP2	0.4080221445677696
ZFP69B	RERE	0.4079196114645937
NFIA	FAM229A	0.40784142851954946
MTF1	AL627309.1	0.4077869131033708
SSBP3	LNCTAM34A	0.4077533048490023
JUN	TAS1R3	0.4076804443837493
FOXJ3	PRKCZ	0.40767585369971626
EXO5	ICMT	0.40757365154137365
RLF	GRIK3	0.40743975573842306
SFPQ	PIK3CD-AS1	0.40743670258849346
ZCCHC17	SHISAL2A	0.40741948520773874
ZNF362	HSPB11	0.40739706993679287
CPTP	SMPDL3B	0.4073945744062461
ZCCHC17	ERI3	0.40722939936226576
NOC2L	PINK1-AS	0.4071572834405447
DMAP1	LINC02777	0.40712027286808583
ZSCAN20	FOXD2	0.40711384192529537
FOXJ3	MTHFR	0.40689659421242275
HEYL	DDI2	0.40689276460664253
ZNF684	SDHB	0.4068119443237053
CPTP	TMEM50A	0.40673890860222883
RLF	CLIC4	0.4067257087727234
HES4	RNF220	0.40668698800169883
HP1BP3	IFI6	0.40648376618333276
YBX1	DHRS3	0.40640373937330326
ZBTB40	KIAA1522	0.406322608298023
ZNF362	NBL1	0.40627480484539036
HP1BP3	PTPRU	0.4062677830677841
HDAC1	RAB42	0.4062305952066259
DMAP1	OMA1	0.406182528841209
MAGOH	AL513320.1	0.4061743479221311
DMAP1	CLSTN1	0.4061653908234151
RUNX3	YIPF1	0.40609763167248886
JUN	AL109936.6	0.4060799967083101
ZNF362	LINC00339	0.4060571198893177
ENO1	ZNF436	0.40594061488670835
NOC2L	MORN1	0.4055977281259818
SFPQ	AL096840.2	0.4055762419950542
ZBTB48	MACF1	0.4055210121321614
EXO5	AGO3	0.40543524911268863
RLF	IQCC	0.40543470676665666
NFIA	SPSB1	0.4054314919393146
TAL1	IQCC	0.4053679896834268
ZNF362	DISP3	0.405225213646084
HES5	NDC1	0.40516799419170607
HES5	MTHFR	0.40515124507812544
MORN1	TRAPPC3	0.40511173029087283
ZBTB48	THRAP3	0.4049683921614333
RUNX3	AGO4	0.40485483247251697
RLF	NIPAL3	0.4047573639289157
HDAC1	C1orf159	0.4047353327130691
ZFP69	C1orf122	0.4047175040004818
SFPQ	CASZ1	0.4046745903411944
MAGOH	TXNDC12	0.4045723712933525
NFYC	ARMH1	0.40449060175570056
HP1BP3	AKR7A3	0.4044526443342348
ZBTB17	NRDC	0.40440889143044906
ZBTB17	THAP3	0.40434961833488864
VAMP3	ENO1	0.40433163095082053
ZBTB48	ICMT	0.4042813114696202
ZCCHC17	LCK	0.4042188851164019
HES5	RAVER2	0.4040022068413766
NFYC	STX12	0.4039762362567839
ENO1	BX293535.1	0.40393558138277413
LUZP1	NCDN	0.40378975775201414
SFPQ	POU3F1	0.40373595332079726
ZBTB48	CASP9	0.4036868280690721
NFYC	BX284668.6	0.40352149965743983
SFPQ	SPEN	0.40343738681621094
ZNF691	PTP4A2	0.40341010728191784
SSBP3	RNF19B	0.4033668695148437
HES4	SCMH1	0.4032759569118158
ENO1	MEGF6	0.4031375038012689
ENO1	EBNA1BP2	0.4031259215822418
SFPQ	PIK3R3	0.4030463419176389
HES5	TINAGL1	0.40296264788554015
HP1BP3	UBXN11	0.40281007744217695
NFYC	PIGV	0.4027225551991041
FOXJ3	GJA4	0.4027116502698892
SCMH1	PEX10	0.4026346963082888
ASAP3	DFFA	0.40260291343188287
HDAC1	ZMYND12	0.4024584357108573
PRDM16	DOCK7	0.40243070011011384
PRDM16	RIMKLA	0.4023923604239287
ZNF691	TINAGL1	0.4022650516447224
SCMH1	L1TD1	0.40224875676534494
HDAC1	AL590822.1	0.4022107343753247
RUNX3	AC119674.1	0.4020643250167391
CPTP	MIER1	0.40192330751141175
ZNF684	SKI	0.4017849475112624
POU3F1	SF3A3	0.40171239695145067
NOC2L	EPS15	0.401666369313566
CPTP	SRSF10	0.401649693604682
ENO1	CZIB	0.4013818972393068
ZBTB48	POU3F1	0.40134198482000677
CPTP	SPEN	0.40133383016220425
SMAP2	NBPF3	0.4013049116562818
TAL1	LINC01359	0.40127536187033763
ASAP3	AL031432.3	0.40117464161747624
MAGOH	PPT1	0.4011124899889513
SMAP2	C1orf50	0.40107680562887527
HES5	VAMP3	0.4010419161190962
ZNF691	MED18	0.40094970667612806
PRDM16	SSBP3	0.40094330819367296
SCMH1	NCDN	0.4008182175056882
HES5	HECTD3	0.40069505753216084
HES5	LRP8	0.40046635632092564
ZBTB40	MICOS10	0.40034658286916613
ENO1	CCDC24	0.40024318960523053
ENO1	CYP4X1	0.4001774010724293
HDAC1	MIIP	0.40011369704100264
NFYC	MAGOH	0.40004068743780313
HEYL	SLC9A1	0.3999468129175445
SMAP2	AC098484.4	0.39988373991669834
ZNF436	C1orf109	0.3997521259318363
FOXD3	KDM1A	0.3997244263517523
PRDM16	OMA1	0.3997077632641054
RUNX3	SCP2	0.3996857375764281
ZBTB17	ECHDC2	0.3994662433793085
HDAC1	USP48	0.3992244784892575
DMAP1	AL139424.2	0.3992194133399365
MAGOH	INPP5B	0.39917528772270944
FOXJ3	TPRG1L	0.39911759358140525
HDAC1	ALPL	0.39902152484624
GMEB1	PUSL1	0.39901183790561756
HES4	ZC3H12A	0.3990083241229852
FOXD2	SHISAL2A	0.3989849508853823
RLF	AGRN	0.39898153975802114
HES4	AL359881.2	0.39893397681981696
ZBTB48	FOXD3	0.3988177698263916
LUZP1	MRPS15	0.39881177621304686
MAGOH	FAAP20	0.39877254777959625
YBX1	HSPG2	0.39861208905851503
HES5	PRDM16-DT	0.3985838186670443
ZBTB48	LEPR	0.398460025430908
RLF	SFN	0.39842109953680693
ZCCHC17	LAPTM5	0.3983642950189827
MTF1	PINK1	0.3983182275235967
HP1BP3	CPLANE2	0.39825380868799476
ZCCHC17	DOCK7	0.39798290740262854
TAL1	MACO1	0.397975714200679
SSBP3	SLC25A33	0.3977712356434877
YBX1	SLC2A1-AS1	0.3977689432254605
GMEB1	MRTO4	0.3977484332006567
PRKAA2	FAM131C	0.3977302260336732
LUZP1	PLEKHM2	0.3976920550410035
SSBP3	KHDRBS1	0.3975759694536377
FOXD2	EXOSC10	0.39755206516108976
FOXJ3	GRIK3	0.3974600122328955
ZCCHC17	SCP2	0.3974161601135405
HDAC1	AL606760.2	0.39737442800101663
NFYC	HES5	0.3973685607985196
HP1BP3	RNF11	0.39735576047787025
MAGOH	MRPL37	0.3973411435098672
ENO1	RCAN3AS	0.3970791161001063
NOC2L	P3H1	0.39697019987229265
SFPQ	CDA	0.396891886187363
HEYL	AL031432.3	0.39676304899675097
HP1BP3	ERRFI1	0.39674093550943235
ZBTB40	THRAP3	0.39672114576560713
PRDM16	PPP1R8	0.3965947116584232
ZNF691	KDM4A-AS1	0.39657060390353327
ASAP3	SRARP	0.3965658289577433
LUZP1	FO704657.1	0.3965578473550218
ZBTB48	AL139423.2	0.3962361165089213
NOC2L	LINC01409	0.3962140999652237
RUNX3	SFPQ	0.39616430045065937
SFPQ	RHCE	0.39612560185063367
DMAP1	ITGB3BP	0.39602650304775805
ZBTB48	LURAP1	0.39600948968934596
KDM4A	AC119677.1	0.39588899668514227
RUNX3	PUSL1	0.3958482653503525
HP1BP3	LINC01767	0.39579635972906196
ENO1	OSCP1	0.39541466173502116
VAMP3	USP48	0.3953623395142243
SFPQ	UBR4	0.39533664634003235
POU3F1	RAVER2	0.3952938021025787
PRDM16	ZMPSTE24	0.3952907617189511
HES5	ZNF684	0.3951821393801327
JUN	TMEM54	0.3950618917230365
ZBTB17	ATP6V0B	0.3949850550056882
RUNX3	LSM10	0.39494973117173476
DMAP1	DDOST	0.3948346577849529
MAGOH	GPX7	0.394816719088749
TAL1	ID3	0.394798574738874
ZBTB48	AURKAIP1	0.39479486718161605
RUNX3	SNRNP40	0.3947044236374119
ZNF684	AK2	0.3945482328596039
YBX1	VWA1	0.3945440343953717
HDAC1	MRPL37	0.39450505871423575
CPTP	TMEM51-AS1	0.3943951927687388
GMEB1	SKI	0.3943013779659846
MTF1	DVL1	0.39426880879994974
NOC2L	NUDC	0.39425989486756674
HIVEP3	AC004865.2	0.3940522495559548
ZNF436	SH3D21	0.3940439574171251
KDM4A	PLEKHN1	0.39383870798945153
SSBP3	RBP7	0.3938385611765375
MORN1	GPN2	0.39383519858992966
GMEB1	EPHA2	0.39381507272327276
MAGOH	LCK	0.39380680368069443
FOXD3	COL16A1	0.3936880510398383
HES4	NCDN	0.3936272100613499
HP1BP3	JAK1	0.39362278877335066
NOC2L	ACOT11	0.393620716403354
ENO1	TMEM200B	0.3935949996910884
CPTP	THRAP3	0.39348154789015893
FOXJ3	FAM41C	0.3934567264158558
AGMAT	SMIM12	0.393429592880177
PRDM16	TAF12	0.39329085773434386
VAMP3	IFFO2	0.39326848714004375
DMRTA2	CDK11B	0.3931826659898763
DMAP1	TRAPPC3	0.39317859538263217
FOXD2	SNRNP40	0.39316438273465587
SSBP3	C1QTNF12	0.39299930776368575
GMEB1	CAP1	0.3929905156135929
NFYC	BTBD19	0.39288781292879954
ZNF684	IFI6	0.3928392363469306
ZFP69	EPHA2	0.39283518879052276
RUNX3	LINC02574	0.39282683831558657
ZCCHC17	RPS6KA1	0.3927814073071737
ZBTB40	DNAJC11	0.3926522779002671
RLF	SSBP3	0.39263754856046296
VAMP3	FOXJ3	0.39262069977533987
HES4	ISG15	0.39252572351812315
HES4	MMP23B	0.39251894383282093
AKR1A1	PLEKHG5	0.39246284040107626
MAGOH	TMEM54	0.3924260120363292
RUNX3	YBX1	0.3923621614112869
TAL1	RER1	0.39231625120263786
AKR1A1	NOL9	0.39227139334358707
ZFP69	TESK2	0.39225219600786093
ZBTB40	NRDC	0.392247919383094
GMEB1	SH3BGRL3	0.39221028325970514
HES4	ZBTB8OS	0.3921185044892762
NFYC	PTAFR	0.39200044638491366
SFPQ	ZC3H12A	0.3919941322604916
ZNF691	SLC25A33	0.39198405982414947
ZBTB48	FOXD2	0.3919771865677577
JUN	TMEM50A	0.3916628805854028
KDM4A	MAD2L2	0.3915059117851153
DMAP1	PABPC4	0.39148924072375757
ZNF691	MANEAL	0.3914238844099026
PRKAA2	OSCP1	0.3913057728686996
LUZP1	ZBTB8OS	0.39122778545715636
YBX1	PER3	0.3912061167141563
VAMP3	PDZK1IP1	0.3910499636731895
MAGOH	LINC01778	0.3909977546241365
AKR1A1	TMEM50A	0.3909875392117124
MAGOH	RAVER2	0.3909454040568855
RUNX3	GPBP1L1	0.3908946904390639
YBX1	OTUD3	0.390888259796026
NFIA	MMACHC	0.39079861267569505
FOXJ3	RPS6KA1	0.3907928656425983
HES4	ELOVL1	0.3907531664643181
RLF	TSSK3	0.3906364460769204
JUN	ZFP69B	0.39061466232474396
SCMH1	SFPQ	0.390614531930252
SCMH1	SLC45A1	0.3905018506235062
ZFP69	NASP	0.39036330216819765
RUNX3	RPS6KA1	0.39033965569555673
HEYL	VPS13D	0.39032402058912136
VAMP3	ITGB3BP	0.3902995878609995
RUNX3	HMGCL	0.39024648362296604
HP1BP3	EPHA2	0.39021141256071684
RLF	MORN1	0.39019301415383667
MAGOH	EYA3	0.39005222263217154
NFYC	PITHD1	0.3898411066279848
RUNX3	ENO1	0.38967840923521907
LUZP1	AL031432.4	0.3895975688337399
SFPQ	FAM41C	0.389593794522084
AKR1A1	RERE	0.38951219673661625
ZCCHC17	SRARP	0.3894230142998213
FOXD3	LINC01128	0.38937197518218836
DMAP1	DFFA	0.3892413974779428
NOC2L	TCEANC2	0.38922889301187236
AKR1A1	LRRC47	0.38922603885359675
LUZP1	CCNL2	0.38921652078923263
ZNF436	MATN1	0.38919422012304145
HES4	TAL1	0.3891346683743478
ZBTB40	NDUFS5	0.3890301356165339
RUNX3	PLEKHG5	0.3890022990872688
MAGOH	AL109811.2	0.3888897984192587
ZNF684	C1orf122	0.3888652357621048
RLF	AL358075.2	0.38885789000866516
NFIA	SCMH1	0.38882884454363403
ZBTB17	BSDC1	0.38863984754392283
CPTP	KLHL21	0.38863116377108037
RLF	TMCO4	0.3886294804743295
ZBTB40	PTP4A2	0.38860677496177815
ZNF684	KIAA2013	0.38847364299411347
MTF1	STK40	0.38817944260692444
DMAP1	AL034417.3	0.3881723170333484
NFYC	ECHDC2	0.3879985899451772
VAMP3	RCC1	0.38797287531136654
LUZP1	LDLRAD2	0.3879634301259423
LUZP1	SSU72	0.38792974660970664
MYCL	CENPS	0.38791328126318436
LUZP1	ERRFI1	0.38785950748282905
FOXD2	PRPF38A	0.38779844463840085
SFPQ	TRABD2B	0.38778946569688244
ZSCAN20	S100PBP	0.3877631349535293
ASAP3	MANEAL	0.3876873667106049
SMAP2	DLEU2L	0.3876157699362576
AKR1A1	LSM10	0.38759800845841863
SSBP3	ANKRD65	0.3875942640129089
AGMAT	ARID1A	0.38744968773510496
ASAP3	PEX14	0.3874427175932305
HES4	SLC2A1	0.38742307357197164
KDM4A	MED8	0.38731888399972475
NOC2L	AL031432.3	0.38730166422276646
CPTP	TMEM200B	0.3872217908924389
ZNF691	STMN1	0.3871552836928439
DMAP1	EYA3	0.3869383890370356
ZBTB17	RSRP1	0.3869339598740068
SFPQ	AL020996.1	0.38691978913709435
NFYC	TRNAU1AP	0.38688984040825697
YBX1	SDF4	0.38685104739115156
ZNF684	P3H1	0.3867638986478617
SSBP3	LINC01135	0.3867503942786155
NOC2L	HMGN2	0.3865981696198409
ZBTB48	SSU72	0.386566778756812
NFIA	AL031848.2	0.386305899609516
FOXJ3	AK2	0.3862962393991212
ASAP3	UBXN11	0.3862099311561216
MAGOH	CD52	0.386200180739394
ZBTB40	RAVER2	0.3861944932530265
HP1BP3	RHBDL2	0.3861102124881311
LUZP1	KDM4A	0.38605053642717724
ZNF362	TMEM59	0.38602298498532356
ZBTB40	LSM10	0.3859896863759051
FOXJ3	ASAP3	0.3859489414790839
ZBTB17	TMEM50A	0.3859176754232521
NOC2L	BX284668.2	0.38589828548304
SFPQ	SH2D5	0.38551423243462596
SFPQ	KIAA1522	0.3854013654483987
FOXD2	KPNA6	0.3851575094369892
HDAC1	AL031728.1	0.38499516518473254
JUN	WRAP73	0.38482434961549555
NOC2L	COL9A2	0.38472652580034183
VAMP3	SYF2	0.3846166056874076
ZCCHC17	ZFP69	0.38461158494214104
SSBP3	RAB42	0.3846091899478254
MAGOH	ADPRHL2	0.3846049692169659
AGMAT	TNFRSF9	0.38453268245968525
TAL1	ALPL	0.38452184626896224
ENO1	FGGY	0.38424838362777186
RLF	PHACTR4	0.38422073590510963
LUZP1	FGR	0.3841534837666098
HES4	TNFRSF4	0.3841300079957992
ZNF362	AC093424.1	0.38394705664813555
ENO1	ACOT11	0.38393712816036957
LUZP1	FBLIM1	0.38390017621311107
ZBTB48	TAS1R3	0.3837101488852004
HES5	SRM	0.3837041644088758
LUZP1	IFNLR1	0.38368485321823714
MTF1	TMEM69	0.38366054229286195
RUNX3	USP1	0.38356432424545117
POU3F1	TRNP1	0.38351710700953195
ENO1	AL031432.4	0.383489424206767
ENO1	BEND5	0.3834500714476914
LUZP1	INPP5B	0.38344354548009896
ZBTB48	CNR2	0.3833563182665037
SSBP3	GPBP1L1	0.38333401090449054
DMAP1	MKNK1	0.3832973331712391
AGMAT	PEF1	0.38329650111713026
MTF1	EMC1-AS1	0.3831976564739956
ZBTB17	AC093151.8	0.3831548123055034
HP1BP3	LINC02812	0.38315202452064484
NOC2L	RER1	0.3830925568253243
ENO1	LINC02596	0.382991726051022
HES5	SNRNP40	0.3829879788716987
ZNF436	TSPAN1	0.38295087092449503
PRDM16	BSDC1	0.3828585585423142
HP1BP3	PODN	0.3828489125767536
YBX1	SLC2A5	0.38283735871289587
ZBTB40	INTS11	0.3828369880481992
YBX1	TRABD2B	0.38275590182499736
ENO1	SESN2	0.3826865626953945
SMAP2	ALG6	0.38265091505128246
ENO1	PINK1	0.38251232142753794
POU3F1	SZRD1	0.38244407179783124
POU3F1	NADK	0.3823523165923199
HES4	SVBP	0.38231189353484785
ZNF436	PIK3CD	0.3821810873664933
DMRTA2	PPP1R8	0.38210850945994945
KDM4A	FAAP20	0.3820304467685851
CPTP	CORT	0.3819947211784233
SSBP3	FHL3	0.38189762156350127
FOXJ3	AL050343.2	0.38188455336447164
ZCCHC17	PUM1	0.3817963530910808
DMAP1	FO704657.1	0.38177679496457306
HDAC1	AL356055.1	0.3817663171193971
SSBP3	TMEM50A	0.38171543337434993
ZFP69B	YRDC	0.38167006866768305
ZBTB40	GPATCH3	0.38154493592736544
LUZP1	GPBP1L1	0.3815212694627055
ZNF436	MUTYH	0.38148870630461584
ZBTB48	FGR	0.38147954938946427
KDM4A	NSUN4	0.3814406142079802
AKR1A1	B4GALT2	0.38130711733403927
FOXJ3	SLC2A1-AS1	0.38121042243059483
NOC2L	FAM76A	0.3812029053425759
JUN	ZFYVE9	0.38119319335704155
ZBTB17	HIVEP3	0.38116927552578944
ZBTB40	MORN1	0.38099871367398536
NOC2L	RPL11	0.380987302218162
ZNF362	YRDC	0.380939635513008
NOC2L	TTC22	0.38085981397089747
MYCL	ZFYVE9	0.38085715371723994
ZBTB17	MTF1	0.380840338097768
JUN	PLOD1	0.38066940781329867
TAL1	TCEA3	0.38056452920511247
MTF1	RAVER2	0.38050686153441826
HDAC1	CDCA8	0.38046898162186177
ZBTB17	AL353622.1	0.38046410826564686
ZNF436	TM2D1	0.3803256894877648
HIVEP3	PDIK1L	0.38021477599360426
NFIA	PABPC4-AS1	0.3799649330446487
JUN	PRXL2B	0.3798610701694334
GMEB1	PTP4A2	0.3797764255721259
CPTP	NFIA	0.37972056082036054
MYCL	INPP5B	0.3796403596992562
POU3F1	TXNDC12	0.37961262998063294
ZNF691	AL109811.2	0.3794665997889819
LUZP1	FAM229A	0.37940819194509334
LUZP1	LZIC	0.37937938118762443
AGMAT	RERE-AS1	0.3793085780339453
ZNF362	AGO1	0.3792855431974644
NOC2L	CCDC17	0.379233624247809
VAMP3	SNIP1	0.3791854052378364
GMEB1	CDC42	0.379111422693468
ZBTB17	PRDM2	0.3790076657025463
KDM4A	CITED4	0.3788949834362899
YBX1	TRNP1	0.37889291230343913
SFPQ	TMEM54	0.37870600947174876
POU3F1	RNF11	0.3786187614031506
MAGOH	PIK3CD-AS2	0.37853227586962646
SMAP2	GJA9	0.37844867477740285
HP1BP3	BX284668.2	0.3783026999212708
NFYC	ANKRD65	0.3782916468154367
HES5	FAM76A	0.3780833198201319
VAMP3	PIK3CD-AS2	0.3780550860669843
ZBTB48	MMEL1	0.3779920777531458
NFYC	RNF11	0.37797561656088463
SFPQ	CLCN6	0.3779381004860566
ZBTB17	SCP2	0.3778625770979398
RLF	TNFRSF25	0.37772296165400665
RLF	TAL1	0.37769518836252375
SMAP2	RHD	0.3776257049271153
RLF	RUNX3	0.37760790172522485
HIVEP3	CTPS1	0.3775122561045377
NFIA	MTOR	0.3774888670859628
LUZP1	AC099791.4	0.37744753189654606
FOXJ3	AL358075.1	0.3773723828126132
YBX1	NPHP4	0.37734022440862564
GMEB1	CTPS1	0.37732703082192875
MAGOH	ATP13A2	0.3772339982591888
SCMH1	GPBP1L1	0.37721023278987725
RLF	KIAA0319L	0.3771821468253275
SSBP3	NDUFS5	0.37716058821596626
MAGOH	HOOK1	0.3771251622924581
PRDM16	PHF13	0.37712502407408577
YBX1	NIPAL3	0.3770941892669805
KDM4A	PHACTR4	0.3769961236878198
ENO1	CDCA8	0.37697705502740314
ZNF436	HDAC1	0.37694746779079896
RLF	PANK4	0.3769147199422425
HES5	MATN1	0.37682240484933066
ZBTB17	SPEN	0.3767975032140573
ASAP3	CAMK2N1	0.3766842317555043
SFPQ	AHDC1	0.37668401182713074
HES4	PTP4A2	0.37655435916019403
MAGOH	PDIK1L	0.37653470364774916
LUZP1	ATP5IF1	0.37648093378360026
MAGOH	CAMTA1-DT	0.3764651497288734
ENO1	UTP11	0.37646074918976274
POU3F1	SDC3	0.3763849305209591
TAL1	ZYG11B	0.37637800782877084
FOXD3	HES5	0.3763471755986846
ZNF362	DNAJC16	0.37581800257649617
RUNX3	INTS11	0.37577062295957864
HP1BP3	LEPROT	0.3757292637093315
FOXJ3	MEAF6	0.37558309128705775
NOC2L	ZNF593	0.37550475378327364
HIVEP3	SLC35E2B	0.3754780950203986
SSBP3	BTBD19	0.3754540241747114
RLF	THAP3	0.37536202032208715
DMAP1	KTI12	0.37534514024358656
HDAC1	IQCC	0.37527432727002885
ZNF436	HECTD3	0.3751793619647983
HES4	PTCH2	0.37502562607767875
LUZP1	AL451042.2	0.3749972958416609
MAGOH	PLOD1	0.37499403989362945
MAGOH	BX293535.1	0.3749776259093279
DMAP1	MFSD2A	0.3749562440176542
JUN	CAP1	0.3749389477364973
ZNF436	TNFRSF8	0.37490061840090744
YBX1	FCN3	0.37482729728939884
ZBTB40	AC119674.1	0.3747613214079395
AKR1A1	MAGOH	0.3744738151712516
POU3F1	PLPP3	0.3744550367500552
HES4	USP1	0.3743761154895492
POU3F1	ZNF684	0.374352293088039
NFYC	PTCH2	0.3743263596770333
TAL1	GPN2	0.374294319628432
GMEB1	LCK	0.37427415506496337
ZCCHC17	SKI	0.3741600301675675
PRDM16	PTCH2	0.37414765642700093
HP1BP3	AL021154.1	0.3740994898985694
JUN	EIF4G3	0.37407098912753056
ZBTB48	DPH2	0.37405468323959024
SSBP3	ALPL	0.37404794475909353
YBX1	CPTP	0.3739644800142184
ZBTB40	TNFRSF18	0.37388067165662053
ZBTB48	AK2	0.37375972195854323
CPTP	HNRNPR	0.3736977482962989
MORN1	SESN2	0.373531610055978
POU3F1	MYCBP	0.3732941044254398
HDAC1	TAF12	0.37328176725998685
LUZP1	TRNAU1AP	0.37315668229712956
ZBTB48	CAP1	0.3730775571427083
YBX1	PRKAA2	0.37302145055761976
RUNX3	MED8	0.37301826857935
JUN	ZMYM6	0.37295284569161885
SCMH1	BX284668.6	0.37294720791478503
SSBP3	HMGN2	0.37288294385057474
CPTP	KIF2C	0.37287273017796285
ENO1	CD52	0.37244167325503286
DMAP1	CAMTA1	0.372439430173814
ZBTB17	PLK3	0.3724073344910718
ZBTB48	AC119677.1	0.3722782389010332
E2F2	ICMT	0.3722717707764234
HIVEP3	GPBP1L1	0.3721320963534667
FOXJ3	AGO1	0.3720172470086986
RUNX3	PATJ	0.37187876442924445
HP1BP3	SMIM1	0.37184217802740166
ENO1	SFPQ	0.37183710032536443
HIVEP3	ZNF593	0.37177459549017444
ZBTB17	ICMT	0.3717570456320018
GMEB1	ECHDC2	0.37171842747265016
SMAP2	ZDHHC18	0.37168795079588024
HES4	FBXO6	0.3715158230746255
RLF	ATP6V0B	0.3713721076840188
ZBTB17	SRARP	0.37122408045774546
ZBTB17	PARK7	0.37116870998158236
NFYC	SRSF4	0.37105440609950535
YBX1	AC099791.4	0.37078617047387746
MAGOH	ECE1	0.37073375950320697
CPTP	TMEM51	0.3706518463044204
HP1BP3	LINC01358	0.37051543040042595
RUNX3	LINC00339	0.3704156206623933
ZSCAN20	MRTO4	0.37030888870241824
TAL1	INTS11	0.37027137551561307
CPTP	OMA1	0.3702408737408789
HEYL	RNF207	0.37018545385453344
DMAP1	EPHA2	0.37015641649490116
HEYL	PHF13	0.37013496081552477
ZBTB40	ZDHHC18	0.3701201131249076
DMAP1	PRDM2	0.37004085967126793
AKR1A1	TMEM51	0.3700314225627719
HES5	OSBPL9	0.37000256318583286
NOC2L	RAVER2	0.3699266057124837
NOC2L	C1orf50	0.3698335973529042
HDAC1	DHRS3	0.36983356809886664
HES5	MTFR1L	0.3698282094112519
LUZP1	NFYC	0.36981284765180866
KDM4A	LNCTAM34A	0.3698035295020392
SMAP2	FAAH	0.3696493495994687
SFPQ	LEPROT	0.36961844114258835
GMEB1	GJA4	0.36959314665903176
ZSCAN20	EIF4G3	0.36954030145219563
DMAP1	RBP7	0.36946319717203563
HES4	SNHG3	0.36945926078568586
HIVEP3	YARS	0.3694523156503291
HEYL	SLC6A9	0.36944103531453465
HP1BP3	ZFP69	0.36941936454883256
SFPQ	AL136115.2	0.3694094074380325
TAL1	LINC01355	0.36926827144244045
NFYC	GPN2	0.3691672175207346
FOXJ3	E2F2	0.36909728804946834
HP1BP3	TMEM59	0.36901871425882193
HDAC1	BTF3L4	0.36900593454045555
MAGOH	ITGB3BP	0.36899604869446834
ZBTB48	MUTYH	0.3689675266244517
HIVEP3	GABRD	0.3689391465700556
ZCCHC17	SPEN	0.36891686071881
ZBTB48	PAQR7	0.3687973539691646
ZNF684	RHD	0.3687719805758641
HDAC1	AL645728.1	0.368756732827535
AKR1A1	TPRG1L	0.36874453648859146
RLF	AK2	0.3686875362836224
AKR1A1	LINC01359	0.368657324040401
MORN1	HECTD3	0.36865283012338773
SFPQ	NUDC	0.3686486740848919
ZCCHC17	E2F2	0.3686289749690318
ZBTB17	RNF11	0.3685204886718803
TAL1	ARHGEF10L	0.3684351167276757
HDAC1	MRTO4	0.3682623753568188
HP1BP3	CROCC	0.3682506850323642
ENO1	SNIP1	0.36808487495060555
ENO1	AC093425.1	0.36807680218036065
FOXJ3	FAM131C	0.36806685271561934
RLF	ICMT	0.3680264164585217
NFIA	DDOST	0.3679927886946919
ZBTB40	CZIB	0.3679634907449073
FOXJ3	AL139246.5	0.3679295347179949
PRDM16	AL096840.2	0.36791244338307794
ZCCHC17	AL139423.1	0.36786141690828267
JUN	SDF4	0.3678525610422077
SFPQ	JAK1	0.36774218071283105
SFPQ	THAP3	0.3676815355930673
SFPQ	PATJ	0.36748031025288636
POU3F1	LDLRAP1	0.3674689964473981
RUNX3	YTHDF2	0.36744308404075765
ENO1	BSDC1	0.36717187731859274
GMEB1	ENO1-AS1	0.36711234125550446
RUNX3	ATG4C	0.3668926191916596
AKR1A1	RNF220	0.36649960300916506
SCMH1	HECTD3	0.3663591671097529
HES4	UBIAD1	0.36631159160215243
AGMAT	LINC01409	0.36625942129526934
HIVEP3	SRSF10	0.36621956800076544
SSBP3	C1QA	0.36617581914893954
ENO1	SLC9A1	0.3659705128136004
RUNX3	MAP7D1	0.36596461455077745
ZBTB17	ECE1	0.36576666089328963
HP1BP3	C1orf159	0.3657573179555524
DMAP1	LYPLA2	0.36573833579969633
NFYC	MAP7D1	0.36566591968494516
TAL1	MFN2	0.3655522411963185
HES5	STPG1	0.3653436859670636
ZNF691	GNB1	0.36530085000630397
SCMH1	PPT1	0.3652558937600107
FOXJ3	CDCA8	0.365202520579436
ENO1	ARHGEF19	0.3650095264311862
EXO5	SSU72	0.3649992814121407
ZFP69	NRDC	0.3649805610541116
YBX1	C1QB	0.3649363223726272
FOXO6	CLIC4	0.36490508295729746
SSBP3	SERINC2	0.3648649180080939
HDAC1	UBIAD1	0.36465896021821875
RUNX3	FAM167B	0.36462794956733285
ENO1	PLK3	0.3645633983535593
CPTP	LRRC47	0.3644634880242502
NFIA	UQCRH	0.3644339691436112
MAGOH	ASAP3	0.3643957288302505
ZNF436	ADPRHL2	0.3643496584045437
ENO1	MUTYH	0.3642834231339358
KDM4A	HPCAL4	0.36420021472884007
ENO1	PTPRU	0.3641786630827864
MYCL	LURAP1	0.36408142612462574
DMAP1	AL606760.1	0.36407804796539106
TAL1	RCAN3	0.36407267896605505
NOC2L	MACO1	0.3637417357145132
NFYC	UBXN11	0.3637310573001626
ZNF436	PUM1	0.3636997110472407
ASAP3	ZSWIM5	0.3636275594411645
MAGOH	ISG15	0.3634909125231555
MAGOH	EXTL1	0.36340320879919863
VAMP3	SHISAL2A	0.36334808800727786
HDAC1	CAMTA1	0.3632462837275197
ZNF691	PTAFR	0.3632150410471468
DMAP1	CDK11B	0.36305411375029856
NFYC	ATAD3A	0.3630440792537253
ZNF684	MRPL37	0.36304027182432785
AKR1A1	EVA1B	0.36302787598013264
DMAP1	FCN3	0.36293651086533896
SMAP2	AL139289.2	0.3629130265151978
VAMP3	BTF3L4	0.36289768109701986
LUZP1	YRDC	0.3628854561426742
HES4	SRRM1	0.3627842650213568
HES5	PEX10	0.36265988058993065
MAGOH	LINC01358	0.36257931707882357
MYCL	MRPL20-AS1	0.3625314453112326
YBX1	RHBDL2	0.36252062533104445
RLF	EFHD2	0.36244679833189075
HES4	ZBTB8A	0.36242774744301554
POU3F1	CITED4	0.362276086738069
SSBP3	ZNF593	0.3622661594625455
HES4	FAM87B	0.3621870555820649
HDAC1	HIVEP3	0.3621714355734125
FOXJ3	POMGNT1	0.36204227363197133
SFPQ	MYSM1	0.3620304175010473
HDAC1	AL591845.1	0.3619180320248408
ENO1	AL358075.1	0.36185903076833925
ASAP3	IQCC	0.3618413108718412
HES4	LDLRAD2	0.36172723376818816
MORN1	TAL1	0.36171395451612715
AKR1A1	TAF12	0.36167361649266044
TP73	ALDH4A1	0.3616095311465766
E2F2	BEND5	0.3615342057791754
TAL1	ZCCHC17	0.36152848266006943
HDAC1	CCNL2	0.36135043947998907
NFIA	KDF1	0.36106224610258475
RLF	THEMIS2	0.36106055195629283
ZBTB40	CDA	0.36104946075128935
MTF1	BTBD19	0.36104674419368304
MAGOH	FO704657.1	0.3610292563009561
ZBTB48	SNHG3	0.3609811861860302
HES4	AL021155.5	0.3609686425776766
MTF1	SRSF10	0.3609238470318771
SMAP2	AL050341.2	0.36086032772912463
NOC2L	POMGNT1	0.3607761785214406
MAGOH	KIAA1522	0.36066043335439774
FOXJ3	KLHL21	0.3605863835972515
YBX1	DVL1	0.36057486450221565
ZNF684	AC119800.1	0.3605726224158334
ZCCHC17	NMNAT1	0.3604333501725123
HES5	C1QTNF12	0.36032061738129073
MORN1	SLC9A1	0.3602536643178816
MORN1	LINC01358	0.3602369022220385
FOXD2	LINC01128	0.3601443830797948
DMAP1	PINK1	0.3601161962893018
FOXJ3	FBXO42	0.36008962629807617
RLF	YIPF1	0.36006654649499625
FOXJ3	SNRNP40	0.3600068672746527
RLF	LEPR	0.35998589536169556
HES4	SNIP1	0.35996998921817436
YBX1	PPIH	0.3599355593702845
ASAP3	SPATA6	0.3599115238114344
HDAC1	MAGOH	0.35989408106883897
CPTP	DNALI1	0.3598937884039351
ZBTB17	IPP	0.3598019523373875
RLF	C1orf174	0.35974437376208174
NFIA	TMEM240	0.3597336080211268
MAGOH	C1QA	0.35961810145431267
NFIA	LDLRAP1	0.35960834881156123
NOC2L	JUN	0.3595372381559436
HIVEP3	PNRC2	0.35949993339986375
FOXD2	PTPRF	0.35946834129624233
AKR1A1	KIF1B	0.3593612398982189
ZCCHC17	ZBTB17	0.35932338538158937
HES5	PRKCZ-AS1	0.35932178828139577
YBX1	RBP7	0.3593115580903716
FOXJ3	ZMYM6	0.35929558662601735
TAL1	PEX10	0.3591966755103231
HES5	TMEM51-AS1	0.3591670490324479
HEYL	KCNQ4	0.359137358537791
ZNF684	NSUN4	0.35906097263793463
HDAC1	KTI12	0.35885790331244255
ENO1	TMEM234	0.3588265617770118
HDAC1	ZSCAN20	0.3588019200927048
POU3F1	BTBD19	0.35877597182367926
NOC2L	EPHA2	0.35872789700222213
POU3F1	NMNAT1	0.35867875267990657
POU3F1	CAP1	0.3586508887406101
SSBP3	SNRNP40	0.3586155075159832
FOXJ3	PHACTR4	0.3585870430428128
MAGOH	ZNF684	0.35855699121400375
DMAP1	AL139260.1	0.35849333360853697
TAL1	DFFA	0.35844223189627916
TFAP2E	RNF11	0.3584276599043604
KDM4A	S100PBP	0.35838743268818535
NFIA	C1orf216	0.3583333336990082
AKR1A1	MAD2L2	0.3582589132827575
GMEB1	AL590438.1	0.3581997189323947
LUZP1	ELOA	0.35817648156824916
JUN	AGO4	0.35816699802650637
AKR1A1	SNIP1	0.35811645826566135
YBX1	LINC02812	0.358115555968457
ZBTB40	WDR78	0.3580915510244081
VAMP3	USP24	0.35807093610442337
NFYC	PEX14	0.3580263703686836
KDM4A	CCDC28B	0.35798783774243553
HDAC1	CITED4	0.357935219728084
HP1BP3	MAST2	0.3578999936065045
HDAC1	DISP3	0.3578674062813389
RUNX3	ARID1A	0.3578555704497197
NFIA	MYCL	0.3577199484083679
MAGOH	AL050343.2	0.3577165992381506
ZBTB17	AK2	0.3576835090055975
ZFP69	CDK11B	0.35760506715268275
MAGOH	THEMIS2	0.3575643614277532
ZNF691	CACHD1	0.35753256323887256
ASAP3	MMEL1	0.35750936509810594
SSBP3	CDK11A	0.3574951880186876
SFPQ	FAAH	0.3574166996380388
ZBTB40	PTAFR	0.35737273311217627
RUNX3	TACSTD2	0.3573156366147572
ZCCHC17	GPR157	0.35729325463636014
MAGOH	HMGCL	0.35728693237316417
NFYC	PRDM2	0.3571920866955218
ZNF684	CYP4B1	0.35711686076011034
ENO1	CLIC4	0.357015327259966
ZBTB17	EIF3I	0.35688315100099066
HP1BP3	UTP11	0.3567081642623544
RLF	CD52	0.3566812869381339
HIVEP3	SDHB	0.35659347217002463
ZSCAN20	NBPF1	0.35654799666099046
DMAP1	UBE4B	0.356400260754362
RUNX3	TMCO4	0.35636891131695303
NOC2L	AL021155.5	0.3563658962342629
SMAP2	PTPRU	0.3563512729797494
AKR1A1	HPCAL4	0.3563340150751672
YBX1	TMEM200B	0.3563328954906695
SCMH1	DHDDS	0.3563203601166552
GMEB1	B4GALT2	0.3562519285618938
ZNF691	ZMYM1	0.35622780847191543
LUZP1	LINC01783	0.3562186208972276
DMAP1	MAP7D1	0.3561711518127324
GMEB1	LINC01409	0.3560909240633965
YBX1	ICMT	0.35603356367192496
NOC2L	RNF220	0.35601306502731556
ASAP3	PPCS	0.3559961856999725
HIVEP3	CDK11B	0.3558829201898892
SSBP3	CPTP	0.3558793373220059
ZNF436	AL139220.2	0.3557909540157059
FOXJ3	STX12	0.3557404014220268
SSBP3	C1orf122	0.3557202361114943
LUZP1	CMPK1	0.35570735485108146
ASAP3	CSMD2	0.3555603481497496
HES4	NBPF1	0.3555162550571296
NFYC	LEPROT	0.35543925220317407
ZBTB48	FHL3	0.35533229757142065
ZNF684	AL356055.1	0.3552067014715453
PRDM16	SERINC2	0.3551880842884798
AKR1A1	NBL1	0.35512510746478193
RLF	CAMK2N1	0.35511691498006115
HES4	RBBP4	0.355084705139283
HES5	MED8	0.3550296457175099
GMEB1	WASF2	0.3549985477404221
ZCCHC17	ZSCAN20	0.3549548237103094
EXO5	ST3GAL3	0.3547956784076183
RLF	TUT4	0.35476093551665216
ZCCHC17	MEGF6	0.3546849661287273
ZNF436	FUCA1	0.35467087248641954
ZBTB40	ALG6	0.3546601964154326
ZBTB48	EFHD2	0.3545771935930848
ZNF362	TIE1	0.3545321116157546
ZNF436	SNRNP40	0.35434015043041645
ZSCAN20	ATG4C	0.3542493963626318
HIVEP3	HP1BP3	0.35424394572552054
MTF1	ATAD3C	0.35424389513401033
ZNF684	RNF19B	0.35405869206751883
FOXJ3	FAAP20	0.35404752206447965
SCMH1	CEP85	0.3540351318113097
FOXJ3	MTOR	0.35403291906064194
DMAP1	MEAF6	0.35403035645283326
FOXJ3	UBE4B	0.3539524890300161
NFIA	SNIP1	0.3539442004764582
HES5	CLSTN1	0.3539132984441388
HES5	PSMB2	0.3538954846267043
LUZP1	MACO1	0.3538557125385287
GMEB1	ATP6V0B	0.3538499188817521
ZCCHC17	KIF1B	0.35382884525360847
NFYC	CASZ1	0.353803697595898
ZFP69B	SNIP1	0.35365322018956347
ZNF436	TCEA3	0.35361209293821
MORN1	SLC45A1	0.35358175559137905
GMEB1	HDAC1	0.35357698811219834
YBX1	AL512408.1	0.35352687376724756
HDAC1	LRRC42	0.35350728259650793
HES5	AL136985.3	0.35339410605551863
ZNF436	TMEM39B	0.3533525068595936
HP1BP3	RNF220	0.35333992700077616
ZNF436	ARID1A	0.3532906190884514
SSBP3	RHBDL2	0.35328182355136567
MAGOH	TRIM62	0.35322982330362973
FOXJ3	PEF1	0.353176046332897
HES4	S100PBP	0.35310108479999003
RUNX3	PEX14	0.35307005357938986
DMAP1	DNAJC8	0.3529789430774435
ZNF684	ATP5IF1	0.3529468744488412
RLF	SH3BGRL3	0.3529106346078844
NOC2L	TAL1	0.35286108769194474
LUZP1	UBXN11	0.3527882984175621
RLF	MTOR	0.35264968949826164
HES4	NBL1	0.35264172247387604
PRDM16	CEP85	0.35257411851119963
ZNF691	C1orf167	0.3524510209811539
SCMH1	DFFB	0.35239663449977787
FOXJ3	FHAD1	0.35237469779711517
SMAP2	EXOSC10	0.3523205320672164
VAMP3	ZNF691	0.35227903437827734
HDAC1	RERE-AS1	0.35221162423605623
NFIA	FNDC5	0.3521382993680129
LUZP1	Z97987.1	0.3520646809289785
ZBTB40	ZNF593	0.3519037999475315
VAMP3	AL606491.1	0.35186810074539515
HDAC1	HES5	0.3518020230248725
HDAC1	LEPROT	0.3517564737446414
HP1BP3	PPT1	0.35173064178098895
YBX1	LRP8	0.3517222771738076
TAL1	TENT5B	0.35167038353984564
CPTP	MICOS10	0.3516005418383546
ENO1	TXLNA	0.35159068284485767
RLF	EIF3I	0.3515330083813994
HP1BP3	PRDM2	0.35148816062073523
ZBTB48	PLA2G5	0.35129799732729955
PRDM16	PLPP3	0.35129684288679985
RLF	ATG4C	0.35121745838564833
ZCCHC17	TNFRSF18	0.35117472214958395
PRDM16	LDLRAP1	0.35106895844553804
HES4	CYP4B1	0.3510621897276382
SFPQ	TRAPPC3	0.35101583955039956
ZNF684	PEX14	0.35095682079407187
RUNX3	FBXO2	0.3508720418504357
FOXJ3	LINC01770	0.35086689625920514
SSBP3	CDA	0.35084756436326986
RLF	PLOD1	0.35079841592018507
ZCCHC17	AKR7A2	0.350717662081307
MORN1	PATJ	0.3506863742829124
RLF	LINC01128	0.350675404279572
SFPQ	HOOK1	0.35063344256871676
HEYL	TRIM62	0.3505890330048689
NFYC	AGO3	0.3505685382222801
FOXD3	HES4	0.3503765354869431
RLF	CLCN6	0.3503422584108712
NFIA	AL139220.2	0.35032368479761206
FOXO6	SERINC2	0.3500986330384921
NOC2L	AL606760.3	0.34995521447024375
SFPQ	YIPF1	0.34994548395655767
MAGOH	RCAN3	0.3498695679694326
FOXJ3	TMEM50A	0.3498210713826209
AKR1A1	THAP3	0.34981645322024957
ZBTB17	ALPL	0.34961708615531917
LUZP1	RSRP1	0.349588818629065
POU3F1	AC119674.1	0.3495854557916114
LUZP1	AL121992.1	0.34953408328622365
HEYL	KIAA2013	0.34945046137144037
SMAP2	ZMPSTE24	0.3493705744996154
NFYC	FOXD2	0.3493397265778767
NFIA	CROCC	0.349323215245165
NOC2L	BX284668.6	0.3491158538441897
SFPQ	MUL1	0.34904826900665203
HDAC1	ENO1	0.34903147003724344
ASAP3	DNAJC8	0.3488879135517986
CPTP	ARHGEF19	0.34888762162542436
HP1BP3	RHD	0.3488250512129011
VAMP3	PPIE	0.34875999961488613
ZBTB17	MANEAL	0.3486828834122047
SSBP3	PIK3R3	0.34867948436991086
ZCCHC17	AL450043.1	0.3486448900183253
VAMP3	DISP3	0.34857977413796215
ENO1	IPO13	0.34849188883229887
HES4	DOCK7	0.3484797326228299
ZCCHC17	PTAFR	0.3483149455639844
HDAC1	CDC42-AS1	0.34825676995079524
HDAC1	NMNAT1	0.34812681121329403
ZNF362	TMEM50A	0.34809458115215347
GMEB1	ATP5IF1	0.3480808791377863
ZBTB40	TOE1	0.3479443540643963
ZNF436	ARHGEF16	0.34793167047677825
YBX1	MATN1	0.34767973849616746
RLF	CALML6	0.34767954238874643
SSBP3	UROD	0.34719637978638823
AKR1A1	ZNF593	0.3471266106590073
JUN	AGO1	0.347103042769816
FOXD3	FBLIM1	0.3470831595573236
MTF1	LDLRAD2	0.34703503963011584
JUN	LNCTAM34A	0.3470049132428822
CPTP	AKR7A2	0.3467407535575649
ZFP69B	ARHGEF16	0.34673150336456876
RLF	CTPS1	0.34672498068014795
HIVEP3	HNRNPR	0.34665130952627504
VAMP3	H6PD	0.3464637422500452
KDM4A	HDAC1	0.3464156381740408
SMAP2	AL121992.1	0.3462746854346166
ZBTB48	AL606491.1	0.34626549993705424
CPTP	STPG1	0.34621193612468343
ENO1	LINC01635	0.34611003213383856
NOC2L	ARID1A	0.34603195502325457
HES4	MACO1	0.3459674361289224
SFPQ	L1TD1	0.34592861864647406
ENO1	MRPL37	0.3459144218688616
SCMH1	CAP1	0.3458933078897101
ZNF691	RCC2	0.3457617884272429
CPTP	ZBTB48	0.3457339087281294
DMAP1	TMEM53	0.34572648924805277
ZCCHC17	EPS15	0.3456752987342831
ZBTB40	AL450998.2	0.3456708746047057
AKR1A1	MRTO4	0.34564777878243713
MAGOH	AZIN2	0.3455247199076555
POU3F1	LCK	0.3454669828500466
ZFP69B	ZDHHC18	0.34544501455600696
SSBP3	SHISAL2A	0.3453707664434734
ZSCAN20	NADK	0.3453620189244554
ZNF436	WDR78	0.3452309887046944
POU3F1	TSPAN1	0.34509077952116113
HES5	TACSTD2	0.34491599195711303
ZFP69B	LDLRAD2	0.344884898545159
MTF1	FBXO42	0.344794577246232
ZNF362	EFCAB7	0.3446303175052971
SFPQ	KIF1B	0.34460930521323174
MTF1	ZNF691	0.3445824952101545
CPTP	S100PBP	0.34453892935159663
HES4	FAM41C	0.3445317325112932
HP1BP3	PPCS	0.34446740140478854
ENO1	AGRN	0.34442184665182146
HP1BP3	TNFRSF1B	0.3443076309222248
SFPQ	SDHB	0.34426800313467604
DMAP1	CDK11A	0.3442260264353328
PRDM16	PPT1	0.3442120211915936
ZCCHC17	ZBTB40	0.34419281082029635
HES4	ZNF436-AS1	0.3441372235265225
LUZP1	SNRNP40	0.34403233231682706
PRDM16	CASZ1	0.343675618175887
ZBTB40	AL606760.2	0.34360827042843434
ZCCHC17	USP48	0.34355875792636836
ZBTB48	FCN3	0.3434467684613393
HP1BP3	TRNP1	0.34340962083106985
HES5	RPA2	0.34339306193093555
SFPQ	MYCL	0.3433427748360949
RUNX3	PLK3	0.3433204216235294
ZNF684	AL139424.3	0.343314994792894
ASAP3	AL645728.1	0.3433069859868329
TAL1	PAFAH2	0.34328673436057927
AKR1A1	C1orf122	0.3432798980836161
NFIA	CELA2B	0.3431017883215092
ZNF362	MTHFR	0.3428890421082245
HES4	RPA2	0.3428415884871339
SSBP3	USP48	0.34268574469524227
AGMAT	PIGV	0.3426381610702517
RLF	MICOS10	0.3425935724266326
MORN1	OMA1	0.342509948389095
RLF	ZNF436	0.3424283539930211
CPTP	FO704657.1	0.34231428263128416
SMAP2	AL139220.2	0.34216687183608346
AKR1A1	TMEM234	0.34206881196754757
SFPQ	MRTO4	0.3419980160764351
MYCL	DDOST	0.34190648979600985
FOXJ3	DFFA	0.341779657109328
ZSCAN20	STX12	0.34169851193720024
FOXD3	GNL2	0.3414805988254927
HES4	AGTRAP	0.3414042035361658
ZNF691	LINC01562	0.3413562545483285
ZFP69	SLC2A1	0.3412715126495754
SFPQ	PEX14	0.34127077751609425
HES5	TXNDC12	0.34122297255702855
NFIA	AL139260.1	0.34120850533884794
MORN1	LINC00115	0.3411352046280614
ZFP69B	FAM41C	0.3411245059864218
NOC2L	LAPTM5	0.34111856197623713
MORN1	AK4	0.3411032909548416
VAMP3	MAN1C1	0.3409967530376061
NFIA	CTPS1	0.34097221257485205
HES5	CTPS1	0.34093977408535503
HES5	STMN1	0.34086641793920586
ZFP69	MACF1	0.3407581526504892
HDAC1	MAN1C1	0.34067428203729433
HIVEP3	SELENON	0.34063604857387275
SSBP3	TCEA3	0.340547901026751
EXO5	HIVEP3	0.3404512482598796
MAGOH	CALML6	0.3403842762990168
HDAC1	PRKCZ-AS1	0.34021831550714277
HDAC1	HPCAL4	0.3401554291987714
ZBTB17	ATG4C	0.34004707868879874
KDM4A	CAPZB	0.34001891139798623
SMAP2	PRPF38A	0.3399749119596173
ENO1	LEPR	0.33997367461401895
FOXO6	OMA1	0.33995174160161495
HIVEP3	AK4	0.33994156041807994
AKR1A1	ICMT	0.3398663889211375
NFIA	GPR3	0.33985928602974874
ENO1	PINK1-AS	0.339708819683182
SFPQ	BTBD19	0.3396670943822816
VAMP3	MFN2	0.33965600808707525
VAMP3	ZMPSTE24	0.3396177154447761
ZCCHC17	ATAD3A	0.339552140154501
MAGOH	LNCTAM34A	0.3394521156438885
TAL1	CLIC4	0.33942664109402265
HDAC1	SRM	0.33939508045875116
JUN	AHDC1	0.3393345008471798
ZCCHC17	TRAPPC3	0.33933369452564205
ENO1	GPX7	0.33928840340675304
ZNF362	MTFR1L	0.33925132248666745
LUZP1	AC119800.1	0.3390425493141892
NFYC	BSDC1	0.33904156150591563
ENO1	HSPG2	0.3390320195532839
ENO1	NADK	0.3390162922213984
ZNF436	RAVER2	0.33900486309178807
RLF	FBLIM1	0.33890917212614197
MAGOH	AL139260.1	0.3388322407497666
HP1BP3	LAPTM5	0.3388224294167048
NFYC	RLF	0.3387886705479209
TAL1	DFFB	0.33878574204513484
HES4	SLC35E2B	0.3387501138871983
ZBTB17	LINC02812	0.3387378183073624
TAL1	PDE4B	0.3387223402479472
MAGOH	UBR4	0.3387104136672505
PRDM16	DHCR24	0.33869399449953863
SCMH1	LINC01226	0.33867564805989675
POU3F1	TMEM234	0.3386122402712384
ENO1	P3H1	0.33859899981151376
MORN1	ACOT7	0.3385535444351257
HES4	AL606760.2	0.3384637625656468
SSBP3	OTUD3	0.3383633571811656
ZNF436	ZNF436-AS1	0.33833235521556954
RUNX3	MORN1	0.33831412111604536
FOXJ3	ZNF436-AS1	0.33815967247516127
ASAP3	FUCA1	0.3381468591669079
FOXD2	TXLNA	0.33806133147317413
PRDM16	SMIM12	0.3379524556698147
KDM4A	RER1	0.3379120734020757
GMEB1	AL450998.2	0.3378775217994305
NFIA	FAM43B	0.3378407756141533
ZNF436	SLC66A1	0.33781305158316016
HES4	PEX14	0.33772237818281886
SMAP2	CROCC	0.3375963462652388
LUZP1	AL136985.3	0.3375476758681511
LUZP1	PRKCZ	0.33752198002452
PRDM16	MEAF6	0.3374666796973989
LUZP1	SLC35D1	0.3373678344260968
HES4	NPHP4	0.3371981639396156
ENO1	KCNAB2	0.337079920302498
LUZP1	PANK4	0.33705626809062667
HP1BP3	PGM1	0.3370501965407442
ZNF362	SNRNP40	0.33699240769270217
SFPQ	AL627309.1	0.33694647133601163
FOXJ3	PRPF38A	0.33691670190272427
MORN1	AL021155.5	0.3368499077468863
ZCCHC17	IPP	0.33683203114713817
MAGOH	TNFRSF18	0.3368277158847342
ZNF436	INTS11	0.3368086977165796
DMAP1	SSU72	0.3367979581000314
LUZP1	DPH2	0.336770451071012
NFYC	HMGN2	0.3367562349834523
MAGOH	MICOS10	0.33670144649400385
CPTP	CCDC28B	0.33668153908719356
ZNF362	HES5	0.33661823943958236
SSBP3	AL358075.1	0.336538151592032
RLF	TMEM222	0.33647713272027296
MAGOH	AGO1	0.3364770576408574
RUNX3	AL512408.1	0.33642187390002126
MORN1	TMEM234	0.33636822668680305
MYCL	NIPAL3	0.33625874403446737
HES4	CCDC28B	0.33623437251455446
FOXJ3	MICOS10	0.3361251176010097
FOXJ3	H6PD	0.3358414413132348
HES4	CNKSR1	0.33583825217343444
FOXJ3	PIK3CD	0.3358064898742307
POU3F1	LZIC	0.3358056616183182
FOXJ3	NASP	0.3356987881619253
RLF	TMEM51	0.33562773182668804
SSBP3	PABPC4-AS1	0.33559960065186134
NOC2L	ERMAP	0.33550486294345805
SCMH1	ZC3H12A	0.33549389250929423
ZSCAN20	CTNNBIP1	0.3354690834318601
VAMP3	AL161644.1	0.3354636530891046
ENO1	SLC2A1-AS1	0.33542911760874883
YBX1	AGRN	0.3354175511223598
HES5	KDM1A	0.33539497249859884
HEYL	MARCKSL1	0.3353406593140124
ZBTB40	DHDDS	0.3353239357383143
AKR1A1	AL359881.2	0.33531452196511174
SMAP2	AL627309.5	0.33521132877647597
HES4	CEP85	0.33520275224365886
YBX1	CRYBG2	0.3351722805028043
NFIA	AL020997.2	0.33507326488652794
NFYC	AL031280.1	0.33506036050979815
ENO1	SMAP2	0.33492930901593554
ZNF362	LUZP1	0.3349069703226714
ZBTB40	USP24	0.33487499201089516
SFPQ	AL139260.1	0.3348652340609934
JUN	ZNF436-AS1	0.33459785356618743
ZCCHC17	LINC01767	0.3345235295592055
ZFP69	DNAJC8	0.334504569765253
RLF	ACOT7	0.3343879479157611
DMAP1	RNF207	0.3343540664811072
ZBTB17	LINC01128	0.3343160197413382
ASAP3	NIPAL3	0.3342395325248258
NFYC	AL021154.1	0.33420381042823216
AKR1A1	HP1BP3	0.33420148369219604
FOXJ3	LUZP1	0.33417578528014424
SSBP3	LDLRAP1	0.33415716233773674
AKR1A1	PODN	0.33410154070247744
E2F2	CLSPN	0.33396784213710123
ZNF436	ALG6	0.33396602085928956
HES4	CAMTA1	0.33391661354757196
ZBTB40	UBE4B	0.33382115849345134
ZNF684	SSU72	0.333818902382619
ZNF436	KANK4	0.33380013726158997
FOXD2	RNF11	0.3337878591827488
ZBTB17	SNHG12	0.333761832184901
HES4	AL606491.1	0.33375158044259334
RUNX3	FGGY	0.33366859222240713
HES4	AL139246.5	0.3336344278542689
VAMP3	YARS	0.3336100075017532
DMAP1	HPCA	0.33357592848478
GMEB1	PTAFR	0.3335325301507525
SMAP2	AC093151.8	0.3334725118635076
EXO5	MRPS15	0.3334152389337992
DMRTA2	LYPLA2	0.33326472513384064
CPTP	ZFYVE9	0.3332148410204636
ZCCHC17	CCDC17	0.33303067512321216
JUN	STIL	0.33291881267356593
MAGOH	DLEU2L	0.3328658630764079
ZBTB17	KLHL21	0.33276556168541144
HES5	TMEM234	0.3327627056720318
ZBTB48	IFFO2	0.3327545659790742
HP1BP3	MTOR	0.33271650763502403
LUZP1	TRAPPC3	0.33269546968034297
FOXJ3	HYI	0.3326867338073579
ENO1	VAMP3	0.3326771446745101
AKR1A1	ENO1	0.3326705971330697
RLF	NRDC	0.3326354712808273
GMEB1	TMEM35B	0.3326235373599719
MTF1	SMIM1	0.3326234315998313
RLF	COL8A2	0.332512646818693
ENO1	RNF19B	0.33246855145037396
ZNF362	ARID1A	0.3323177056645434
RLF	ARTN	0.33216637352740025
KDM4A	ZNF436	0.3321633990651484
ZCCHC17	ENO1	0.33212048019370094
E2F2	RPS6KA1	0.3321139587321854
ZBTB48	ZYG11B	0.33210029032120036
LUZP1	FHAD1	0.3320985026965473
NOC2L	NDC1	0.33207890560724224
MTF1	MAGOH	0.33197249915284505
HIVEP3	LCK	0.33196787400418787
KDM4A	DOCK7	0.3319663484307601
CPTP	CDCA8	0.3319233515851915
ZCCHC17	ISG15	0.331899896726634
HES5	STIL	0.3317420850971443
HEYL	CCDC28B	0.33164988483173785
HIVEP3	TMEM234	0.33159501078431614
HEYL	TMEM234	0.3315945072558128
PRDM16	HP1BP3	0.331578349654539
ENO1	KIAA0319L	0.33151548007747356
HIVEP3	TAF12	0.331458298090349
ZNF436	CITED4	0.33132023391146553
DMAP1	TTC34	0.33127509781726067
ZBTB48	COL8A2	0.3312708532084838
VAMP3	RCC2	0.33112897165979654
SMAP2	AGO1	0.3311055681634195
ZNF362	NUDC	0.3310432423167994
SMAP2	LNCTAM34A	0.331016391925253
NFIA	RCC2	0.33097074451338204
SSBP3	INTS11	0.33094292670905023
VAMP3	AL513327.1	0.3308551559137385
HES5	SPEN	0.3308326941529594
FOXJ3	USP24	0.3307576474972955
GMEB1	MRPL37	0.3306998334909446
HES4	MTOR	0.3306905957520615
CPTP	AL645728.1	0.33048178659460303
ZBTB40	HES4	0.330474681904564
HES5	ZMYM1	0.3303539293653878
NFYC	ZNF593	0.33033082029999133
FOXJ3	GPATCH3	0.33032300258481895
RLF	MED18	0.33032251683499664
ZBTB48	MED8	0.3303217856010791
ZNF684	UBIAD1	0.3303192678675794
MYCL	MTHFR	0.3303121145953933
YBX1	TCEA3	0.33030283007017963
KDM4A	SLC2A1-AS1	0.330227192126051
HEYL	FBLIM1	0.33012863375434004
HES4	AZIN2	0.33011773559643703
HIVEP3	ATP5IF1	0.3300176113055751
NFYC	SESN2	0.3300128571952598
POU3F1	AL627309.1	0.32991280690313474
ENO1	AL139260.1	0.3297430939572151
VAMP3	ZNF436-AS1	0.32970255386632175
MAGOH	ARHGEF16	0.32952741720072515
HES4	PTAFR	0.3293893569900982
ENO1	LINC01128	0.3292154146829396
CPTP	HES5	0.32917011227428544
LUZP1	MORN1	0.32916457690593937
MAGOH	DAB1	0.32911097856010196
DMAP1	TMEM39B	0.3290811615348798
MAGOH	LDLRAD2	0.3289755167342997
GMEB1	RAVER2	0.32889526478482983
YBX1	PARK7	0.32881466824707334
NOC2L	ALDH4A1	0.32878349878775015
YBX1	CTNNBIP1	0.3286525250962889
DMAP1	MRPS15	0.32859693792578476
ZNF691	FBXO6	0.32848042121262083
HIVEP3	CLIC4	0.3284643099640016
SSBP3	AC114488.1	0.3284035795337952
HEYL	PITHD1	0.32834980485870846
KDM4A	HES5	0.3283278689486754
ENO1	ZMYND12	0.32832275471173245
HES4	TMEM53	0.3282976149832086
HIVEP3	IPO13	0.3282754950921852
HP1BP3	KDM4A	0.3282466906419227
HDAC1	RPL11	0.3282411625740915
MTF1	PITHD1	0.32814864905018376
ZNF684	NECAP2	0.32809373098791617
HES4	CAPZB	0.3280543141204184
AGMAT	SPSB1	0.3278586680918756
AKR1A1	STIL	0.32776715082577246
AKR1A1	USP1	0.32767120258123306
VAMP3	CCNL2	0.3275499640372839
SMAP2	SMPDL3B	0.3274959998926136
NFIA	ATAD3B	0.3274352965432579
YBX1	ATP13A2	0.32737276083121053
HES4	CDA	0.3273572850383694
DMAP1	PEX10	0.3272812480297672
CPTP	RER1	0.3272492416860696
SFPQ	VPS13D	0.32714738984598535
SSBP3	ARID1A	0.32710934065214475
SSBP3	PSMB2	0.32704096861861626
RLF	AL031848.2	0.3270128736166295
PRDM16	PDIK1L	0.3269558993854372
YBX1	FBXO2	0.3269296486849145
MAGOH	AL357079.1	0.3268829424451155
JUN	EPHB2	0.3268466104653886
MAGOH	RPL11	0.3268044275872259
ZCCHC17	ECHDC2	0.3267651265023172
JUN	LINC01409	0.3266428682977945
HDAC1	MTOR	0.32663610810042665
SMAP2	UQCRH	0.32663524091615637
AKR1A1	PER3	0.3266333942958308
HES5	SLC9A1	0.3265795725605454
RUNX3	AL020996.1	0.3265720432298491
NFYC	CC2D1B	0.3265255600929572
JUN	CA6	0.32634503103645485
RLF	FBXO42	0.32625006895296293
VAMP3	POMGNT1	0.32612643958018633
ENO1	FBXO42	0.326099192548966
HES5	ECE1	0.3259688602496668
ZBTB17	ATP5IF1	0.325956260198801
PRKAA2	TMEM51-AS1	0.3257600190819888
GMEB1	ACOT11	0.3257480636495264
LUZP1	ZCCHC17	0.32574465238306594
ZBTB17	PLEKHG5	0.32569478072103086
YBX1	EPHA2	0.32568191526948587
ENO1	LZIC	0.325612216736431
NFYC	SRM	0.32549624185859566
HIVEP3	COL8A2	0.32529675593306273
ZCCHC17	AL391244.2	0.3252495810898675
SFPQ	BEND5	0.32520577118074884
MTF1	DNAJC8	0.3248887837480312
VAMP3	ENO1-AS1	0.3248359618736337
HP1BP3	PEX14	0.32483336744625063
ZBTB48	ZCCHC17	0.32479893953495015
AKR1A1	ITGB3BP	0.32463535073709626
VAMP3	IQCC	0.3245914959111242
ZCCHC17	LSM10	0.32457986951554124
PRDM16	WDTC1	0.3245109436857166
YBX1	FAF1	0.3244394624084732
ZNF362	FHL3	0.32429432469433167
ZSCAN20	RHBDL2	0.3242941983645269
ZFP69B	CITED4	0.3242643781083179
ZBTB40	TXNDC12	0.3242583748669765
ENO1	FBXO2	0.3241933882362426
RLF	PPP1R8	0.32410310592835845
ASAP3	PIK3R3	0.3240696426610265
YBX1	CDA	0.3240552928017161
ZBTB17	DISP3	0.3240393393450822
SFPQ	FOXD2-AS1	0.32399416669657555
ENO1	AL031432.3	0.32388024451676445
CPTP	RPL22	0.3238147008853631
SSBP3	C1orf216	0.3237769493094541
SSBP3	TXLNA	0.3237668949042006
TAL1	RNF11	0.32372475405906215
MTF1	SERINC2	0.3236296574749946
YBX1	MED8	0.32353432561786627
GMEB1	AL031432.3	0.32353313833977376
ZCCHC17	ZYG11B	0.3235192789856534
NFYC	SCP2	0.3234418546083293
JUN	MMACHC	0.3234062652212551
ZCCHC17	CDA	0.32333443351895264
HP1BP3	CDKN2C	0.323177935593937
MAGOH	MFSD2A	0.32309367071313233
GMEB1	DFFA	0.3227842869874559
FOXJ3	TRAPPC3	0.3227833107870782
RLF	ATPAF1	0.32275835889650145
LUZP1	AL604028.1	0.32274762142895524
GMEB1	PLPP3	0.32272180363440317
ENO1	EPHA2	0.3226843544787533
HP1BP3	HIVEP3	0.32267949987079125
NFIA	USP1	0.32263038537931543
ZFP69B	MAP7D1	0.3225732009968782
HDAC1	UTS2	0.32256765105576857
PRDM16	DVL1	0.3224899322954976
DMAP1	EBNA1BP2	0.3224734399213695
NFYC	CCDC163	0.3224470211588728
ZNF362	ZBTB8A	0.32236863106228747
TAL1	PARK7	0.3223430967084309
RLF	HPDL	0.32231526216918505
ZNF436	S100PBP	0.3223114266749022
CPTP	MEAF6	0.3223103274560146
CPTP	GJA4	0.32228298739606015
MYCL	KLHL21	0.3222306893488881
SSBP3	DFFA	0.3222162846181102
ENO1	MED8	0.3220922818036914
PRDM16	EMC1	0.3219560961562879
HP1BP3	DISP3	0.32184335150008914
HP1BP3	DNAJC8	0.3218009463699753
HES5	PITHD1	0.3217052460952329
NOC2L	PLEKHM2	0.321640372270714
MORN1	SCMH1	0.3215721821764302
YBX1	AL627309.5	0.3215112445302116
DMAP1	RCC1	0.32148172071559566
AKR1A1	SPATA6	0.3213959551877933
HDAC1	RPL22	0.321178658202792
ZNF436	CDA	0.32116570874685396
ZBTB17	ZCCHC17	0.32112226399506844
LUZP1	LDLRAP1	0.3211126891234351
VAMP3	ADPRHL2	0.3210536037865754
NFYC	PLEKHN1	0.3210282998735027
SFPQ	DLEU2L	0.3209498933278309
ZNF436	RER1	0.3209490103764847
RUNX3	SELENON	0.3208990142764799
NOC2L	ATP5IF1	0.3208333623189896
HDAC1	TNFRSF4	0.32082857496341205
FOXJ3	TENT5B	0.3208125069971427
ENO1	FAM76A	0.3206592255905647
ZBTB17	MOB3C	0.32059814653489604
SSBP3	RCC2	0.32046770291751353
ZCCHC17	TCEA3	0.3202872568760342
ZNF436	SRRM1	0.32028566782119294
ZBTB17	TACSTD2	0.3202487865464913
AGMAT	DDOST	0.32012970501270194
FOXJ3	LINC01128	0.3200819605815947
RUNX3	KAZN	0.3200275077022456
MTF1	PIK3CD-AS2	0.3200243636448974
RUNX3	EPHA2	0.3199842450073912
TAL1	S100PBP	0.3199232515012063
MYCL	NDUFS5	0.31986783275647035
ZNF691	RBP7	0.31986617987199695
HES4	DHRS3	0.31982184727553425
POU3F1	SPATA6	0.31980055389916806
RUNX3	ACOT7	0.31979683505092926
FOXD2	TTC34	0.31977413355571027
JUN	SPEN	0.3197294943280953
MAGOH	VAMP3	0.3197243893326544
RLF	AKR7A3	0.31971844006735617
ZCCHC17	TNFRSF4	0.319676656477056
SSBP3	AL450998.2	0.31963261563153844
TAL1	ERRFI1	0.31961360318709037
FOXJ3	FBXO6	0.3194909701219793
RLF	AC254633.1	0.31944227897544364
HP1BP3	PLK3	0.3193627132086322
ZBTB40	RCAN3	0.3191702390304921
E2F2	ZMYM6	0.31913256030516624
RUNX3	SLC35E2B	0.31900669392735076
HES4	IFFO2	0.31899993143586297
ENO1	CACHD1	0.31878558198837736
ZBTB48	SNHG12	0.31876034582578455
LUZP1	AL109936.2	0.3187163864911199
ZBTB17	SKI	0.3187024907642312
SFPQ	SLC9A1	0.31862370335287427
HDAC1	AKIRIN1	0.31858966003663824
ZCCHC17	AKR7A3	0.31852788638353635
ZBTB17	MICOS10	0.3184778334944295
ENO1	NASP	0.3184764826178534
NFYC	ZNF436	0.3183245205109793
POU3F1	LINC00115	0.31832044339560567
HIVEP3	MATN1-AS1	0.31830957731032355
TAL1	FGR	0.3183002527114534
SCMH1	ISG15	0.31827840405587005
GMEB1	AL031005.1	0.3182374484746988
MAGOH	PEX14	0.3181204643602018
LUZP1	AL020997.5	0.318112171153428
CPTP	IQCC	0.31805463034889614
FOXJ3	FHL3	0.31802422898060845
MAGOH	AL590822.2	0.3179932047724056
DMAP1	RCAN3	0.31794457407850696
SMAP2	AL645608.7	0.31780046737822565
VAMP3	PRDM16	0.3177482919545166
HP1BP3	CD52	0.31772729895133917
HES5	GALE	0.31766500900105166
ENO1	MDS2	0.3175354514676077
LUZP1	CDK11A	0.3174891668230921
ZBTB48	SRRM1	0.3173852792313979
KDM4A	LINC02606	0.31732514582954496
MAGOH	CDC42-IT1	0.3173015894641929
RLF	TCEA3	0.31728153436026574
HP1BP3	MFN2	0.3169968949457384
AGMAT	PLK3	0.3168630243931973
TAL1	LAPTM5	0.31684580319652245
MTF1	HIVEP3	0.3168392498670953
YBX1	LUZP1	0.3166222263022192
SSBP3	ATG4C	0.31660846978460927
DMAP1	HCRTR1	0.3165246956592112
YBX1	PABPC4-AS1	0.3165208085871163
HP1BP3	MUTYH	0.31646236523022814
HES5	CAPZB	0.31641409311985236
ZCCHC17	TPRG1L	0.3163170772093148
NOC2L	PANK4	0.3162036605165952
MAGOH	AL805961.1	0.3161689189641284
RUNX3	TCEA3	0.31596661458171255
RLF	AL136985.3	0.3159217646762821
ZCCHC17	MAP7D1	0.31584457087658646
PRKAA2	SNIP1	0.31581927778377833
ENO1	DOCK7	0.3158125002438222
AKR1A1	SMPDL3B	0.3157446030886833
HDAC1	OXCT2	0.3156271157873207
ENO1	SKI	0.3156094424259348
PRKAA2	COL16A1	0.3155789503059155
HP1BP3	CAMK2N1	0.3155059570577487
TAL1	MAN1C1	0.31550140322082254
SSBP3	AGMAT	0.31543407384430056
NFYC	H6PD	0.3154232727296137
FOXJ3	RBBP4	0.3154102718858885
SCMH1	ELOA-AS1	0.3153517870731333
HIVEP3	AL606491.1	0.3153300936093723
KDM4A	STX12	0.3153037532438544
HDAC1	EFHD2	0.31530246011459695
ZBTB17	ZNF691	0.3152981880153189
NOC2L	TESK2	0.3152764757192884
ZCCHC17	STK40	0.3152401607529385
DMAP1	NBPF1	0.3152327460276862
SCMH1	CNR2	0.31518959840911914
HP1BP3	LINC01409	0.3151224792743647
NFIA	CPT2	0.31511788956107406
ZBTB40	TCTEX1D1	0.3151130250368188
SFPQ	AL031728.1	0.31497691890731366
SSBP3	ZMYM6	0.31497102879418615
ZCCHC17	USP1	0.3149321785350116
VAMP3	PNRC2	0.3148749607803329
ZNF684	ICMT	0.31482446385250434
ZBTB48	AL512353.1	0.31478955141988374
HDAC1	ZSWIM5	0.31474226588750803
ZSCAN20	AL360012.1	0.3147284987478399
SSBP3	ZBTB40	0.31462587859483404
ZBTB48	RERE	0.3145062302438497
VAMP3	RSRP1	0.3144816793498421
JUN	BTBD19	0.3144267200889437
ZBTB40	KIAA2013	0.3144237148695783
ZBTB40	SRSF10	0.31439003202128385
SCMH1	NFYC	0.31431981162392786
AKR1A1	THRAP3	0.31431009153071315
RUNX3	NBL1	0.31424769269781816
HDAC1	JUN	0.3141982438893124
DMAP1	ALPL	0.31418848339703936
DMAP1	SMPDL3B	0.31408834617026793
GMEB1	SPEN	0.31400905463161244
VAMP3	DOCK7	0.31398436322375367
MTF1	ZNF362	0.3139126168787541
DMAP1	PRDM16-DT	0.31389919867676874
RUNX3	HP1BP3	0.3138981377277809
AGMAT	UBE2J2	0.31388589613898576
AKR1A1	TSPAN1	0.3138735074193049
HES4	RBP7	0.31380680348384093
ZNF362	ACOT7	0.3134741863941268
AKR1A1	PITHD1	0.31345651970051663
POU3F1	TAL1	0.3134462402263329
HP1BP3	MIB2	0.3134462004685163
MAGOH	SSU72	0.31335188983658646
DMAP1	NUDC	0.313191684502643
AKR1A1	AL050341.2	0.31318176912789936
SFPQ	BX284668.2	0.31299465280983585
HDAC1	LYPLA2	0.3129914623303397
VAMP3	TPRG1L	0.31292354168567865
ZBTB48	DDOST	0.31290578895418836
SFPQ	EIF2B3	0.3128652037573718
ZNF684	MIIP	0.31283504414465285
HES4	GPATCH3	0.31275262653794605
FOXD3	AK2	0.3127485754939566
POU3F1	NFIA	0.31272395467529784
RLF	ENO1-AS1	0.312677953623455
HP1BP3	FAF1	0.31266494776377124
ZBTB17	MYCBP	0.3126220281726508
SMAP2	AL031432.4	0.3126043005651057
MAGOH	ZBTB40	0.3125663085435138
ENO1	SLC45A1	0.31252885921911805
YBX1	COL8A2	0.31251785675413163
HES4	ZYG11B	0.31238504046166465
LUZP1	POMGNT1	0.31228347525945677
CPTP	ITGB3BP	0.3122079687815345
AKR1A1	LINC02606	0.31218899557525587
KDM4A	PRPF38A	0.31212384660414344
HDAC1	HMGCL	0.31210134189971017
RUNX3	ALG6	0.3120573481401174
ASAP3	DHCR24	0.3120416935652467
SMAP2	EXOSC10-AS1	0.3120247419420291
NOC2L	ZSCAN20	0.3120059860123041
ZNF684	SCMH1	0.3120046325218528
FOXJ3	KTI12	0.31198992195083236
FOXJ3	ALPL	0.3119376576425971
ZBTB48	HNRNPR	0.3118898193337844
PRKAA2	HECTD3	0.3118844137926276
MAGOH	FAM110D	0.3118742986228326
DMAP1	TM2D1	0.3118742782271345
SFPQ	TNFRSF14-AS1	0.3117781457426298
DMAP1	UBE2J2	0.31159359933071396
ASAP3	SMIM12	0.31154982267796144
POU3F1	PHC2	0.311537640166964
POU3F1	STK40	0.3115294775161629
RLF	KCNAB2	0.31150870703090094
ZFP69B	COL16A1	0.31146938763904586
HES4	AL139260.1	0.3114612152892993
ZNF436	SMIM12	0.31145420327974066
SFPQ	AL034417.3	0.3113967802071223
RUNX3	LINC01135	0.3113159678967185
HEYL	TRIT1	0.31104059647736676
GMEB1	PABPC4-AS1	0.31103498256560214
ZCCHC17	THEMIS2	0.31099141727640583
NFYC	AL031005.1	0.31096099852944603
HIVEP3	AL139289.2	0.31092044359716564
MAGOH	ANKRD65	0.3108879557659097
MTF1	CDK11B	0.31077077063700276
HP1BP3	CELA2A	0.3106761409132032
ZBTB17	AGRN	0.3106395396512054
ZCCHC17	PIK3CD	0.31059506676865245
ZBTB48	RLF	0.3103763330767249
AKR1A1	LRRC42	0.31033373310881124
NFIA	TTC4	0.3102556628632338
NOC2L	DDOST	0.31024835061840295
MTF1	AL031432.3	0.31020501443142073
ENO1	NBL1	0.31002085507630617
ZNF436	C1QTNF12	0.30993562513731826
FOXJ3	LEPR	0.3098615331157884
RLF	SHISAL2A	0.30984146672936774
JUN	TTC39A	0.30968084379950767
FOXJ3	PPT1	0.3095627722121415
ZNF684	SYTL1	0.30946497531498957
CPTP	DPH2	0.3094262768268513
NOC2L	AGMAT	0.30942483136995774
ZNF684	TMEM201	0.3093458697360367
GMEB1	PEX10	0.3093016519754594
HES4	TMEM50A	0.3092631048043718
AKR1A1	KDM4A	0.3092463526807146
AGMAT	SRM	0.3092212042428125
TP73	TCTEX1D1	0.30909908665008223
ZFP69B	SDHB	0.3090129653798381
ZNF362	EBNA1BP2	0.3090077011432944
HES5	RPL11	0.30899097271610126
GMEB1	MTF1	0.30888629456482114
YBX1	MATN1-AS1	0.3088710945313335
CPTP	AL031005.2	0.3088134986801658
MAGOH	RPS8	0.3088127301854836
POU3F1	PRDM16	0.308622472840573
AGMAT	LDLRAP1	0.3085995066223882
FOXJ3	AL360012.1	0.30854917322938086
ZBTB48	TTC34	0.30841718860718603
HES5	EXOSC10	0.308382700230625
ENO1	AL021154.1	0.3083750126521336
HIVEP3	FOXD2	0.30834143563218186
MAGOH	AL627309.5	0.3083353286150528
HP1BP3	PAQR7	0.30833487303319224
SFPQ	LINC01137	0.30831942478788793
ZBTB40	AL606760.3	0.3082497167706396
FOXD2	RER1	0.3081361470078008
AKR1A1	SVBP	0.30781721218602115
JUN	ATP5IF1	0.3077068832018245
HDAC1	RHBDL2	0.3077043236210932
NFYC	SLC30A2	0.30770119855618716
ENO1	MICOS10	0.3076465944294125
HDAC1	AZIN2	0.3076431960996625
HP1BP3	RCC1	0.30763650146233057
ZNF362	CPLANE2	0.3075185186549565
ZBTB17	UQCRH	0.30745079497818956
ZBTB17	SDF4	0.3072553304589877
NFYC	DNAJC8	0.30719659170772495
MAGOH	JUN	0.30712858324773257
HDAC1	PRKAA2	0.30710224672574227
SFPQ	MYCBP	0.3068402799003866
ZCCHC17	TMEM54	0.3068309133765283
NOC2L	MATN1	0.30681926983789365
RLF	AL360012.1	0.30674073965548326
ENO1	MACF1	0.3067387634238517
ZNF684	EPHA2	0.306704300011593
ZBTB40	BTF3L4	0.3066709801737016
NFIA	EFCAB7	0.3065645424742584
DMAP1	LUZP1	0.3065467724011935
VAMP3	CSMD2	0.30649013809949516
VAMP3	GPX7	0.306349043121076
GMEB1	PLEKHM2	0.306176660628405
ZBTB48	PSMB2	0.3060609510601274
CPTP	GMEB1	0.3059625056498026
LUZP1	SZRD1	0.3059420917906895
SCMH1	PTP4A2	0.30590454408183554
LUZP1	TOE1	0.3058483780311728
ZBTB17	NOC2L	0.3058436236268335
RUNX3	DRAXIN	0.3058090534245499
VAMP3	LCK	0.3057882946184909
HES5	SMIM1	0.30571613425945854
ZBTB40	NDC1	0.30560124070740124
HP1BP3	MIR4422HG	0.3055561362863264
PRDM16	IFI6	0.3055363488355545
SFPQ	NBL1	0.3055294935358266
FOXJ3	NCDN	0.30547596066778243
POU3F1	FAAP20	0.30536094197598257
HIVEP3	PUM1	0.3052960295579785
ZBTB17	MYCL	0.30527269274163743
RLF	PDE4B	0.30516947844382886
RUNX3	TMEM39B	0.30512494195630585
ASAP3	ERI3	0.30504863769362706
SFPQ	TMEM222	0.3050071688500074
SFPQ	C1QC	0.3049648732421341
ZCCHC17	HYI-AS1	0.30487346307224916
ZBTB17	FAM41C	0.3048721041373174
ZBTB40	SLC6A9	0.3047917903051885
TAL1	ACOT7	0.30458476871549967
SCMH1	MMP23B	0.3045472538096442
ZNF684	GJA9	0.30452105023307857
MAGOH	FAM87B	0.3044893872586905
MAGOH	SLC6A9	0.3044554203645502
NOC2L	NADK	0.30443219696269835
MAGOH	EPHB2	0.3044189769331751
VAMP3	FAM229A	0.3044067153796982
ZNF436	AGO3	0.30437431295466616
MAGOH	FBXO6	0.3043542115213029
MAGOH	UBXN11	0.3043186602685156
FOXJ3	HSPB11	0.30414325167857836
YBX1	CCDC24	0.30414308436660187
HES5	RNF11	0.3039820857689361
HES5	BX284668.6	0.30390157343149415
MAGOH	EXOSC10-AS1	0.3037680092677652
ZCCHC17	TRNAU1AP	0.3036952318509159
DMAP1	JUN	0.3035999198612954
HIVEP3	KIAA2013	0.3035923036715852
FOXO6	STK40	0.30351055132541666
HP1BP3	RCAN3	0.30342491543309974
KDM4A	BX284668.5	0.30334557394637257
RLF	TM2D1	0.30329751758977025
ENO1	PEX14	0.3032234167042984
ZBTB40	ACOT11	0.30312406526650504
NFYC	UBE4B	0.30308567164653133
NFYC	MAN1C1	0.3030848981671205
ZNF362	TSPAN1	0.30301255487565426
SFPQ	CLDN19	0.30292616194893707
GMEB1	ALPL	0.30288911349800185
ZFP69	UBE2J2	0.3028178497041007
ZNF684	KANK4	0.30274564040605956
ZSCAN20	TMCO4	0.3026093821104593
MAGOH	EPHA2	0.3024754208915998
HES4	MEGF6	0.30245768887802915
GMEB1	LDLRAP1	0.3023837269842122
ZBTB48	RHBDL2	0.30230523994143205
ENO1	AL450998.2	0.3022927136294545
AKR1A1	ISG15	0.3021772242984017
NOC2L	MFSD2A	0.30209945090480894
ZBTB40	CENPS	0.3020747375188678
NOC2L	DPH2	0.30196167856850953
HES4	LINC01137	0.30194794940907593
AKR1A1	CDC42	0.30193139094343197
ZFP69	KDM1A	0.3019154980817267
MAGOH	RPA2	0.3018915480153185
RLF	USP48	0.3018655682901066
AKR1A1	NMNAT1	0.3018513154151577
HP1BP3	EIF3I	0.30182888372785677
CPTP	ICMT	0.3017021079874955
ENO1	AL137857.1	0.3016905218910596
HIVEP3	STIL	0.30159261043214686
LUZP1	SH3BGRL3	0.30150669683155146
ZNF684	EFCAB14	0.301481524704626
MORN1	KPNA6	0.3014562572583812
SFPQ	SNRNP40	0.3014495569541081
FOXJ3	ELOA-AS1	0.3014291453305704
DMAP1	PIK3CD-AS2	0.3013420123712403
CPTP	C1orf122	0.30122099524660456
ZBTB17	PTCH2	0.30120730190662687
POU3F1	AL031005.2	0.301120391075769
HES4	PRXL2B	0.3010918316800461
ENO1	ERRFI1	0.30106889388499897
POU3F1	TNFRSF1B	0.30106147267940003
POU3F1	LSM10	0.30104926832281126
HES4	CEP104	0.3009763963370259
FOXO6	HES4	0.300958871994651
ZBTB40	ATP6V0B	0.30083338807897336
NFYC	PIK3CD	0.3007992793259067
POU3F1	PRDM2	0.30075134116923335
FOXJ3	PLPP3	0.30071596681620416
SSBP3	AL137857.1	0.3006764190728645
ZCCHC17	AC119800.1	0.3006388510144456
ZBTB17	PLEKHM2	0.30053672313736624
NOC2L	ZFP69	0.3005289920791329
ZNF362	ALPL	0.3005247391237268
RUNX3	AURKAIP1	0.3003942077972859
VAMP3	UBR4	0.30037846328503826
ASAP3	AL031280.1	0.3003513552166629
HP1BP3	TMEM125	0.3003446342904628
NFYC	DHRS3	0.3002466517114252
YBX1	C1orf174	0.30016446715775935
RUNX3	TCEANC2	0.3001553084504892
VAMP3	ERMAP	0.3000872093007839
FOXJ3	ALDH4A1	0.300086489685004
PRDM16	HES5	0.30003912765044466
KDM4A	UBIAD1	0.30003880694991986
ZNF436	KIAA0319L	0.3000180961448148
NOC2L	LZIC	0.30001689071007204
HES5	FOXJ3	0.2999928852823136
ZSCAN20	AL031848.2	0.2999439108595147
RUNX3	SCNN1D	0.29984451605503454
RUNX3	CCDC28B	0.29980322598112163
RLF	IFI6	0.2996854620856262
HES4	GPR157	0.2996773941691603
VAMP3	AL604028.1	0.29966792443491685
VAMP3	CEP85	0.29965024087347486
PRKAA2	HSPB7	0.29964781839608146
VAMP3	AL031432.3	0.29949543316427135
AKR1A1	AC114488.1	0.29948531780215576
ENO1	FOXJ3	0.29941156836589117
HES4	RERE-AS1	0.299336866607217
ENO1	ANKRD65	0.2992883406125032
ZBTB48	SGIP1	0.29928715327046107
MAGOH	RBBP4	0.29921082162242624
CPTP	C1orf174	0.29910514575325725
CPTP	DISP3	0.29909324148337335
NFIA	SH3D21	0.2990829436492276
GMEB1	ENO1	0.29901195001424946
RLF	SNRNP40	0.2989672144678421
SCMH1	PABPC4	0.29892382835000025
ZNF362	SCMH1	0.2989217505323206
AKR1A1	SLC66A1	0.2988987926744692
RUNX3	FOXD2	0.2988181974303655
GMEB1	RNF207	0.2987164479913074
TAL1	SMAP2	0.29860490809222856
SSBP3	HMGCL	0.2985174874762925
RUNX3	PIK3CD-AS2	0.29849806207789437
MAGOH	CLSTN1	0.29845974016406335
SFPQ	MICOS10	0.2984244590594476
JUN	FHL3	0.2983047816362204
DMAP1	MMEL1	0.29813218634953487
ZCCHC17	RHCE	0.29813068243856095
MAGOH	DHCR24	0.29811581325570224
ENO1	DMAP1	0.29808765752515815
NFIA	ISG15	0.29802644567320946
ENO1	GALE	0.2980113008441209
RUNX3	STIL	0.29797502232807993
ENO1	LURAP1	0.29791341994007176
RUNX3	DFFA	0.29787968970159945
SSBP3	ATP6V0B	0.29783826039159395
HES5	GPX7	0.2976790828361772
LUZP1	C1orf50	0.2976168809828867
NFIA	SLC45A1	0.29760237395372313
JUN	SRARP	0.29752266453922005
SSBP3	TMEM35B	0.29735369698441266
VAMP3	HIVEP3	0.2973435982698592
MORN1	TMEM200B	0.2973260271149447
KDM4A	CROCC	0.29728213789366764
HDAC1	ATP13A2	0.29726636291196773
NOC2L	UROD	0.29715236409335943
FOXO6	PEX10	0.2971285395055192
ZNF691	C1orf216	0.29708764133629145
SMAP2	BSDC1	0.29707613089426627
HES4	TSPAN1	0.297060368264475
NOC2L	TRIT1	0.29703456228209907
HES4	CDK11B	0.29687567440503415
ZBTB17	SLC1A7	0.2968585661463065
ZCCHC17	SZRD1	0.29685076804054983
NFYC	CLCN6	0.29678432342746697
NFYC	AC119677.1	0.29678143481167535
ASAP3	NECAP2	0.29672041688029904
ASAP3	NFIA	0.2967056649268926
VAMP3	RERE	0.2966656309072238
SFPQ	FGGY	0.29665363017386326
ASAP3	AL031005.1	0.2965434149031104
FOXJ3	SDHB	0.29653434152717706
ZBTB17	THRAP3	0.2963966248188551
HDAC1	PRDM2	0.29639363640069893
FOXJ3	SRSF4	0.2963905697636885
ZNF362	AURKAIP1	0.29637185771242874
PRDM16	PRPF38A	0.296365105902409
MTF1	SLC1A7	0.2963636451939278
HDAC1	GALE	0.29626685407529274
HES4	GPX7	0.29619287038112035
FOXJ3	LINC02812	0.2961871882992547
CPTP	IFI6	0.29614037683681005
HIVEP3	CAMTA1	0.2960976064766788
HP1BP3	TUT4	0.29606728224352563
ZBTB17	UBIAD1	0.29591021570907516
YBX1	LINC02606	0.29589077867734503
ZNF691	C1orf159	0.2958533144640213
ZBTB48	PLK3	0.2958291998968068
CPTP	SKI	0.29575736260805474
CPTP	NFYC	0.29566793208469744
SCMH1	DAB1	0.29537273252660196
HDAC1	HP1BP3	0.29535961504787545
EXO5	ATAD3C	0.2953277439718178
MTF1	KIAA0319L	0.2952985013876845
VAMP3	AL021155.5	0.29523280440894195
HES4	PINK1-AS	0.2952059195324188
ZNF691	FAF1	0.29520494088204635
RLF	AL031289.2	0.2951903990018098
DMRTA2	MED18	0.2951753149865581
TAL1	THAP3	0.29509157312487666
GMEB1	HNRNPR	0.29504601952492193
SSBP3	FO704657.1	0.2950238969687254
YBX1	PIK3R3	0.29502326616984886
ZCCHC17	OTUD3	0.29500176475140205
AKR1A1	LINC01767	0.294841194257245
ZCCHC17	EFHD2	0.29483385735441675
TFAP2E	SDHB	0.294758860823356
RLF	LAPTM5	0.2947454193944252
HP1BP3	CCDC24	0.29466212055821994
PRDM16	ZSWIM5	0.29461011776014107
HP1BP3	ZMYND12	0.2946085171943362
DMAP1	TAL1	0.2945018873510605
SFPQ	PLOD1	0.29449273464704717
CPTP	PDIK1L	0.2944761918257457
SMAP2	ERMAP	0.2944356707386295
ZFP69	ZDHHC18	0.294399005313488
YBX1	MAST2	0.29420592778388366
HES5	UROD	0.29420571648398447
HIVEP3	SLC2A1	0.2942029735848942
PRDM16	VPS13D	0.2941540330827525
HES5	TMEM50A	0.294078754489217
HIVEP3	PPP1R8	0.2940078186530823
TAL1	FUCA1	0.2939733379021209
NFIA	OMA1	0.29388685017258287
SFPQ	SMIM12	0.29385578850881766
ZNF684	PLOD1	0.29376851120738506
CPTP	AL360012.1	0.29374673354797226
MORN1	NUDC	0.29369297830401775
HP1BP3	ID3	0.29360037404566525
AKR1A1	MMEL1	0.29351308735398746
ZCCHC17	GNB1	0.29347403603110717
KDM4A	DISP3	0.29336095447877614
SMAP2	CORT	0.2932965159004739
YBX1	AL357079.1	0.2932154154128363
ENO1	ECE1	0.29319069488445937
SSBP3	LAPTM5	0.29313770475061496
HDAC1	ZFYVE9	0.29301175962704934
ZBTB17	PRKAA2	0.29289108867397257
SSBP3	CDC42	0.2928861543781332
HES4	KDM4A	0.2928344514502669
SSBP3	KTI12	0.2927518594660386
ZNF436	CCDC28B	0.29273091008149216
ZNF691	ERMAP	0.2926760177181061
LUZP1	HES4	0.29267355734978073
NFYC	CEP85	0.2926623822416902
SSBP3	PABPC4	0.29265820649288526
ZNF436	AURKAIP1	0.2926282768438878
GMEB1	AL136115.2	0.2926058125755548
FOXJ3	RCC2	0.2925222142074172
RUNX3	AC099791.2	0.29247649862645503
ZCCHC17	DDI2	0.2924569618008859
GMEB1	PNRC2	0.2924414624006462
KDM4A	SNRNP40	0.2924374937941049
SSBP3	TPRG1L	0.29238746478118444
DMAP1	MMACHC	0.29235883283657427
POU3F1	CCNL2	0.2923528952959526
ZBTB48	HOOK1	0.29222099159514775
SSBP3	MOB3C	0.2921583940364686
MAGOH	NOC2L	0.2920879291635016
HDAC1	GNL2	0.29205923201011197
HES4	NADK	0.29199220650193314
RUNX3	NSUN4	0.2919331412569754
NFIA	RHCE	0.2918896283794649
JUN	PIK3CD-AS1	0.2918774501696949
VAMP3	ATG4C	0.2918344446495709
DMAP1	TMEM51	0.29175813594908473
GMEB1	ELOA-AS1	0.29175527954078195
ZSCAN20	FUCA1	0.2916947042569544
NFYC	NBL1	0.2916294788989741
AKR1A1	LURAP1	0.2916236042179119
GMEB1	STK40	0.29161312151540597
SCMH1	COL8A2	0.2914268714602891
HDAC1	SH3D21	0.291399338472795
SMAP2	JAK1	0.2913776607096369
RLF	C1orf122	0.29135040654898425
JUN	HECTD3	0.29132325261236575
ENO1	CCDC28B	0.2912396599341042
GMEB1	SRM	0.291236710821505
LUZP1	AL031985.3	0.2911825789023009
HES5	AL513320.1	0.29113690717002233
ZCCHC17	EYA3	0.29106318453160457
ASAP3	AL020997.2	0.29096768981455584
HES4	TMEM240	0.29095423976153145
ZBTB40	ARMH1	0.29081418133462467
MAGOH	AL031848.2	0.2908064427192194
HP1BP3	UROD	0.290778911182994
NOC2L	ST3GAL3	0.29075011288875235
HDAC1	TTC4	0.2907475419741922
ENO1	AGO4	0.29073000714921104
SCMH1	POU3F1	0.2907123170385868
ZBTB40	CRYBG2	0.2906439283907437
AKR1A1	DPH2	0.2906399794749004
RLF	PRDX1	0.29063678659985054
HP1BP3	GPBP1L1	0.29054588339559095
ZCCHC17	MAP3K6	0.2905282344860432
DMAP1	POU3F1	0.29042307740320183
VAMP3	AC114488.1	0.2903775085486236
RLF	KDM1A	0.29033809320759535
NFYC	TRIM62	0.29028745129682565
TAL1	AL357140.1	0.29026037826026235
NFIA	AL391244.2	0.290219997855697
JUN	LINC01767	0.2901512438454735
ZFP69B	SVBP	0.29013878349627037
RUNX3	ZNF436-AS1	0.290064470623159
SSBP3	KDM1A	0.29001540209015614
ZFP69	USP24	0.28989143918065724
RLF	GPR3	0.2898772933821216
ZBTB17	PRKCZ-AS1	0.2898714596954244
ZBTB40	TRAPPC3	0.28978174611736196
RUNX3	SVBP	0.2897754515969666
RUNX3	ATAD3B	0.2897678942474358
ZNF436	ATAD3C	0.2897455297582313
HES4	NMNAT1	0.28974107910053953
SSBP3	DLEU2L	0.28970960575895804
ENO1	USP24	0.2896899865087806
ZNF691	PANK4	0.2896031826254057
YBX1	PHF13	0.2892734829248609
SMAP2	AL358075.2	0.2891838188001241
HP1BP3	HOOK1	0.28906653448333264
SSBP3	RPS6KA1	0.2890126835491765
ZBTB40	CAPZB	0.28893499865838046
ZBTB17	MMP23B	0.2888684144699599
SMAP2	EPHB2	0.28871752384216437
CPTP	LZIC	0.28869744486924964
ENO1	SLC66A1	0.28863934792729623
MAGOH	ID3	0.28861630681035305
SCMH1	FUCA1	0.28860046808985385
ENO1	MAN1C1	0.2885927058240077
KDM4A	GPR3	0.2885849306770818
DMAP1	YARS	0.2883425236031556
EXO5	ZMYND12	0.2882677879702199
ZFP69B	UTS2	0.2882378874686546
ZBTB48	GMEB1	0.28821089667446576
ZBTB48	USP48	0.2881206576486508
NFIA	KTI12	0.2880966467856906
YBX1	PINK1	0.28801667335999903
JUN	TACSTD2	0.2878275266523713
NFIA	SLC1A7	0.287808621708272
EXO5	TMEM222	0.28780248135297415
HP1BP3	DHRS3	0.2877965997311426
ZNF362	EMC1	0.2877954643043944
SSBP3	ASAP3	0.28768692620411374
HES4	RIMKLA	0.2875355224377921
HES5	AKR7A2	0.2875306735657407
NFYC	LRRC41	0.2874782592810382
ZFP69	MRPL37	0.28743572598231565
ZBTB48	SLC35D1	0.2874259778104184
SCMH1	BTF3L4	0.28735886791391857
MAGOH	SDC3	0.2872906742387404
ZNF436	ERI3	0.2872628186415899
DMAP1	SMAP2	0.2872549893722408
AGMAT	SRRM1	0.287239635542199
HP1BP3	AL590822.2	0.2872346908069861
ZNF691	RAVER2	0.28720832578716066
KDM4A	TPRG1L	0.2871364678671003
DMAP1	AL358075.2	0.2871332675900471
FOXJ3	SLC9A1	0.287103104317937
JUN	AL645608.7	0.28706597313477084
LUZP1	TESK2	0.28695812831591994
RLF	KHDRBS1	0.28693711615023565
KDM4A	PTPRF	0.28693447476489164
SMAP2	AL512408.1	0.28692197090705834
SSBP3	AL050341.2	0.28687482691093225
FOXO6	ASAP3	0.2868624740863356
RUNX3	GNB1	0.2868416271204638
ASAP3	YTHDF2	0.2868164679291291
SMAP2	AL359881.2	0.28677537849209567
ZNF691	CCDC28B	0.2866743210365471
NFIA	CDC20	0.28665195411957145
ZNF362	SESN2	0.2865789590405753
ZCCHC17	CZIB	0.2865502782889808
ZBTB48	AGRN	0.2864130829883794
ZCCHC17	AL034417.2	0.2863852145071637
HP1BP3	RCAN3AS	0.28638289209861223
MAGOH	MTHFR	0.2863414105875166
YBX1	CYP4B1	0.28633554665748967
NOC2L	ZBTB8OS	0.28630142981239876
LUZP1	UROD	0.2862859576306167
VAMP3	RNF19B	0.2862315694085551
NFIA	CDC42-IT1	0.2861624372120379
NOC2L	AGTRAP	0.28609689769591834
PRKAA2	HES4	0.2860344467649556
HDAC1	ALG6	0.28602884350690017
YBX1	PHACTR4	0.2859972559658986
CPTP	KIF1B	0.2859899765585271
HP1BP3	SESN2	0.2859458680562731
FOXJ3	MAGOH	0.2858513553915488
DMAP1	FUCA1	0.28574468058779423
NFYC	ENO1	0.28574444938588234
VAMP3	SNRNP40	0.28572786983163495
RUNX3	CALML6	0.2856567874465832
SSBP3	SNHG3	0.28561997893757624
HDAC1	TMEM201	0.2856120152108016
KDM4A	FGGY	0.2855474953250638
MTF1	THEMIS2	0.28552886050418713
HDAC1	SRARP	0.28551994548028187
ENO1	ATPAF1	0.285476221738252
MYCL	UBE2J2	0.28540972830486716
SMAP2	C1QTNF12	0.2854024649564059
ENO1	TINAGL1	0.2853636850065723
YBX1	AL591845.1	0.2853526498061973
RLF	EMC1-AS1	0.285337974940258
CPTP	TMEM222	0.28532860144844724
HDAC1	PLCH2	0.28528643236687934
LUZP1	TMEM53	0.28519065639396474
ZBTB48	ZFP69	0.28517195403910983
YBX1	ZNF593	0.2850868796633461
SSBP3	RNF207	0.28496814578696916
KDM4A	TNFRSF8	0.2849648588696579
EXO5	LSM10	0.2849372742029219
LUZP1	NPHP4	0.28486627483547966
ZBTB40	SLC35D1	0.2848598045654959
HES4	ZCCHC17	0.28481804486827467
HP1BP3	SH3BGRL3	0.28476728001966567
HP1BP3	AK2	0.2846684446637564
HES4	AL645728.1	0.28466438011305795
ASAP3	TMEM53	0.2846432067968713
FOXO6	LINC00339	0.28461426083362096
FOXJ3	CPTP	0.28449991453524076
NFIA	EMC1-AS1	0.2844891948329907
ENO1	ZMYM1	0.2844749679666274
HES4	COA7	0.2844646220053636
GMEB1	FAM43B	0.2843985380299673
JUN	ATAD3A	0.2843741218537284
CPTP	FAM43B	0.2842798142572644
DMAP1	CCDC163	0.2841842480074229
NOC2L	NSUN4	0.28416943049824467
AKR1A1	RNF11	0.28408064909281633
ZNF691	PPT1	0.2839057245064972
ZNF362	CITED4	0.28388644244201006
ZBTB40	EMC1-AS1	0.2838057975497294
PRKAA2	CYP4X1	0.2837983586768169
MTF1	SKI	0.28372073898837835
MTF1	AL360012.1	0.28357084094162366
ZNF436	RNF11	0.2835573545705407
ZBTB48	AGO4	0.2835498056657432
NFIA	IPP	0.28352131996608676
ZCCHC17	DPH2	0.2834793759850083
RLF	KDM4A-AS1	0.28346352092526106
ZBTB40	EPS15	0.2833788105027976
FOXJ3	ATP13A2	0.2833542930196769
KDM4A	ALDH4A1	0.2832868179666216
YBX1	LINC00339	0.2832804851591858
HP1BP3	AC114488.1	0.2832799603443134
HDAC1	PLK3	0.2831956885063712
MAGOH	KDM4A	0.2831557859429527
LUZP1	LINC01771	0.28303431489501585
NOC2L	CAMTA1	0.2829959447185048
GMEB1	TESK2	0.2828521155107602
ZNF436	PRKAA2	0.2827537099777815
ENO1	AC119674.1	0.2827208760781825
LUZP1	CDCA8	0.282655460624525
LUZP1	LNCTAM34A	0.2826003078215188
MAGOH	LSM10	0.2825918075988018
LUZP1	HES5	0.28247731920823976
RUNX3	PRPF38A	0.28242733049857344
HDAC1	EXOSC10	0.2824164116737216
RLF	LINC01562	0.2824063849420021
LUZP1	IPO13	0.28228412314824336
YBX1	MRPL37	0.28225698641047997
TAL1	SLC2A1-AS1	0.28219534290953
ZCCHC17	HPCA	0.282167532662749
NFIA	MRPL20-AS1	0.28213726929502214
FOXJ3	AL096840.2	0.28202948363640373
HES5	LINC01359	0.2819957271418135
YBX1	TENT5B	0.2819543119948799
NOC2L	TPRG1L	0.2819420400084981
ZNF436	EIF4G3	0.2819397865556923
HDAC1	TNFRSF25	0.28184857617930914
ZBTB48	DNAJC11	0.2818038886582952
DMAP1	LRRC42	0.28164867150059186
SSBP3	CAMTA1	0.2816267878002203
FOXD2	MEAF6	0.28158851897486126
SSBP3	TACSTD2	0.28149526507954026
PRDM16	KDM1A	0.2814888341701861
ZSCAN20	PLEKHG5	0.2814321518691522
GMEB1	AHDC1	0.28140367240879716
PRKAA2	C1orf50	0.2813552790077714
E2F2	TTLL10	0.2812782353037069
LUZP1	AL627309.1	0.2812694506433695
FOXJ3	PHC2	0.2812385786713277
ZSCAN20	PRXL2B	0.28115784175731406
MORN1	MRPL20-AS1	0.2811157330717511
NOC2L	CMPK1	0.2810359777726892
ZBTB40	MRPL20	0.2809814159052673
ZFP69B	HOOK1	0.28095076748839265
POU3F1	SESN2	0.2809334722550164
ZBTB17	TTC4	0.28090678832066124
ZNF362	MMACHC	0.280806794148097
ZNF691	AL136115.2	0.2805510977453213
ZBTB17	TNFRSF1B	0.28047062925564925
HIVEP3	TUT4	0.28024685327476306
AKR1A1	FGGY	0.2802059895585012
HP1BP3	PRXL2B	0.2801889593955186
KDM4A	TMEM53	0.2801574865944334
LUZP1	AKIRIN1	0.2801298786332718
GMEB1	ATAD3B	0.28007210611025884
MAGOH	KCNQ4	0.2799863590634579
AGMAT	KPNA6	0.27997118899998386
HES5	LUZP1	0.2799389521266132
HDAC1	PRKCZ	0.2798863910478221
SFPQ	PLPP3	0.2797583630200193
ASAP3	PLOD1	0.279725904399815
FOXJ3	GNB1	0.2797069704192201
ZNF436	SF3A3	0.2796818606644791
MTF1	AC093425.1	0.2796560994808514
MYCL	KDM4A-AS1	0.27964413668143456
FOXJ3	SNHG12	0.2796327270930332
AKR1A1	LEPR	0.27958371775395985
HDAC1	AGTRAP	0.2795718576275604
HES5	GPN2	0.2795570255724802
VAMP3	LINC01635	0.2793731790454346
DMAP1	PIK3R3	0.2793706873013155
SSBP3	TMEM69	0.2793141361039336
NFYC	RCAN3	0.27930454402007476
NFYC	UQCRH	0.2792664502057725
KDM4A	ZMYM1	0.2792547964693961
TAL1	WASF2	0.2792223439229815
SSBP3	ACOT7	0.27913282719405524
YBX1	L1TD1	0.27908571197900567
YBX1	SGIP1	0.27907486300186
NOC2L	CLSPN	0.2790033525833819
RUNX3	NCMAP-DT	0.2789520793115166
NFYC	STMN1	0.2787652582678052
HES5	RUNX3	0.2787603453171381
MYCL	CROCC	0.27873434366783023
MTF1	CDC42	0.27870515176453764
AKR1A1	GJA9	0.2786609705111042
HDAC1	OTUD3	0.27863489697155086
SFPQ	UQCRHL	0.27861590256110863
ZBTB17	COA7	0.27854297434474734
MTF1	NIPAL3	0.2784993285970643
RUNX3	FBXO6	0.2783890315851526
NFIA	TRABD2B	0.27838380688775344
ZNF436	SVBP	0.27838330323960503
HDAC1	AL513327.1	0.27837443272916484
ENO1	STX12	0.27835217632435977
RLF	DLGAP3	0.2783319266131735
DMAP1	PRDX1	0.2783159940279481
HES4	HPCA	0.2782988325409702
LUZP1	FUCA1	0.2782959058906838
ZBTB17	HNRNPR	0.2782048780362307
ZCCHC17	ATAD3C	0.27819002173377894
ZNF362	OSBPL9	0.2781878560844471
NFIA	UBXN10	0.2781327149423068
RLF	TESK2	0.27780586779500416
GMEB1	ZBTB8OS	0.27777347851546386
NFYC	FBXO6	0.27769691710404537
ENO1	NFIA	0.27769368529872634
SCMH1	RNF11	0.277685913303553
RLF	UBXN11	0.27758036247446316
VAMP3	AL109627.1	0.27752551305199713
EXO5	KIAA1522	0.27746463234392255
DMAP1	AC099791.4	0.2774361646169713
POU3F1	DNALI1	0.2774031976521399
SCMH1	AL606760.2	0.27735496049545594
DMAP1	SPATA6	0.2773073224282932
MTF1	CNKSR1	0.2772310094672935
ZCCHC17	AUNIP	0.277194502612386
VAMP3	TRIT1	0.2771921993671666
GMEB1	C1QTNF12	0.27719175003226526
HP1BP3	SF3A3	0.277127216786656
YBX1	AC119800.1	0.27704300262614695
ZFP69	SRM	0.27701666408788383
HP1BP3	AL513493.1	0.2769367455546031
HP1BP3	NUDC	0.2769144174413525
ZNF362	AL020997.5	0.2769009910287393
HP1BP3	NIPAL3	0.2767990407878134
SMAP2	AL137802.2	0.2767714812054327
YBX1	RIMKLA	0.27674995614671194
GMEB1	MYCL	0.27663328324976766
HP1BP3	DOCK7	0.27658670388095086
VAMP3	ISG15	0.2765725974557524
RLF	TXNDC12	0.27655970709915856
KDM4A	VPS13D	0.27651889316647754
SCMH1	TRAPPC3	0.2763928731054669
HDAC1	TMEM51-AS1	0.2763513012619007
RUNX3	CAMK2N1	0.2763376027381596
SFPQ	GJA4	0.27629602743351056
CPTP	TCTEX1D4	0.2761060419713504
YBX1	ARID1A	0.27610079976229396
NFYC	IQCC	0.2760829353644507
ZNF684	GNB1	0.27608190582833586
AKR1A1	IPP	0.27606521470207956
GMEB1	FBXO44	0.27603351814569344
SCMH1	ATPAF1	0.2760247243319386
RLF	AC114488.3	0.27596213877860026
YBX1	CDC42-AS1	0.2757637240204639
SSBP3	PRXL2B	0.2757224743098864
VAMP3	LINC01135	0.27571133634643263
FOXJ3	PITHD1	0.2757026281299472
SFPQ	AGRN	0.2756313154424998
HES5	TTC4	0.2756049639939454
ENO1	HIVEP3	0.27545137777793127
EXO5	TMEM69	0.27542593549773386
FOXO6	SELENON	0.2754124095526362
ZFP69	PGD	0.275339242922024
RLF	UROD	0.27530609486717705
RLF	SLC6A9	0.27523332994812993
KDM4A	ZDHHC18	0.27522225259245514
ZNF684	ALPL	0.27521217819304467
HIVEP3	EFCAB14	0.27509673025813935
HES5	FAAH	0.27506482471129196
DMAP1	CALML6	0.2750580135633427
ZCCHC17	LINC00339	0.27501161942205204
ASAP3	HSPG2	0.2749953300304332
ZBTB17	AL021155.5	0.2749743434790122
ZNF362	AL445248.1	0.2749672531276717
ZNF684	ARHGEF19	0.2749349803745524
NOC2L	SYTL1	0.2749091490804972
MAGOH	CTRC	0.2748117851989571
ENO1	TRNAU1AP	0.274678696020377
ENO1	AUNIP	0.27464873884303875
SFPQ	SLC66A1	0.27458732680927944
CPTP	HDAC1	0.2745333707357521
ZNF684	LINC01562	0.27443657082318285
RUNX3	AKR7A2	0.2743553316037312
ENO1	UROD	0.2742848101619375
PRDM16	CPT2	0.27423728307652884
HEYL	SH3BGRL3	0.27421008342961617
SSBP3	JUN	0.2741733928687755
AKR1A1	ZC3H12A	0.2741565172448056
ZBTB17	ENO1	0.2740822218500671
SMAP2	KDM4A-AS1	0.2740513702891131
AKR1A1	LDLRAD2	0.2740052920526719
YBX1	C1QA	0.2739438693951134
AKR1A1	SRRM1	0.2739265535895221
FOXJ3	UBR4	0.27387478498447054
LUZP1	CTNNBIP1	0.27383444434993476
HES4	ZMPSTE24	0.2737076744386116
NFIA	FBXO6	0.27370604562688755
HIVEP3	BTBD19	0.27368303612222805
ZBTB40	SRRM1	0.2736297426055855
HES4	SLC30A2	0.27351309215484937
KDM4A	ALPL	0.2734836668520293
ZBTB40	POMGNT1	0.2734804579948231
ZCCHC17	TTC34	0.2734302052477372
HIVEP3	ELOA-AS1	0.27333869364498764
RLF	AL135960.1	0.2733328079484174
SSBP3	AGO3	0.27321896157981773
ZNF436	FOXD3	0.27307935203823847
SSBP3	UBXN10-AS1	0.2730688652824873
YBX1	ID3	0.2730620858263135
ENO1	DFFA	0.2730240828909494
ZBTB48	RNF207	0.27296000511877727
ZNF684	TMEM222	0.27294815908061987
HDAC1	AL031985.3	0.2729375703110275
MAGOH	STIL	0.27291844028214624
ZBTB40	TSPAN1	0.2727838294109085
FOXD2	HMGN2	0.27273743992068333
FOXJ3	PODN	0.27264032697296087
HES4	ATAD3B	0.27258817749530423
ZBTB40	SLC9A1	0.2725875313138697
ZBTB48	SZRD1	0.27251976030728764
SSBP3	RNF220	0.272387518593985
ZFP69	UBIAD1	0.2723720664379489
ZNF362	TMEM52	0.272352337318191
SFPQ	AL139286.3	0.2723291923408591
NFYC	GALE	0.2722889755258445
VAMP3	FAAH	0.27227247590931786
HES4	PIK3CD	0.2722634491766262
MAGOH	FHL3	0.27225681930207124
HP1BP3	SYF2	0.27224249392831185
MAGOH	DOCK7	0.27223784144017654
GMEB1	VAMP3	0.27218064726484203
ZBTB48	FAM110D	0.2721625272400734
DMAP1	OXCT2	0.27205689452260123
SMAP2	AZIN2	0.2720526299868501
HP1BP3	DFFA	0.2719705007272196
NFIA	PGD	0.27194504918881546
ZFP69B	IPO13	0.27190300832798686
FOXJ3	DHRS3	0.2718794176845517
VAMP3	EPHA10	0.2716798709078465
MTF1	ATP13A2	0.27150775889845513
VAMP3	TRABD2B	0.271502822691284
SFPQ	IPP	0.2714865113735927
MAGOH	PINK1	0.27143044838757346
NOC2L	ZBTB40	0.27142468418018106
SSBP3	SNIP1	0.2713810395135958
ZFP69B	MIER1	0.2713505819045427
RLF	YBX1	0.2713397335806419
HIVEP3	RUNX3	0.2713378653609455
SSBP3	ZMPSTE24	0.27131489611128556
CPTP	AC119674.1	0.2712525185713481
KDM4A	PEF1	0.27124296023014804
ZBTB48	LAPTM5	0.271199748999954
YBX1	TM2D1	0.2711983943479373
NOC2L	TARDBP	0.2711040454111326
SCMH1	SKI	0.27109218840943383
HP1BP3	AL139286.2	0.2710653573895592
PRKAA2	ZNF436	0.2710516605292666
MTF1	MIER1	0.27103823190532494
ZNF436	TCTEX1D1	0.2710263376212348
GMEB1	PRPF38A	0.2709845342417407
ZNF684	TRIT1	0.2709245110916169
NFYC	SLC2A1	0.2709079136842769
ENO1	ZNF436-AS1	0.27085622493237965
CPTP	STX12	0.27077633010843666
ZNF684	TUT4	0.2707495963414748
NOC2L	TENT5B	0.2707203824357016
ZSCAN20	TNFRSF4	0.2706999326908701
ZBTB17	RRAGC	0.2706453416318253
ZBTB17	AL139246.3	0.27056052358888666
NFIA	CCDC24	0.27048452679409823
HES5	AL691432.2	0.27040035982737076
SSBP3	SLC6A9	0.27037107480748385
ZNF362	SSBP3	0.270223252082952
AGMAT	NPHP4	0.27020861598421075
HES4	EXOSC10	0.27014003868413294
NFYC	MRPS15	0.27013959908370083
ZSCAN20	MOB3C	0.27006534159846723
LUZP1	ACAP3	0.27001034386477135
ASAP3	SRSF4	0.26999029173828026
AKR1A1	CDKN2C	0.2698812499213753
DMAP1	MACO1	0.26981430467273354
ZBTB17	PIK3CD	0.26967044571177096
ZNF436	CCDC163	0.2696220327979243
VAMP3	SLC25A33	0.2695918062738767
POU3F1	AL139260.1	0.26959100318441315
FOXJ3	GPBP1L1	0.2695728960129564
POU3F1	DMAP1	0.26955094656857276
HES5	MEAF6	0.26950085009685315
GMEB1	MEAF6	0.2694844908483227
YBX1	AL050343.3	0.2694816418865345
POU3F1	RBBP4	0.26945957787853864
ENO1	KAZN	0.26937843203202133
SSBP3	SPATA6	0.269353705442971
SFPQ	TTLL10-AS1	0.2693327509136275
HP1BP3	WDR78	0.2693304621898064
RLF	CAMTA1-IT1	0.26929614630432885
SSBP3	AL512353.1	0.26923703869418514
ZCCHC17	TUT4	0.269225149780121
RUNX3	GPX7	0.26920384713184625
ZBTB48	KTI12	0.26917360436296994
RLF	NFYC	0.26912882337420097
MAGOH	CEP104	0.26912303616316985
HES4	EXOSC10-AS1	0.2691068722573778
YBX1	VPS13D	0.26910386414942433
NFYC	CDK11B	0.26900113315774793
FOXO6	PGD	0.26898957982642435
MYCL	ZSCAN20	0.26890690991602223
ENO1	STIL	0.26890543284818963
ENO1	VWA1	0.2688536519602842
NFYC	PIK3R3	0.2688389347287338
ZBTB17	CMPK1	0.2688294220133087
ZNF362	MRPL37	0.26882285253741056
DMAP1	TUT4	0.2686270756985466
MAGOH	SLC9A1	0.26860770651087496
HDAC1	FAM167B	0.26859186610323355
POU3F1	SYNC	0.2685804848884686
MORN1	THAP3	0.26856601266792773
HIVEP3	TMEM39B	0.2683023038731286
NFYC	TRAPPC3	0.26829768793546194
KDM4A	RRAGC	0.26824350942830544
SMAP2	SZT2	0.2682339969951023
HIVEP3	CITED4	0.26821470800413805
MTF1	MXRA8	0.26819515000110383
RLF	MACO1	0.26809102087364334
NOC2L	PSMB2	0.2680792070506274
POU3F1	C1orf122	0.2680559770274072
HES4	ARHGEF19	0.2676488804987331
JUN	RPA2	0.2676444934024047
ZSCAN20	ZFP69	0.2675898027157184
ZBTB40	PHF13	0.26758367161897845
ZBTB40	NIPAL3	0.26753144473288465
DMAP1	SNRNP40	0.26749965292968086
CPTP	RCAN3	0.2674785191750019
HDAC1	RCC2	0.2674642252818122
FOXO6	MANEAL	0.26740505818175614
ENO1	AL031005.2	0.2674031478109518
NFYC	SPATA6	0.26740180867837626
ZFP69B	ATAD3A	0.2673958323783926
NOC2L	MXRA8	0.2673467688924348
RLF	NOC2L	0.26733517858457545
DMAP1	C1orf174	0.2673120968241649
ZNF436	ERRFI1	0.2672943594885591
ZCCHC17	ANKRD65	0.26724675574428547
POU3F1	OSBPL9	0.26724503268523525
POU3F1	EYA3	0.2672323958337041
ZNF362	PLOD1	0.2671081162774646
NOC2L	SRSF10	0.26707701205943607
MTF1	AL021155.5	0.26702940932552294
NOC2L	AURKAIP1	0.26700032528597695
NOC2L	FAAP20	0.2669760729889363
HES4	SZRD1	0.2668952637134569
FOXJ3	MORN1	0.26689307848992494
ENO1	INPP5B	0.26688397514290474
HIVEP3	CAMK2N1	0.2668835414251243
ENO1	MRPL20-AS1	0.26682644933634114
HES4	TRIM62	0.2668072349145903
LUZP1	BX293535.1	0.26669351977951367
ZCCHC17	EIF2B3	0.2666372526139158
FOXD2	SDF4	0.26658548692937106
ZCCHC17	TNFRSF25	0.26652112458609745
HDAC1	WASF2	0.2663856807662477
NFYC	ZC3H12A	0.26636053270854904
CPTP	AL139424.2	0.26633040878438696
NOC2L	MIB2	0.2662323451998489
HP1BP3	ZFYVE9	0.26619884245947306
SSBP3	SLC35E2A	0.26617773928318367
HP1BP3	CCNL2	0.266002496081773
AKR1A1	SLC35E2B	0.26600114643370054
JUN	KIF1B	0.26592223126996983
HDAC1	CNR2	0.2659202636567147
CPTP	UTP11	0.2659119816240428
DMAP1	WASF2	0.26586126887890443
MTF1	MACF1	0.2658488485806208
HES4	LRRC42	0.2658055614403639
EXO5	CORT	0.26578485625083875
HP1BP3	P3H1	0.26575990632008095
POU3F1	RAB42	0.26566936645461486
HDAC1	KAZN	0.2656284280282554
ZNF362	TRIT1	0.2656040603678429
HP1BP3	L1TD1	0.2655871589719879
ASAP3	TMEM200B	0.2655476242017517
ZFP69B	KPNA6	0.26550042133289237
RUNX3	NECAP2	0.2654886284527039
ENO1	NFYC-AS1	0.2653928656413703
EXO5	CMPK1	0.26538892067880226
AGMAT	SFPQ	0.26525071193484817
FOXJ3	EFCAB14	0.2651496216639609
NFYC	MMACHC	0.26504236800560355
ENO1	RUNX3	0.26500402953639995
LUZP1	FOXJ3	0.2649944360791305
TAL1	GPATCH3	0.26497935453656124
JUN	AL031728.1	0.26495160952339714
ZBTB17	SYF2	0.26490713331998755
POU3F1	DHDDS	0.2648833973291972
ASAP3	LUZP1	0.26486722397136664
SCMH1	EMC1	0.2648637051888506
CPTP	WNT4	0.2647836656055238
ZBTB40	AL021155.5	0.26473709523466366
YBX1	PEX10	0.2647329582076874
POU3F1	TNFRSF9	0.26461972957623753
ZBTB40	CC2D1B	0.2645747299605639
ZBTB48	PPCS	0.26456778438806905
HP1BP3	AL627309.5	0.2645545395793739
AKR1A1	DRAXIN	0.2644595768144774
TAL1	CZIB	0.26434602460293216
DMAP1	MAST2	0.26431219697657027
ZBTB40	UBIAD1	0.26431126825159945
SSBP3	MANEAL	0.2642947968561763
CPTP	ELOA	0.26419559107937435
ZCCHC17	FAM131C	0.26413872457794824
KDM4A	SLC2A1	0.2640809314343586
MTF1	NBPF1	0.2640041307401411
ZNF684	DMAP1	0.26396419965487666
ZBTB48	NCMAP-DT	0.26379648525684907
NFIA	ACAP3	0.2637952692001448
ZBTB48	OTUD3	0.2637455904915377
CPTP	ARID1A	0.26369336736002447
NFIA	FAF1	0.263692458522167
DMAP1	SSBP3	0.2635308832885226
SCMH1	SLC2A1	0.2635163601618571
ZBTB40	NFYC	0.2634764180923301
ZBTB40	TMEM240	0.26346463432368
SMAP2	AL627309.1	0.2633829565534655
DMAP1	NRDC	0.2632979735947931
YBX1	AL021154.1	0.26329517010970566
SSBP3	MTF1	0.2632092962518989
HIVEP3	AL645728.1	0.2631830351776473
MAGOH	ACOT7	0.26307480375519415
HES4	MTFR1L	0.2629950811117308
LUZP1	UQCRHL	0.262941812536464
E2F2	PODN	0.2628899401897687
ZNF691	NBPF1	0.2628106464555895
SMAP2	PRKAA2	0.26277038075599135
SMAP2	AL136115.2	0.2627476797707874
HP1BP3	CITED4	0.2626715680963231
CPTP	ARMH1	0.262625557795344
HES4	LSM10	0.26243847346670385
ZBTB48	MRTO4	0.26231528465687254
CPTP	FAM131C	0.2622356907761719
LUZP1	AL021155.5	0.26211789754851494
TAL1	TTC34	0.2621047876972852
CPTP	UBE2J2	0.2620730069917763
MTF1	SDF4	0.26206912404549576
RLF	ITGB3BP	0.26201570750286696
DMAP1	SLC35D1	0.2619625780415677
ENO1	AC114488.1	0.2618480758337867
ZBTB17	CTRC	0.26171660334625874
CPTP	ZMYM6	0.2617029176567576
AKR1A1	PUSL1	0.2616898418929611
ZNF691	MAD2L2	0.261616022002
ZCCHC17	WDTC1	0.2615960967727688
ZNF362	TINAGL1	0.2615609497711998
FOXD2	PGD	0.261537087676909
NOC2L	PIK3CD	0.26152169884427895
ZNF691	AZIN2	0.2615118267907387
HP1BP3	AL606760.2	0.26147247151026226
SMAP2	RAVER2	0.261357307888213
YBX1	ORC1	0.2613365163330025
LUZP1	GRIK3	0.2613336614570553
FOXJ3	TNFRSF1B	0.26123769699744476
CPTP	AL139289.2	0.26120892622132236
HES4	AKIRIN1	0.2611976244156648
MAGOH	ZDHHC18	0.26118247765376745
ZBTB17	TUT4	0.2611219586779488
FOXJ3	MAN1C1	0.26111544609455073
ZBTB48	DOCK7	0.261103214251967
AKR1A1	EPB41	0.26103812601606735
ZSCAN20	ZC3H12A	0.2610197514502522
HES5	CDK11A	0.2610134269548459
KDM4A	NCDN	0.26093877979821944
RUNX3	TRAPPC3	0.26092611297766133
EXO5	GPN2	0.2608770462225331
ZBTB40	CORT	0.26086182451593426
SCMH1	MACF1	0.2608101013650523
SCMH1	PEF1	0.26079618364914325
TP73	CDC20	0.26076727837606906
DMAP1	EXOSC10	0.2607312740751391
FOXJ3	SHISAL2A	0.26069697067807585
JUN	TCTEX1D4	0.2606922641874127
ENO1	TNFRSF25	0.26058671517585014
ASAP3	TMEM222	0.26055718711863113
ZBTB40	SDF4	0.2605079398014506
KDM4A	AL662907.3	0.26047538659009895
ENO1	AL645608.7	0.2604365292657232
NOC2L	C1orf109	0.2603646077465116
NOC2L	PHF13	0.2603644620963737
HIVEP3	TMEM69	0.26031873217795837
ZFP69B	ARMH1	0.26028222947452107
DMAP1	TMEM50A	0.2602178896118274
SMAP2	AL356055.1	0.2601413809890469
SFPQ	AL137802.2	0.26010501691985205
ZBTB17	ZNF362	0.2600855753447727
ZCCHC17	DNAJC6	0.2600090164033867
ASAP3	PARK7	0.2598299278858861
RUNX3	AL358075.2	0.2597573054215909
ZCCHC17	ZMYM1	0.2597063906645913
ZSCAN20	SRM	0.2597048037165207
LUZP1	DOCK7	0.25967356090984917
MAGOH	ZNF362	0.2596494143454772
SFPQ	FAM167B	0.25964082765567037
NFYC	SCNN1D	0.25962015052810405
SSBP3	LINC00339	0.25961061375999006
ZBTB17	ARHGEF19	0.2594978553147026
GMEB1	RCAN3	0.2594827214479683
RUNX3	COL8A2	0.2594413001723594
JUN	FCN3	0.2594107614366131
LUZP1	UBXN10	0.2593951712071389
HP1BP3	ZFP69B	0.2593720398837927
MTF1	SHISAL2A	0.25932885626002605
FOXJ3	DMRTA2	0.25929456044163846
ZBTB48	RBBP4	0.2592755666762637
RLF	RNF19B	0.2591471358730173
ENO1	EYA3	0.2591395660200413
RLF	HES5	0.2591050387388973
HP1BP3	PAFAH2	0.25906139470170625
PRDM16	ITGB3BP	0.25904864525875326
MTF1	YTHDF2	0.2590418974713903
ZBTB17	TMEM53	0.25898621992375603
SSBP3	PRPF38A	0.25897253579523105
YBX1	ARHGEF16	0.25888502317434303
PRDM16	PRKAA2	0.2588730814049468
HES4	MAN1C1	0.25886826513811084
ZNF436	AL034417.2	0.2588262134404893
HDAC1	EIF2B3	0.2588022727652385
ZNF436	NECAP2	0.2587607423601453
LUZP1	LINC01137	0.25866443397027616
ZBTB48	DNALI1	0.2586484835405861
HIVEP3	C1orf50	0.25859595572006466
AKR1A1	SLC2A1	0.2585627727016574
RUNX3	EXOSC10	0.2584836161997322
HIVEP3	AL627309.1	0.25843764522741014
PRDM16	AGO3	0.25842315976919944
FOXO6	TMEM51	0.25842019817835193
NFYC	POU3F1	0.2583487079670303
HP1BP3	BEST4	0.2583328718242327
HIVEP3	AL031005.2	0.25831536628116114
ENO1	SLC30A2	0.25828947975717065
DMAP1	LCK	0.25828579658659373
ZBTB48	WDTC1	0.258220200959237
HDAC1	UROD	0.25820135914881687
ZFP69	TNFRSF4	0.25817762618930956
PRKAA2	TMEM51	0.25814224847163253
HES5	SPATA6	0.258037289781075
TAL1	PIGV	0.25797199981935115
ZNF362	RER1	0.25790050495878064
RLF	FAAP20	0.25789242679554303
ASAP3	ATAD3A	0.25787491892889924
NFYC	AL034417.2	0.2578383134904362
POU3F1	KIF2C	0.257770065644932
VAMP3	AL050341.2	0.2577686122738138
AKR1A1	ACOT7	0.2577487023183622
E2F2	GALE	0.25774178429094535
TAL1	PPP1R8	0.25770446219132387
RLF	FHL3	0.2575810717415701
HP1BP3	MIER1	0.25737928570695473
NFYC	STPG1	0.2573107352977693
TAL1	NSUN4	0.25721696300179814
RUNX3	WDTC1	0.25721454588087506
NOC2L	DMAP1	0.2572093082723819
ZFP69B	TMCO4	0.2572009341777258
FOXJ3	CD52	0.25707598639246054
CPTP	DVL1	0.2570353607407106
SSBP3	NASP	0.25703415374257993
TP73	B4GALT2	0.25700824887825735
MAGOH	ZYG11A	0.2569580388883263
GMEB1	NMNAT1	0.25694388022094
ZBTB48	INPP5B	0.2568382928754646
NFYC	AL627309.1	0.25680086263669893
NOC2L	CRYBG2	0.2567649124497597
ZSCAN20	HES5	0.2567425523146274
SMAP2	BMP8A	0.2567056785284703
ZBTB17	CDK11B	0.256687178584381
VAMP3	TTLL10-AS1	0.2566487240476122
HDAC1	NBPF1	0.25659943917378747
HES4	TNFRSF25	0.2565694229281698
ZBTB48	SRM	0.25632585247648704
NFIA	NASP	0.25628043138080325
SSBP3	MTOR	0.25622714545183833
ZCCHC17	RPL22	0.2561841374145365
JUN	TMEM240	0.2561716461302424
SMAP2	FABP3	0.25612038174432317
ZNF362	MXRA8	0.25605539100213304
FOXD3	NBL1	0.2559193866371227
AKR1A1	FHL3	0.2558160882987958
HES4	KIAA0319L	0.2557950335430226
FOXJ3	LRRC42	0.2557776694035251
GMEB1	TM2D1	0.255772457678788
HES5	TRIT1	0.2557724574148494
NFYC	TARDBP	0.2557540787392988
TAL1	PLEKHG5	0.2557450996829544
ZSCAN20	MAST2	0.25565990453346327
HIVEP3	LZIC	0.2555992871099209
HES5	TMEM51	0.2555905962527175
NFYC	PABPC4	0.2555711874446701
DMAP1	UBXN10	0.25554635183684327
FOXJ3	SMIM1	0.2554994059942369
MAGOH	KDM4A-AS1	0.2554533421737431
PRKAA2	POU3F1	0.25538929463380217
ZCCHC17	ATG4C	0.2553797360902015
CPTP	SLC9A1	0.2553430722480167
ENO1	CCDC163	0.25532625510569573
SFPQ	NPHP4	0.2553248129903363
KDM4A	TXNDC12	0.255290275285485
JUN	UBXN10	0.2552785827061322
VAMP3	AL031283.1	0.2552663659960953
SCMH1	MAGOH	0.25523091178896035
HIVEP3	FAM229A	0.2552069933269707
HIVEP3	MAGOH	0.2551809050773025
GMEB1	THEMIS2	0.25517776819796634
ZBTB48	TNFRSF25	0.25517693235859057
DMAP1	DHRS3	0.2551747821861002
NOC2L	TNFRSF1B	0.2551498890303662
ZCCHC17	SLC45A1	0.2550996146525845
FOXJ3	IQCC	0.2550721388746352
YBX1	MTFR1L	0.25504310135810937
KDM4A	SF3A3	0.2550382194318331
DMAP1	CEP104	0.25500328673704464
VAMP3	UQCRH	0.25498424523443924
ZBTB48	ENO1	0.25492890699093246
ZNF684	HDAC1	0.25491950132939495
HEYL	ARHGEF10L	0.25491110047152665
NFYC	YRDC	0.2548064772524494
MAGOH	MTF1	0.2547672064931675
LUZP1	TMEM269	0.25474142500986546
NFIA	ATP6V0B	0.254691443078831
NOC2L	GPX7	0.2546241775613959
ZNF362	YARS	0.2546126061038007
HP1BP3	ZSCAN20	0.25460573693047345
LUZP1	OSCP1	0.25459086714222584
ZBTB40	TMEM54	0.2545241533847082
CPTP	RIMKLA	0.25450852070939534
ZBTB40	ZMYM6	0.254488912825322
FOXJ3	LCK	0.25436115497323997
ZBTB48	ERRFI1	0.2543271910974094
AKR1A1	ORC1	0.25426421319591025
FOXJ3	AL109811.2	0.2542617392047112
ZCCHC17	RER1	0.25417036235430784
SSBP3	RBBP4	0.2540985808808779
SFPQ	AL033528.2	0.25393990723597065
HP1BP3	DVL1	0.25389777806528313
ZNF362	FOXO6	0.25387140580205386
VAMP3	ATPAF1	0.25383876982957865
ENO1	ZYG11B	0.2538273667760068
HP1BP3	UBE4B	0.2537891371560356
HDAC1	FAM110D	0.25376635758217697
E2F2	CCDC28B	0.2537465342755741
ZBTB17	RCC1	0.2536576197309675
YBX1	SCP2	0.25363677106896465
CPTP	SLC35E2A	0.2535984251528055
HDAC1	AL606760.1	0.2535721327692601
POU3F1	MTOR	0.2535686390151301
NOC2L	ARHGEF19	0.25351074550282776
ASAP3	CAP1	0.25349845198343124
POU3F1	ELOVL1	0.2534671702818804
ZNF436	EYA3	0.25343867047800145
ZNF684	STPG1	0.2534256777086693
MYCL	AK4	0.2534251840584676
ZSCAN20	FBXO6	0.25324013501130194
HP1BP3	SH3D21	0.25321245369700757
SFPQ	AL031283.2	0.25310775186181417
SCMH1	USP1	0.25308286724235224
SFPQ	TACSTD2	0.2530429258714675
ZBTB17	BTF3L4	0.2530328733324193
MYCL	RPA2	0.25300947292879733
FOXJ3	EIF4G3	0.25297107270576247
KDM4A	TMEM200B	0.25293833623840367
POU3F1	TTC34	0.2529135396896944
NOC2L	PHC2	0.2528488772292959
AKR1A1	TCEA3	0.2528163395798067
DMAP1	GPATCH3	0.2527707331689979
ZBTB40	PPCS	0.2526524863212781
VAMP3	AL590822.3	0.25258031555112587
FOXJ3	MTF1	0.25254849291927634
NOC2L	COA7	0.2525417515304076
ZBTB40	SYF2	0.25249295670148264
ZBTB17	YRDC	0.2524858358786817
ZCCHC17	NSUN4	0.25236896735303216
RLF	CYP4X1	0.2523056606268891
SCMH1	EFCAB14	0.2523011959424808
MAGOH	PRKCZ-AS1	0.2522879552500317
KDM4A	SCP2	0.25221726538713696
FOXD2	ZFP69	0.252211991044911
SSBP3	ARHGEF10L	0.2522104766395836
MTF1	SYNC	0.2521628204538153
GMEB1	FHL3	0.2520744590599758
NOC2L	WASF2	0.25206594754989553
GMEB1	JAK1	0.2520282470553037
LUZP1	BMP8A	0.2520195845326541
LUZP1	MTOR	0.25198121594158374
MTF1	HECTD3	0.2519720352445066
MTF1	ZMYM6	0.2519446726771511
GMEB1	MAGOH	0.25189238291416943
SSBP3	C1orf109	0.25184959912599525
TAL1	LYPLA2	0.25183319910184077
DMAP1	LINC01355	0.25181880170373533
SFPQ	AJAP1	0.2518159888777755
MORN1	EFHD2	0.2518070995200436
HIVEP3	LINC02574	0.25178928447623694
HDAC1	AL139289.2	0.2517424850150605
FOXJ3	CCDC163	0.25169845031919147
YBX1	AUNIP	0.2516872545550588
ZNF362	TMEM35B	0.2515869662375
AKR1A1	RCC2	0.2515721469805577
ZNF436	AL031432.4	0.25149710759358773
SMAP2	TMCO4	0.2514922887529997
RUNX3	NCDN	0.25146568189116014
RUNX3	CRYBG2	0.25132842044521975
MORN1	NRDC	0.2513169483531349
ZBTB48	NCDN	0.2512583041646045
ENO1	KTI12	0.2510934340137835
NFIA	KIAA0319L	0.2510485900767151
ASAP3	UBE4B	0.25098042492562184
POU3F1	FHL3	0.2509583070291006
CPTP	FHL3	0.2509216562730864
RLF	KIAA1522	0.2508942316946497
FOXD3	TMEM234	0.25088862761773706
SFPQ	WRAP73	0.2508416822488848
YBX1	BSDC1	0.2507574020921474
RUNX3	NRDC	0.2507544534307691
DMAP1	MEGF6	0.25074980151161275
HES5	CPTP	0.25063309990675536
ZNF691	CYP4B1	0.25062709882058576
LUZP1	AL591845.1	0.25058709629129144
NFIA	GPR157	0.2505860171187905
KDM4A	ZNF593	0.2504766879182897
LUZP1	PABPC4-AS1	0.25032219477261547
MAGOH	AL139246.5	0.2502947373862749
GMEB1	ZBTB8A	0.2502529007178098
NFYC	B4GALT2	0.25023177561360277
LUZP1	TUT4	0.25023174260263936
POU3F1	AGRN	0.2502118094989239
ZNF362	PINK1	0.2501850621341846
RUNX3	ATP6V0B	0.25017930108233966
RLF	AL606491.1	0.25011094794564026
MAGOH	TNFRSF14-AS1	0.2501043438939445
TAL1	GPX7	0.2500514704644362
AGMAT	EIF3I	0.25003229087410433
NFYC	AGTRAP	0.24992070067509742
SCMH1	LINC02812	0.24989887342485234
TAL1	TMEM125	0.24979661450418697
HES4	TXLNA	0.24979244667894637
ENO1	IQCC	0.24978916042171864
HDAC1	TMEM35B	0.24974506974634852
JUN	CTNNBIP1	0.2496906033336091
VAMP3	DMAP1	0.2496338240715291
PRDM16	AL691432.2	0.24957361891528151
RLF	AGO3	0.24953651079415792
RUNX3	TPRG1L	0.24945696890937918
RLF	KDM4A	0.2494280168730403
FOXJ3	AGRN	0.24941495278979547
LUZP1	POU3F1	0.24939966262931262
ENO1	FBXO6	0.24937908068892858
ZSCAN20	EFCAB14	0.2493560347951381
ZNF436	NDC1	0.24934646476518063
AGMAT	MACF1	0.2492733861440126
ZBTB48	ATAD3A	0.24924668297035008
MORN1	P3H1	0.24915672674072695
NOC2L	NASP	0.24914194705153406
DMAP1	DNALI1	0.24913065796007533
NOC2L	THAP3	0.2490890856010522
ASAP3	TSPAN1	0.24902676128921666
LUZP1	MFN2	0.2489626627893822
ASAP3	AL135960.1	0.24891090067058377
HDAC1	ZMYM6	0.24887149192456448
RUNX3	AL109811.1	0.24883905866503936
HP1BP3	ARTN	0.2488095713635964
SCMH1	AURKAIP1	0.24878996578993615
MAGOH	SMIM12	0.2487222261822527
VAMP3	OXCT2	0.24870270213181156
ZNF436	MICOS10	0.24867625897418366
SSBP3	GRIK3	0.24865071021484061
AKR1A1	PANK4	0.2486446343732095
LUZP1	CD164L2	0.2485614137705036
SSBP3	EFHD2	0.24852101778252206
ZNF684	ZCCHC17	0.24852023500399267
LUZP1	UBIAD1	0.24844909993821693
ENO1	PNRC2	0.24839010549086354
TAL1	MRTO4	0.2483826562704528
SMAP2	PDZK1IP1	0.24837347927302447
YBX1	TAF12	0.24833293029839948
FOXJ3	AL627309.5	0.24829189803741658
POU3F1	CMPK1	0.24828888366958943
TAL1	AL020997.5	0.24825117956338802
RUNX3	OXCT2	0.24811083522712168
MAGOH	TTLL10-AS1	0.2480592707809661
HIVEP3	PRDX1	0.24804248417295569
HIVEP3	AHDC1	0.24797450539568608
HDAC1	TCEA3	0.24795468545498683
RLF	RPS8	0.2479377854518067
LUZP1	TMCO4	0.24790490756887926
MAGOH	MEGF6	0.2478143340828172
TAL1	EPS15	0.24779971861357622
RUNX3	AL353622.1	0.24779392806776088
HIVEP3	ATAD3A	0.24778584881394997
HES4	MAP7D1	0.24765627520001235
HES5	NMNAT1	0.2476444046145331
POU3F1	AL139424.3	0.24758882880622526
AKR1A1	GPR3	0.24757239993596689
SSBP3	AKR7A2	0.24750669371412531
ASAP3	RRAGC	0.2474844955669724
NOC2L	ATG4C	0.24746643878560817
HES5	TPRG1L	0.24735144328995096
CPTP	AGTRAP	0.24734887958542132
FOXJ3	BTF3L4	0.24731836948019564
RUNX3	PLPP3	0.24731337511817703
HP1BP3	ZMYM6	0.2472638435873817
SSBP3	ZC3H12A	0.24717309989505326
HIVEP3	PRXL2B	0.24716747552843377
DMAP1	MACF1	0.2471467275533763
MAGOH	LRRC47	0.247143165566527
HDAC1	CAMTA1-IT1	0.24712362091299264
ZBTB40	KHDRBS1	0.2471084369750796
JUN	EXOSC10	0.2469796775362724
NOC2L	ATAD3A	0.24693083873849703
HP1BP3	AL050343.3	0.2469155492258048
ZBTB40	NOL9	0.24689076318673053
SMAP2	WDR78	0.24682047135717827
POU3F1	MORN1	0.24678268142629664
NOC2L	PDE4B	0.24677955029365745
RLF	AL136115.2	0.24677818995904344
NOC2L	DNALI1	0.2467517053962846
TAL1	AL139289.2	0.24672790722412877
YBX1	FAAH	0.24658860267210617
ZBTB17	TRAPPC3	0.24658599348362414
RLF	DHRS3	0.24651675029949566
HDAC1	HEYL	0.24647751627066034
ZCCHC17	RPL11	0.2464686955785524
RLF	MMACHC	0.24645835787310616
ZBTB48	IQCC	0.24641407977154514
MTF1	MED8	0.24637241410807342
MORN1	FCN3	0.24632097690320762
RUNX3	AL031602.2	0.24628251935386916
RLF	PTAFR	0.24619714716716526
KDM4A	TRABD2B	0.24612692442018413
MTF1	AL450998.2	0.24612638885457314
ZCCHC17	NASP	0.24608074060610907
MAGOH	DHDDS	0.24600177666123565
NOC2L	KDM1A	0.24599510633246713
AKR1A1	MED8	0.24596570613033708
FOXO6	ZNF362	0.24594257123045568
HIVEP3	LRRC41	0.24593664278715924
SSBP3	EYA3	0.24590997471312168
DMAP1	AL031432.4	0.24583232554304232
ZBTB17	TMEM69	0.24581964189333985
HES4	RRAGC	0.24579184833838688
ZNF684	ZMYM1	0.24570947762473933
ENO1	AL691432.2	0.24569098372244244
ZBTB17	LINC01226	0.2456735249577994
ZCCHC17	HECTD3	0.24565827063731543
TAL1	DNAJC16	0.24561362410401927
ZFP69	TAL1	0.24561303902389778
YBX1	AGO4	0.24554320929478335
MTF1	SSU72	0.24552323197221568
LUZP1	PEX10	0.24543750583050117
VAMP3	LRRC42	0.24540717527615297
ZNF684	MTOR	0.24537471805644961
ZNF362	VPS13D	0.24536001589734796
ENO1	MAD2L2	0.24526312184779056
KDM4A	CDA	0.24511591975367542
LUZP1	YARS	0.2450817690892901
TAL1	AL050341.2	0.24483178116274443
ASAP3	ATP6V0B	0.24474787851444194
AKR1A1	SH3BGRL3	0.24473278924808475
SMAP2	FOXD3-AS1	0.24470596998986033
NFYC	COA7	0.24469624061902898
AKR1A1	POU3F1	0.2446706616503528
SSBP3	LRRC47	0.24457690171261032
ENO1	AL109936.6	0.24454521941841367
KDM4A	CD164L2	0.2444591650660603
DMAP1	MED8	0.24444374175576103
RLF	ZCCHC17	0.24433063020390505
HDAC1	STX12	0.24423635594137644
FOXJ3	RER1	0.2442274986367431
LUZP1	TTLL10-AS1	0.24421277057832233
GMEB1	ELOA	0.24420220403711018
NFIA	KPNA6	0.24418674630456205
SMAP2	AL590822.2	0.24415231433947726
ZFP69B	PPIE	0.24414247554895302
YBX1	ZFYVE9	0.24413766094995643
HIVEP3	SLC25A33	0.24412743355278374
KDM4A	ZBTB17	0.24409589808933058
ZFP69	SRSF10	0.24386684106736395
FOXJ3	TNFRSF14-AS1	0.24383482008188653
YBX1	UROD	0.24368128083590251
ZCCHC17	PHC2	0.24365375567844622
MORN1	RAVER2	0.24360619230220074
VAMP3	KANK4	0.24356810052054037
ZCCHC17	CDC20	0.24355614326093325
ZNF362	MATN1-AS1	0.2435212979554014
ZNF436	MIER1	0.24345704537136376
ZSCAN20	RER1	0.24344435669031902
ZBTB17	ALDH4A1	0.24343585242423402
MTF1	ATP6V0B	0.243422791777611
ZNF436	PDIK1L	0.24329870222788422
HES5	CDKN2C	0.24329303008508713
HES4	CTNNBIP1	0.2432735221266566
HDAC1	AL357140.1	0.2432237228160227
E2F2	TMEM54	0.24320084978523668
RUNX3	SLC25A33	0.24314693502117704
HDAC1	CC2D1B	0.24312658341281734
AKR1A1	MXRA8	0.24312316742243475
ZBTB40	CSMD2	0.24307756462785102
FOXO6	GRIK3	0.24301638420163355
PRDM16	SNHG12	0.24295820686680275
DMAP1	CNKSR1	0.24289745804976587
HIVEP3	THRAP3	0.24289598982850266
CPTP	ZMYM4	0.2428889284892618
ZBTB48	MORN1	0.2426989963845114
HIVEP3	C1orf122	0.2426181776103975
NFYC	TMEM54	0.24261666300885548
ZBTB48	ASAP3	0.2425803412081996
ZCCHC17	TRIM62	0.2425679551776972
YBX1	STIL	0.24256340544832772
HES5	KLHL21	0.24254475615616117
ZNF362	FGGY	0.24253499726949287
ZBTB40	KTI12	0.24251346663957324
ZNF362	FAM76A	0.24249615912910574
AKR1A1	PNRC2	0.24249121671679844
VAMP3	ATP5IF1	0.2424739431242811
MTF1	AL139424.1	0.24246436013364614
AKR1A1	H6PD	0.24244196000750842
ZBTB48	AL139260.1	0.2424239751652262
VAMP3	MACO1	0.24227354025335804
RLF	KIF1B	0.24225961494150666
GMEB1	NRDC	0.24225227279410966
ZCCHC17	GMEB1	0.24216679993061271
POU3F1	DLEU2L	0.2421093159653286
FOXJ3	SLC25A33	0.24204744787422683
RLF	TNFRSF8	0.24199622293376247
SSBP3	ELOA-AS1	0.24198246436794693
MORN1	PHF13	0.24189684171466797
KDM4A	SKI	0.24188411052347134
ZNF436	DISP3	0.24183468471369424
CPTP	TMEM69	0.24183380675485797
HES4	AL691432.2	0.2416918828080171
HES4	PNRC2	0.24166731183497914
FOXJ3	RNF11	0.24157908248967752
HES4	LRRC47	0.24153377937920148
RLF	PPCS	0.2415203351203147
MYCL	TMCO4	0.24141339064478337
MYCL	ZNF593	0.24132979202877006
DMAP1	TENT5B	0.24132947096213422
RUNX3	MICOS10	0.24127773179800416
NFYC	ZYG11B	0.24114199495304023
ZNF362	ALG6	0.24114042385419326
GMEB1	RHBDL2	0.24110515238310687
YBX1	LYPLA2	0.2410316688882705
MYCL	CLCN6	0.2409631869962734
SSBP3	LYPLA2	0.24092279419971227
ZCCHC17	THRAP3	0.2408898453327261
KDM4A	TMEM59	0.24088817684962552
HDAC1	ADPRHL2	0.24084574665297456
HIVEP3	KCNAB2	0.24080476428506287
RUNX3	SH3D21	0.2407556935009487
KDM4A	CSMD2	0.24073169384925858
DMAP1	FAM87B	0.2407267288213381
ENO1	TMEM125	0.24069326485653206
ZCCHC17	NPHP4	0.24069066791666557
ZBTB48	AKR1A1	0.2406770082273477
DMAP1	TNFRSF4	0.24066824686179544
TFAP2E	ZC3H12A	0.24066779497462493
ZNF684	MRPS15	0.24057976398329273
HP1BP3	CEP85	0.24053021223094934
VAMP3	PPP1R8	0.2405114836680608
MAGOH	TCEANC2	0.24044567900007785
HES4	PPIH	0.2404315435670166
EXO5	KIF1B	0.24028149448294336
HP1BP3	PIK3R3	0.24024147409817057
SSBP3	KPNA6	0.24009306244318104
HES4	PPIE	0.24001733527731017
ZBTB17	LUZP1	0.23997746413593585
FOXO6	MKNK1	0.2399053581187143
CPTP	ECHDC2	0.2398455506983025
LUZP1	PDIK1L	0.23976365242535125
JUN	SSU72	0.23975789514374055
LUZP1	NDUFS5	0.23973292794940448
AKR1A1	PTCH2	0.23965680610607576
FOXJ3	B3GALT6	0.23965571896784166
ASAP3	FAAP20	0.23964819911177765
ZNF436	AGO4	0.23964555157971038
FOXJ3	WDTC1	0.23958047781470349
ZBTB48	AGO3	0.23957358323338254
GMEB1	PPT1	0.2395006077317153
ZCCHC17	OSBPL9	0.23942600951664905
TFAP2E	DDOST	0.23939498976310733
HP1BP3	S100PBP	0.23933710607440756
NFYC	SFPQ	0.23929737286159475
ASAP3	KIAA1522	0.23928917467434643
TFAP2E	AGTRAP	0.23925817310289046
AKR1A1	WRAP73	0.2391422558954485
FOXJ3	SLC2A1	0.23910995944034655
ZBTB48	TPRG1L	0.23901982454362292
ZNF691	H6PD	0.23901847003006946
ZBTB40	CITED4	0.2389782466888057
POU3F1	NUDC	0.23886716744940933
HIVEP3	WDR78	0.23875515772303782
HP1BP3	ELOVL1	0.23875511437495262
HES5	PHACTR4	0.23873169128607205
SSBP3	MICOS10	0.23865963495010314
MYCL	GPN2	0.238658126683619
VAMP3	MRPL20	0.23865157308957824
NFIA	LINC01409	0.23860685892767414
ZFP69	PRPF38A	0.2385750346622654
HDAC1	COL9A2	0.23856963549016408
TAL1	SF3A3	0.23849671722507232
YBX1	SERINC2	0.23847692179932906
POU3F1	C1QTNF12	0.2383946315451586
DMAP1	AL031005.2	0.23833960021552572
ZFP69B	ARTN	0.23830072629387952
NOC2L	RCAN3	0.2381875308702325
MYCL	ZBTB17	0.23813851974763361
RLF	CACHD1	0.23810078205671814
RLF	AL031283.2	0.23802165022431043
ZCCHC17	MUL1	0.23801666104487407
ZNF684	TNFRSF14-AS1	0.2379912432115073
ZNF684	CELA2B	0.23798813957609202
VAMP3	NCMAP-DT	0.23794755379423382
HES4	SLC35D1	0.23792896851796147
ZCCHC17	GALE	0.23785300428285555
FOXJ3	DMAP1	0.23779262375913465
NFIA	ELOA	0.23775188355635435
MAGOH	OTUD3	0.23774073059114603
ZNF362	PEF1	0.23770945363238813
ZBTB40	MTHFR	0.23768769492951708
MTF1	MEAF6	0.2376204392432469
ZCCHC17	MYCBP	0.23756966174284985
ZNF436	MIB2	0.23755195105273647
SSBP3	KANK4	0.23754394668174636
NFIA	PEX10	0.23752354658916774
ZCCHC17	FAM110D	0.23748864391739816
RLF	FUCA1	0.2374756078783807
KDM4A	MOB3C	0.23742428913138014
DMAP1	RNF220	0.23736881191370815
MAGOH	OXCT2	0.23736455753125268
KDM4A	CDCA8	0.23736338361996773
JUN	LINC01358	0.23732918381982734
HIVEP3	INTS11	0.23732771371835162
AGMAT	DPH2	0.23730585015002345
NFIA	ADPRHL2	0.23730397282940774
RLF	LINC01778	0.2372559507801443
SMAP2	LINC02606	0.23723557584981705
RLF	MDS2	0.23712624128476664
HES4	PDE4B	0.2370568230783015
NOC2L	CITED4	0.2370380215596964
ZBTB17	MAD2L2	0.2369560093477962
ZCCHC17	MACF1	0.23694093874450325
JUN	PAFAH2	0.2368140385222482
HDAC1	AL031848.2	0.23680144116623247
JUN	LINC01715	0.23670284439834935
RUNX3	DLGAP3	0.2366776472081224
CPTP	TRAPPC3	0.23665913910047146
JUN	PIK3CD-AS2	0.23660222295056885
NOC2L	CAPZB	0.23659404809494225
ZCCHC17	TM2D1	0.23652177934744734
ZFP69B	RLF	0.23651831561483122
ZBTB48	EIF2B3	0.2364806669708545
NFIA	GPX7	0.23636283375578146
ENO1	PABPC4	0.23634443501902175
AKR1A1	SRSF10	0.23633740702174172
SCMH1	LEPR	0.2363289062332327
RLF	P3H1	0.2362696862934893
RUNX3	AC254633.1	0.23624535597595717
ZCCHC17	PLEKHG5	0.23617804035328804
VAMP3	MEGF6	0.23615839300898217
HIVEP3	SDF4	0.23606314653119054
SSBP3	DNALI1	0.2360532133901283
LUZP1	LINC02574	0.23604180284283316
NOC2L	EPHB2	0.2359941915664879
HDAC1	RPA2	0.23589842034188868
HES4	KPNA6	0.2358943023287366
HES4	ICMT	0.2358817980119876
ZNF691	CEP104	0.2358478794059355
HES4	PEX10	0.23568220930711278
NFYC	C1orf50	0.23562039309979727
FOXJ3	CCDC30	0.23552768740124294
HES4	AC093424.1	0.23551713578897068
HP1BP3	CPTP	0.23546475971144898
ZNF691	CAMK2N1	0.2354535039949599
NOC2L	DVL1	0.2354346744124171
YBX1	ECE1	0.2354141548127795
HIVEP3	PPIH	0.23540776719414833
SSBP3	SPSB1	0.23533011321014802
LUZP1	CDC42	0.23532903221337506
FOXJ3	AL136985.3	0.23530221970212167
YBX1	AJAP1	0.23526053403271263
MAGOH	ARHGEF19	0.23525666694095543
ENO1	WRAP73	0.2352259807912536
RLF	DLEU2L	0.2350654487168459
NFIA	AL590434.1	0.2350623226964953
ZCCHC17	RPA2	0.23504285340403708
POU3F1	PINK1-AS	0.2350303966284963
HP1BP3	TMEM222	0.23501416069966174
NFIA	ATG4C	0.23495561999614006
ZBTB48	SRSF10	0.234941069064811
HDAC1	NPHP4	0.23487646961089273
NOC2L	IPO13	0.23486835861623445
SMAP2	TTLL10-AS1	0.2348429059622122
ZBTB48	DMAP1	0.23472195649383304
DMAP1	SLC66A1	0.23471374659422783
AGMAT	SNHG3	0.23465674678950507
HP1BP3	PINK1	0.23458689749872408
ASAP3	C1orf109	0.23450795081525874
POU3F1	PRKAA2	0.23442786335084334
NOC2L	ERRFI1	0.23442109691664534
KDM4A	C1QTNF12	0.23434427542759073
NOC2L	GMEB1	0.23434066914787027
FOXJ3	CASZ1	0.23430062523804596
FOXJ3	PSMB2	0.23428364204138583
VAMP3	SKI	0.23422560391601868
LUZP1	AL031728.1	0.2341793783642681
HP1BP3	PLOD1	0.23416933183029978
DMAP1	RER1	0.23416099175236044
ZBTB17	CAPZB	0.23414935584203456
MORN1	CSMD2	0.23413444065631012
ZFP69B	CPLANE2	0.23413073846225238
CPTP	DLGAP3	0.23412499528284372
HES4	KAZN	0.23401453292702384
VAMP3	ALG6	0.23401048515710612
FOXJ3	ERRFI1	0.23397670562623224
MAGOH	TMEM222	0.233964701198125
HIVEP3	CDK11A	0.2339640146413923
ZBTB40	BX284668.6	0.2338715581360485
SFPQ	CD164L2	0.23384798050753342
TAL1	STMN1	0.23372692308754026
ZFP69	FCN3	0.2337120091898064
GMEB1	SFPQ	0.2336664801053424
JUN	DLGAP3	0.23356819289182287
HEYL	FNDC5	0.23349398138448046
MAGOH	AL645728.1	0.23339247243111694
DMAP1	FHL3	0.23338253043181856
JUN	ALPL	0.23331306143247138
NFYC	TTLL10	0.2332528534538551
JUN	TUT4	0.2331820846251562
LUZP1	SLC2A1	0.23300951359041955
DMAP1	CROCC	0.23297679604966642
ENO1	RPL22	0.2329556628345497
YBX1	CC2D1B	0.2329252311246908
SSBP3	IPO13	0.2328674630318468
ZNF436	AL606491.1	0.2327653941662833
SFPQ	MIR34AHG	0.232749075623444
ZNF684	RNF11	0.2327192520690618
ZCCHC17	CPLANE2	0.23271450395372142
KDM4A	NFYC	0.23269322813208912
NOC2L	TRNP1	0.23265478764823874
ASAP3	ECHDC2	0.23261831074243028
POU3F1	NBL1	0.2325314512311231
ZCCHC17	C1orf174	0.23247350743833228
DMRTA2	KLHL21	0.23246147130147002
RLF	TAF12	0.23240725501475415
MAGOH	ZMYM6	0.2323917837417568
HP1BP3	GRIK3	0.23238539033934308
NFIA	PIK3CD-AS2	0.2323795299218135
ZNF362	DVL1	0.23234837249032164
NFIA	CLSPN	0.23231366458152802
VAMP3	KIAA0319L	0.2322308736587017
HIVEP3	PUSL1	0.23222847785784978
SFPQ	BX284668.5	0.23221436979671692
HES5	PARK7	0.232213060154581
RUNX3	RNF19B	0.23207504343099133
SSBP3	RHCE	0.2320633732707397
RLF	HSPG2	0.23202590526561306
SCMH1	OXCT2	0.23202475386081128
DMAP1	HMGN2	0.23195318140902327
NFYC	AL591845.1	0.23183521218469164
JUN	LINC01771	0.231828502841518
KDM4A	TARDBP	0.2318082984056003
RLF	EYA3	0.2317480250901426
HDAC1	STMN1	0.2316205331702789
NFIA	C1orf50	0.23161283168715727
RUNX3	AL645728.1	0.23158759167191642
ENO1	AL031280.1	0.2315355401146576
HEYL	SLC35E2A	0.23150497951911786
MORN1	PUM1	0.23150376316104015
GMEB1	CPTP	0.23149302438474018
ASAP3	KHDRBS1	0.23140372679973775
HP1BP3	MATN1	0.23140034336837723
MTF1	PINK1-AS	0.2313713208239565
FOXJ3	RPL11	0.2313678367754587
YBX1	EVA1B	0.23135959935543837
SSBP3	PANK4	0.2313297169923068
AKR1A1	TMEM222	0.2312823750117974
FOXO6	COL16A1	0.2312209259115894
HP1BP3	CEP104	0.23114775470745338
POU3F1	ZBTB17	0.23114218711666715
FOXJ3	RNF207	0.23111620017360035
SFPQ	GPR153	0.2311058193271695
HP1BP3	TINAGL1	0.23108063477486013
HDAC1	EVA1B	0.23106670766993367
ZCCHC17	PITHD1	0.23105920488993176
ZNF362	SLC9A1	0.23099523255962337
MYCL	PHC2	0.2308866014818825
RLF	PPIH	0.23088182924230727
SSBP3	HP1BP3	0.2308520798146534
HDAC1	LINC01772	0.23084752205765058
TAL1	CTNNBIP1	0.23082153781381526
NFIA	SH2D5	0.23079500353459947
ENO1	ELOVL1	0.23072348925707015
ZNF362	MACO1	0.2306487940120422
ZCCHC17	DDOST	0.23059630650873428
ASAP3	GALE	0.23059257687779103
HES4	CCDC30	0.23057339416021938
SMAP2	CC2D1B	0.23056719692207114
NFYC	SZRD1	0.2305664495129968
DMAP1	SHISAL2A	0.2305305191897271
ZCCHC17	SRRM1	0.2303598777012546
LUZP1	LINC01778	0.23032177367183543
AGMAT	BEND5	0.23030778117480172
ZNF436	RPA2	0.23021419084022116
DMAP1	FAM167B	0.23021010349433707
ZBTB40	INPP5B	0.2301825293062176
SSBP3	AC119677.1	0.23008414619879622
ZNF362	CYP2J2	0.23007505957636168
RUNX3	PODN	0.23000450035144596
POU3F1	FCN3	0.22998710525245117
HP1BP3	XKR8	0.22996619295307594
SSBP3	PPIE	0.22996410710900891
MTF1	NSUN4	0.2299405244385171
ZBTB17	NECAP2	0.2298940638401135
KDM4A	PPCS	0.22985434979180203
SSBP3	ZMYM4	0.22984195968246202
MORN1	CORT	0.22979919267126475
ASAP3	NRDC	0.22978679532108626
HP1BP3	ATAD3A	0.22975740724633434
HIVEP3	SNIP1	0.22974158640384656
KDM4A	DFFA	0.2297257445382103
RUNX3	CORT	0.22965644264129317
RUNX3	CASZ1	0.22962608546961674
HES4	EIF3I	0.2296077809583061
FOXJ3	SF3A3	0.22957794920158026
NFYC	CEP104	0.22956194982078754
ZNF684	RHBDL2	0.22951419032608272
SSBP3	CSMD2	0.2294422955027938
ZBTB48	TMEM51	0.22939838250824138
ZFP69	MRPL20-AS1	0.2293980316601119
POU3F1	AL139246.3	0.22931260518522611
ZNF362	HP1BP3	0.2292638765806573
VAMP3	AL590434.1	0.22923357887786258
FOXJ3	ELOA	0.22916742460414025
AKR1A1	ZMPSTE24	0.22910606762203245
RUNX3	ZNF362	0.2290149573558615
FOXJ3	NBL1	0.2290055738783078
RLF	CDK11A	0.22898045128612035
NOC2L	PPCS	0.2289550985579861
ZBTB40	MEAF6	0.22895476671876833
SSBP3	VAMP3	0.22890026492578106
TP73	LINC02574	0.2288694403472386
HP1BP3	CORT	0.22882975586649326
ENO1	SH3D21	0.22879909464367318
VAMP3	SNHG12	0.2286712692593022
SSBP3	GMEB1	0.22860363511232745
ZBTB17	ARHGEF16	0.22858114853935757
GMEB1	C1orf109	0.22850473312443886
FOXJ3	ZNF593	0.2285003154776377
JUN	NDC1	0.22847828316372254
ASAP3	VWA1	0.22846755798325513
LUZP1	PITHD1	0.22839926591005522
FOXJ3	ZNF436	0.22837342273865488
ENO1	DFFB	0.22835015102981102
SFPQ	AL162430.2	0.22826351051796145
SSBP3	HYI	0.2282261717307129
AKR1A1	FBXO42	0.22822035738116417
NOC2L	NCDN	0.22813915744117025
SSBP3	PDE4B	0.22811274609263407
E2F2	DHDDS	0.22811033791196178
ZBTB48	SKI	0.2281010666868768
NFYC	CORT	0.22809427524082365
FOXD3	NIPAL3	0.22808317977806625
MAGOH	TRIT1	0.228004560200025
KDM4A	PEX14	0.2279434522438299
SCMH1	GMEB1	0.22790064176963942
TAL1	AL627309.1	0.2278057271941687
DMAP1	HSPG2	0.22779029676218507
POU3F1	TCEA3	0.22775740276214815
MAGOH	PIK3CD	0.22774987370091387
TAL1	AKR7A2	0.22773360943968932
POU3F1	LEPROT	0.2276376384993355
ZNF362	RIMKLA	0.22762873704696798
TAL1	ZFP69B	0.2276249548791252
ZBTB48	MTFR1L	0.22761131674385063
SCMH1	ERRFI1	0.22759953916286613
ASAP3	CTNNBIP1	0.22756190652850136
HES4	KTI12	0.2274714714328465
MYCL	AURKAIP1	0.2274596419262798
NFIA	PLK3	0.22738898118569223
ZBTB48	CITED4	0.22731453872657728
RLF	TMEM54	0.22725320918345954
FOXJ3	TRIM62	0.22724586903793476
MAGOH	IFI6	0.22723063993879444
ZNF362	AL450998.2	0.22722221508972912
MORN1	ALPL	0.22717817117277372
NFYC	PLK3	0.22716646723783016
LUZP1	RPL11	0.2270972530635564
RLF	PER3	0.22708964282293242
ZBTB48	PUM1	0.2270285398412396
ZFP69	AGTRAP	0.227027994407404
ZNF436	ARMH1	0.22700159082226856
AKR1A1	UBXN11	0.2269488330765932
YBX1	KANK4	0.22691919953936954
RUNX3	ZFYVE9	0.22689662673453317
NOC2L	KIAA2013	0.22686622306029539
RUNX3	CMPK1	0.22683555345642828
AKR1A1	CEP104	0.22677068585101287
ZCCHC17	BEND5	0.22675471412051798
DMAP1	ZFYVE9	0.22672324431224214
MAGOH	AL031432.4	0.22672262907707671
YBX1	CELA2A	0.22669831032086732
HDAC1	IFI6	0.22669025091614933
HP1BP3	PABPC4	0.22657851966449893
MYCL	SLC66A1	0.2265416899084607
NFIA	DNAJC6	0.2264642288903453
VAMP3	MAP3K6	0.22638156428980927
PRKAA2	TSPAN1	0.22635478523027733
SSBP3	MARCKSL1	0.22632053507129407
HEYL	AL356055.1	0.22623498829225014
ZNF691	TTLL10	0.2261837332050911
ENO1	PTPRF	0.22611322371079856
MAGOH	AGMAT	0.22607772393722733
PRDM16	TINAGL1	0.22603849370173185
ZBTB48	MTHFR	0.22601449705523655
POU3F1	RNF19B	0.2259834022805933
ZNF684	FAAP20	0.22594741653520767
HDAC1	SZRD1	0.22584210546526967
RLF	BEND5	0.22564475389962388
GMEB1	PHF13	0.22557258797665505
HEYL	ITGB3BP	0.22556528953367982
ZBTB48	CCDC30	0.22546486843553024
HES4	TACSTD2	0.22523693598959402
MAGOH	ARID1A	0.22520457539847824
LUZP1	SLC25A34	0.22517787519654195
FOXD2	USP1	0.22514801589057543
FOXJ3	RNF19B	0.22510225416704954
ZCCHC17	ZNF436	0.22505944943818929
HP1BP3	MORN1	0.22489315427887974
NOC2L	TTC34	0.2248828384713345
RLF	INPP5B	0.22484552091519197
TAL1	TMEM240	0.22477868486467456
HP1BP3	ECE1	0.224773181830086
FOXJ3	HCRTR1	0.2245355934111032
ZNF691	ZFYVE9	0.22452946253091866
DMAP1	KHDRBS1	0.2244383951216046
ZBTB48	UTP11	0.22439791783091562
CPTP	CITED4	0.22437261920975937
RLF	GPBP1L1	0.22436888392065257
SSBP3	HSPB11	0.22434548371938048
ZCCHC17	TARDBP	0.2242721919440907
HES4	HIVEP3	0.22424756021098324
SCMH1	NUDC	0.2241990164219606
GMEB1	SZT2	0.22417004798163007
KDM4A	SYTL1	0.2241612254306149
NFYC	HSPB11	0.2241251010566922
SFPQ	SLC45A1	0.2239942210908659
RLF	PRXL2B	0.22398750581697932
CPTP	POMGNT1	0.2239741066702806
RLF	AL139424.2	0.22394717138537387
HES4	YRDC	0.2239165729042816
ZNF436	ASAP3	0.22390596060882026
SFPQ	STMN1	0.22390324219454835
CPTP	TPRG1L	0.22385807695248985
DMAP1	FGR	0.22385602402806432
NFIA	MXRA8	0.2237111114381612
ENO1	AKR1A1	0.22369565742922343
ENO1	SZT2	0.22362626484941686
NOC2L	SDF4	0.2236033351549035
ZSCAN20	UBE4B	0.2235946304969739
RUNX3	CYP4B1	0.22357347152447207
ZNF362	RERE	0.22352248653549858
ZFP69B	TOE1	0.22350362469654875
HIVEP3	AKR1A1	0.22345238531686276
SCMH1	CASZ1	0.22339126342547136
ZNF691	DFFA	0.22336139914335773
HP1BP3	IFFO2	0.22331546222644771
CPTP	MTFR1L	0.22328458812301183
YBX1	DRAXIN	0.22327441861727867
HES5	ELOVL1	0.22327255154303882
CPTP	SPSB1	0.2232590725219128
ASAP3	HYI	0.22324987126588547
HES5	RAB42	0.2232068953495042
RLF	TPRG1L	0.22320131435380164
ZFP69B	SLC35D1	0.22314259360806657
SFPQ	ZBTB8A	0.22302909956777184
DMAP1	TSPAN1	0.22301340014571674
LUZP1	LEPR	0.2230081361727922
FOXD2	CZIB	0.2229568705728367
LUZP1	CELA2B	0.22282683916646107
TAL1	RNF220	0.2227514210834816
RLF	COL16A1	0.22274906324735932
VAMP3	PRKCZ	0.22273276461836225
HES4	PAFAH2	0.22272418141278277
MAGOH	ECHDC2	0.22266011487345358
KDM4A	PLEKHG5	0.22260948648028994
FOXO6	TM2D1	0.22260344143769942
HES4	STX12	0.22254196162118353
ZNF436	ATPAF1	0.22253891944742826
ZBTB48	TXLNA	0.22238828490021623
HDAC1	NASP	0.22238680937312919
POU3F1	ADPRHL2	0.22228859197265488
ZCCHC17	MXRA8	0.2222857532743546
GMEB1	ZFYVE9	0.22226796032870402
SCMH1	B3GALT6	0.22223272478613074
SCMH1	AL136985.3	0.22209122225287917
POU3F1	AK2	0.22208224412205335
ZNF362	C1orf122	0.22206729402434894
RUNX3	PGD	0.22206149043391732
HES4	BTF3L4	0.22205226898781286
SMAP2	AC099791.4	0.2220450612914744
AGMAT	BTF3L4	0.22200140659127252
CPTP	MUTYH	0.2218003485070187
KDM4A	EIF4G3	0.22178475558898247
HIVEP3	DLEU2L	0.22165575044649916
HES5	AL031432.4	0.221586728778904
MAGOH	LINC02574	0.2215717988829875
HP1BP3	PSMB2	0.22154105316766945
ZBTB48	SVBP	0.22152669948624798
HDAC1	TACSTD2	0.22147211449294174
ENO1	LINC00339	0.22142316379016222
DMAP1	VPS13D	0.22134722028936193
LUZP1	LINC01226	0.22133470142486963
ENO1	HDAC1	0.2212899211342828
EXO5	MRTO4	0.221263508133019
ZNF436	POMGNT1	0.22124629089924802
JUN	HOOK1	0.2212299744600182
ZCCHC17	TTC4	0.22116050413084964
RLF	ALPL	0.2211287975236066
PRDM16	EPB41	0.22111880575250714
FOXD2	NOC2L	0.22105177078064497
TAL1	UTP11	0.22097919748345704
SSBP3	SMAP2	0.22094460356533463
ZNF691	B4GALT2	0.22090088469131197
POU3F1	ZC3H12A	0.2208830860903158
TAL1	ATAD3C	0.2208332131890153
NFIA	ZDHHC18	0.22083109532661485
RLF	TTC22	0.22082923955328176
MTF1	ISG15	0.22082352047265263
TAL1	PANK4	0.2207838011018983
KDM4A	LSM10	0.22072444169534722
HES5	BMP8A	0.2207006156621187
LUZP1	DMRTA2	0.22069203644871246
ZCCHC17	CLCN6	0.22066701848247888
ZNF691	ITGB3BP	0.22052595364039923
NFYC	UBXN10-AS1	0.22040710129228128
CPTP	USP24	0.22020770258058414
MAGOH	MAP7D1	0.22019922200445988
POU3F1	AL139246.5	0.22016473865512926
CPTP	ERI3	0.22011349735434452
ZCCHC17	LINC02574	0.22008909986507655
KDM4A	NASP	0.22006614201479066
HES4	RCAN3	0.21992752408038518
YBX1	CYP2J2	0.21983302702610924
ZFP69	FOXD2	0.21977179051620951
ZCCHC17	TCEANC2	0.2197532030759649
E2F2	STIL	0.21974641757595936
YBX1	RCC1	0.21972156515092855
ASAP3	CAPZB	0.2196901824526853
VAMP3	AL391244.2	0.21963065875789212
AKR1A1	EPS15	0.21960251758049143
ZNF691	CZIB	0.2195945422654638
HES4	SESN2	0.21952490955733836
ZBTB40	CCDC30	0.21948204128334026
MYCL	CAMTA1	0.21942548301552597
MAGOH	AJAP1	0.21936861197999563
NOC2L	OSBPL9	0.2193571120188825
ZBTB48	TTC4	0.2192926081163049
CPTP	GPATCH3	0.2191958759199748
CPTP	AL031728.1	0.2191951696240435
SCMH1	SH3D21	0.21909442997806064
ZNF362	WASF2	0.21907330029277367
GMEB1	ZNF684	0.21902819212485236
VAMP3	ALPL	0.21899417509863195
LUZP1	MIIP	0.2189182422352066
NOC2L	BTBD19	0.21885584561659865
DMAP1	ERMAP	0.21885538110785296
TAL1	SSBP3	0.2188300839687711
NFYC	XKR8	0.2188183037843525
LUZP1	LINC01135	0.21871208935291042
POU3F1	RCC1	0.21865291957119176
VAMP3	LINC01770	0.2186509556354185
ZFP69B	PNRC2	0.21863893237434812
SCMH1	TMEM39B	0.218603149276578
ZNF436	TRNAU1AP	0.21860018475474072
NFYC	LUZP1	0.2185654953255236
NOC2L	TOE1	0.2184275829800491
MTF1	THAP3	0.21840050939486025
HDAC1	MATN1-AS1	0.21838341976257
HES4	UQCRH	0.21830259079986042
FOXJ3	TMEM200B	0.21829787939374512
GMEB1	CZIB	0.21818007785037768
HP1BP3	ZC3H12A	0.218175285729603
AKR1A1	AL031283.2	0.21810098145433535
SFPQ	ZNF436	0.21806232980880821
NOC2L	TMEM234	0.2180438613190001
ZFP69	PANK4	0.2179889483230093
HP1BP3	MANEAL	0.21795087910040145
RUNX3	CCDC163	0.21794784293369943
YBX1	AL606491.1	0.21793005478858002
GMEB1	ZFP69	0.2179274990943707
SFPQ	ROR1	0.2179018918191035
NOC2L	AL139220.2	0.21780123019952766
SSBP3	PGM1	0.21776822994716655
SSBP3	DMAP1	0.21770794366134516
ASAP3	SLC35D1	0.21766326466221633
VAMP3	MED18	0.21761434920531292
ZBTB48	RER1	0.21761379299928388
HES4	C1orf167	0.21754936919081896
ZBTB48	NECAP2	0.2175234992987636
FOXJ3	LINC01772	0.2175058582806953
ZNF691	SNHG12	0.21750222981960937
ZCCHC17	IFFO2	0.21747691673955263
CPTP	MYCBP	0.21742992055230984
ZCCHC17	AC093151.8	0.21742381027789037
PRKAA2	SH3BGRL3	0.21733100324648874
TAL1	AL139423.2	0.2172192283333517
HES5	KHDRBS1	0.21721588684817839
SSBP3	SGIP1	0.21720693678195166
MORN1	CAMK2N1	0.21719674903062453
AGMAT	NMNAT1	0.2171863011817436
VAMP3	AL590822.1	0.21716085008814334
SSBP3	C1QC	0.21715251471363628
FOXJ3	SCMH1	0.2171470922185462
HP1BP3	PRKCZ-AS1	0.21711186003146213
YBX1	LINC01778	0.21711112778573
HDAC1	LINC01715	0.21706791442452048
ZNF436	LCK	0.21703573576214602
NFYC	AGRN	0.2170310840237159
NFYC	THRAP3	0.2169467192834227
HIVEP3	CPLANE2	0.21694299960692495
ENO1	SLC2A5	0.21690620734942967
PRDM16	TENT5B	0.21689602881126419
ZNF436	HEYL	0.21680513993192888
AKR1A1	ATP5IF1	0.21676503923618468
VAMP3	CTPS1	0.21674651846682655
ZNF684	AL391244.2	0.21663727093798793
SSBP3	PRDM16-DT	0.2166104078756164
KDM4A	GMEB1	0.21651331723282896
FOXJ3	GPN2	0.21643627440195745
ZCCHC17	CPTP	0.21639075202781485
HDAC1	ROR1	0.2163790161535685
LUZP1	ECHDC2	0.21637606498006762
SSBP3	CZIB	0.2162495866399707
DMAP1	COL9A2	0.21617687454378248
LUZP1	AL033528.2	0.21616700465815128
JUN	LINC01359	0.21613488889584603
GMEB1	MIIP	0.21610918772337817
NOC2L	ANKRD65	0.21602500495296817
NFYC	PTP4A2	0.21601300247060473
NFIA	TTC34	0.2160083054206262
FOXJ3	ZBTB17	0.21597627645069342
SSBP3	LINC00115	0.21594713192130696
RUNX3	AK4	0.21589290939759467
ZBTB40	RNF19B	0.2158496796624024
MAGOH	LINC02596	0.2157462616420776
DMAP1	PUSL1	0.21574515603526112
HES5	ECHDC2	0.21571939577920204
MAGOH	WRAP73	0.21565762223994062
RUNX3	ERMAP	0.21564687413787187
ZNF362	MMP23B	0.21561580496415308
MTF1	KANK4	0.2155839485483819
ZBTB17	ZBTB8OS	0.21556061502105647
FOXJ3	FAM229A	0.21552330217330373
SSBP3	PGD	0.21549707637382987
ZCCHC17	AURKAIP1	0.21547340764590386
DMAP1	AL031728.1	0.2153791565163331
NFYC	TAF12	0.21532711226110163
VAMP3	MRPL37	0.21529415612110372
NOC2L	NFYC	0.21526117292196914
HEYL	PEF1	0.21525739816799125
NFYC	MIIP	0.21519756706988868
ZNF436	CLSTN1	0.21519435272474577
EXO5	AURKAIP1	0.21514776497896498
MAGOH	CMPK1	0.2150879154154001
E2F2	OSCP1	0.21504391362547012
HES5	ATPAF1	0.21503631664354952
KDM4A	C1orf122	0.214966784321883
TAL1	AGO3	0.21490712638273757
MTF1	YRDC	0.2148749455770278
TAL1	CPLANE2	0.2147690868516675
HDAC1	AC119800.1	0.214732418025216
POU3F1	GPBP1L1	0.21471931029636387
VAMP3	GPR3	0.21469037731286664
ZSCAN20	LYPLA2	0.21458824389252093
HES5	JAK1	0.21452787411463886
AKR1A1	AL109811.2	0.21444673116801088
MAGOH	AL691432.2	0.21439362577957816
HEYL	PLPP3	0.21439275215326556
ZBTB48	AHDC1	0.2143870269108337
ZCCHC17	RNF11	0.21433783263796763
ENO1	ADPRHL2	0.21433376042119334
MYCL	ZDHHC18	0.21430100898831161
AKR1A1	MAST2	0.21426747123909326
ZNF684	FOXD2	0.21425009729960787
ZNF362	SPATA6	0.2142270276580996
NOC2L	IFI6	0.21419323785237243
POU3F1	PEF1	0.21410114279304948
TP73	TRNP1	0.2140965908092965
ZBTB48	EBNA1BP2	0.2139764784502277
SFPQ	SVBP	0.21396596708792684
YBX1	KIF17	0.21395574793739422
KDM4A	LEPROT	0.2138722124002812
YBX1	DNAJC11	0.21380764070174216
FOXJ3	ATP5IF1	0.2136982245462193
KDM4A	PITHD1	0.21364953589773045
HES4	C1orf174	0.21360240699988095
HDAC1	TSPAN1	0.2135964998192508
POU3F1	SRSF10	0.21352761480671836
TAL1	KLHL17	0.21349269319729924
TAL1	ATP6V0B	0.21348633142714596
AGMAT	HNRNPR	0.21347651881686697
NFIA	MMP23B	0.2131999832770938
HES5	LINC01783	0.21313391896692382
NOC2L	COL16A1	0.2130708544485151
SMAP2	C1orf216	0.21305320368174369
SCMH1	PNRC2	0.21304572955438064
HP1BP3	C1orf167	0.2130205344416155
KDM4A	ENO1-AS1	0.2129216498969042
MAGOH	TSSK3	0.2128970287292116
ZBTB48	DVL1	0.2128572048728989
JUN	AL034417.4	0.21284023376287114
NOC2L	GNB1	0.21271672764008298
KDM4A	SDC3	0.21262372204758767
PRKAA2	EIF2B3	0.21260895131061772
MYCL	LINC02812	0.2125304145633496
NFIA	TNFRSF4	0.2124746019836967
HDAC1	C1QTNF12	0.2124602417047424
HES4	LINC02574	0.21238548225350495
ZBTB48	CTNNBIP1	0.21237105093978473
AKR1A1	AL606760.1	0.21230888193784161
JUN	CSMD2	0.21222366521003827
KDM4A	USP24	0.21222086301907805
RLF	ZMYM4	0.2122013595803671
POU3F1	CENPS	0.21217999110071833
NOC2L	YRDC	0.212160579707922
HES4	CDC20	0.212155109108975
CPTP	USP1	0.21210623728440706
NOC2L	LCK	0.2121024699570379
SFPQ	COL9A2	0.21205683395319166
HP1BP3	SRSF4	0.21201325997526
NFYC	AL031005.2	0.2120019437181511
HES5	BEND5	0.2119869431835389
ASAP3	TNFRSF1B	0.21193721081344388
NFYC	GPATCH3	0.21192931634274054
ZFP69	NMNAT1	0.21191617421981326
ZBTB17	MRPL20	0.21177386715738106
HIVEP3	AL606760.3	0.2117590651900361
SSBP3	MACO1	0.21174544395902672
ZCCHC17	PAQR7	0.21174240861948515
ASAP3	TARDBP	0.21172683111011226
NFYC	NFIA	0.21172641406741768
VAMP3	AGO1	0.2117184128459596
NOC2L	ASAP3	0.2116940803088339
SFPQ	AL031005.1	0.21168294566198567
ZBTB17	LINC01635	0.21167345192033968
NFYC	AL645608.7	0.21161832250644116
ZCCHC17	MYSM1	0.21157944125773948
HES4	EPB41	0.21153195736072503
ZNF691	VAMP3	0.21152847137718472
SSBP3	PIK3CD-AS2	0.2115146429047398
CPTP	SYTL1	0.21150187232002976
ZCCHC17	FAF1	0.21149814160101632
ASAP3	DRAXIN	0.21145440037525026
TAL1	MYSM1	0.211451254167402
ENO1	SELENON	0.21142617223626278
ZCCHC17	RCC1	0.21139038167658794
POU3F1	ZCCHC17	0.2113252327535614
HDAC1	GPX7	0.2112952240686503
SSBP3	AL020997.2	0.21129490785972635
HES4	TMEM69	0.21121429531370545
LUZP1	HMGCL	0.21120950154686857
HP1BP3	OSCP1	0.21116829712280083
NOC2L	ARHGEF16	0.21099192192209548
ZBTB48	THAP3	0.21067540471165522
AGMAT	CROCC	0.21065940700210095
HDAC1	SSBP3	0.21061463518844215
YBX1	SYNC	0.21055986606246846
HDAC1	CENPS	0.2105551024115618
FOXO6	CPLANE2	0.21055461478762913
HDAC1	RER1	0.21037621784211416
ASAP3	ZNF691	0.21023300771518116
NFYC	CPTP	0.21019700339031697
PRDM16	SMAP2	0.21011821111246473
ZNF362	IFI6	0.2100381898560352
MTF1	ZFYVE9	0.21002318661094796
HP1BP3	TAL1	0.20998944872304842
ZBTB40	CPTP	0.20996557661969092
ZNF362	ELOVL1	0.20990550325821086
HES4	MTF1	0.2098607124885385
GMEB1	GPX7	0.20983847397478972
GMEB1	DISP3	0.20977151210584397
ZNF684	SDF4	0.20975340398602935
GMEB1	PRDX1	0.2096507508038816
VAMP3	CC2D1B	0.20964996563715388
MTF1	CAMTA1	0.20957562535885021
TAL1	EMC1	0.20955127654825775
ASAP3	PHC2	0.20953513007482225
FOXJ3	DNAJC11	0.20949768363610738
CPTP	GNB1	0.20948782295984456
MAGOH	FOXD2-AS1	0.20946306120320493
ZNF684	TRAPPC3	0.209414142087177
HES5	TCTEX1D4	0.20938752734106655
SMAP2	ACAP3	0.20920321707292855
LUZP1	AL034417.2	0.20913111320215153
ZNF691	CC2D1B	0.2091295155865211
KDM4A	SLC25A33	0.20912566949075015
HDAC1	XKR8	0.20907283046900935
SFPQ	CCNL2	0.20905993387843713
ZBTB17	PPP1R8	0.20905236741290134
ZCCHC17	INTS11	0.20897061412417
ZBTB40	SH3D21	0.20896783552725595
NFYC	KIF1B	0.2089637827126854
RLF	MTHFR	0.20895120708838358
FOXO6	GJA4	0.20890735303381322
ENO1	VPS13D	0.20887198657261205
SSBP3	PER3	0.20886922938278488
LUZP1	EIF2B3	0.20860118810382194
TAL1	ZNF593	0.20853808196252374
ZNF691	USP48	0.2084999148438331
ZNF691	HSPG2	0.20845191221379653
GMEB1	FCN3	0.20836726802383937
ASAP3	CPLANE2	0.20833207220088715
FOXJ3	AL139246.3	0.2082992784772006
POU3F1	TRNAU1AP	0.20828701495124183
SSBP3	AL109627.1	0.20825955550930902
MAGOH	ZCCHC17	0.20825566934416115
YBX1	TMEM222	0.20821321003157192
KDM4A	PPT1	0.20818963480544989
HIVEP3	MACF1	0.2081777443696666
ASAP3	PEF1	0.20817553076893397
NFIA	MFSD2A	0.20810829893128435
AKR1A1	LINC01562	0.20807762689700363
HDAC1	PPCS	0.2080357561071469
PRKAA2	PHF13	0.20798071557896905
HIVEP3	ELOVL1	0.20792479438255926
NFIA	TARDBP	0.20786973789887037
TAL1	NFIA-AS1	0.20786406959017026
HES5	HDAC1	0.2077555966238143
ENO1	PDE4B	0.20767222947334407
HES5	HYI	0.2075945931719012
SFPQ	GPR157	0.20750024228810113
RUNX3	SLFNL1-AS1	0.20746568285901043
FOXJ3	UROD	0.20743232634556025
HES4	ECHDC2	0.2073721641663857
SSBP3	YRDC	0.20735954921823224
HES5	CZIB	0.20734230630599648
ZCCHC17	AL031280.1	0.20732344668283287
TAL1	FOXJ3	0.2073139105504445
RLF	TCTEX1D1	0.20730033257916286
GMEB1	EYA3	0.20728853478469667
ZNF436	SLC45A1	0.207282440027923
ZCCHC17	AL050341.2	0.20727875631424306
AKR1A1	AL135960.1	0.20727763753088244
SSBP3	YARS	0.20727124334217067
AKR1A1	FAM76A	0.20726833489131397
ASAP3	HECTD3	0.2072652944503931
JUN	LSM10	0.20722671522647218
HDAC1	BX284668.5	0.20717474204465144
CPTP	PLK3	0.20717274669115118
POU3F1	SGIP1	0.20703650178514169
NFIA	CD164L2	0.2070111661497546
HP1BP3	TMEM51-AS1	0.20696326429872441
GMEB1	TNFRSF18	0.20695493806106063
TAL1	KIAA1522	0.20690840803978122
EXO5	ELOA	0.20690047007415277
LUZP1	ZMYM1	0.20677711950956446
ZBTB48	PLPP3	0.20673839387845058
ZFP69	POU3F1	0.20667272764837857
FOXJ3	DNAJC8	0.20665562042557717
ZCCHC17	POMGNT1	0.20665510509083973
HIVEP3	THEMIS2	0.2065790327657346
MTF1	ATAD3A	0.20654593051023795
KDM4A	HP1BP3	0.20652538819117644
ZSCAN20	ISG15	0.206503938457265
HDAC1	HSPB7	0.2064963951499459
DMAP1	TOE1	0.2064444881054463
FOXJ3	PINK1	0.20641740184316892
RUNX3	MANEAL	0.20626007287354065
MAGOH	HMGN2	0.20624089190750544
ZCCHC17	LYPLA2	0.20623921292083924
RLF	ECE1	0.20620793570957843
ZBTB40	LRRC41	0.2061965177875304
ZBTB48	RBP7	0.2061678393476642
HIVEP3	SLC66A1	0.20614906173473674
ZBTB48	PEF1	0.2061009902753261
HES4	AL139246.3	0.2060431596257276
ASAP3	DDI2	0.2060322651336495
ZNF691	ELOA-AS1	0.20586801625821788
GMEB1	ZMPSTE24	0.20586338020781866
HIVEP3	MFN2	0.20582515664279982
GMEB1	PIK3CD-AS2	0.20579519568553825
EXO5	UBR4	0.20578692307176555
ZBTB17	VAMP3	0.20578259037761443
MAGOH	CDK11A	0.20575339065144613
ZBTB48	KAZN	0.20572960181411534
ZFP69B	PDE4B	0.205723090423826
ZBTB48	PRDX1	0.2057010810961048
VAMP3	SPSB1	0.2056986003767999
NOC2L	AGO3	0.2056393105502153
ZNF684	BTF3L4	0.2055895979034886
HDAC1	WRAP73	0.205553307153782
NOC2L	SRSF4	0.20546780290673938
LUZP1	GABRD	0.20533511942979887
FOXD3	SNIP1	0.2052330432617557
ZBTB48	BTBD19	0.20521008095442694
ZCCHC17	SYF2	0.20517959372625016
NFIA	SDHB	0.20516984391968346
SCMH1	AL021155.5	0.20509146557704405
DMAP1	THAP3	0.2050443562362051
ZCCHC17	GPX7	0.2050284861491048
ZBTB40	MOB3C	0.205002217789977
POU3F1	SMIM1	0.20490150265713722
VAMP3	ECHDC2	0.2048429803388031
AGMAT	TNFRSF14	0.20476742321633587
JUN	CLSPN	0.20475651556781116
HP1BP3	LINC00115	0.20472095988523825
ZNF436	AC119677.1	0.2046938621381233
POU3F1	C1orf50	0.20464012803573403
FOXJ3	CDC42	0.20462618770207897
ZCCHC17	ZC3H12A	0.2045750752542943
RUNX3	CPT2	0.20456175479963348
FOXJ3	EXOSC10	0.20454989057297568
NFIA	CLCN6	0.20447695255435241
MYCL	ATAD3A	0.20447469147533034
HES4	AL096840.2	0.2044188772081811
NOC2L	TMEM240	0.2044167201510045
RLF	TMEM51-AS1	0.20440494402330917
ZBTB40	H6PD	0.20428712941358068
POU3F1	RERE-AS1	0.20428326642457714
AKR1A1	C1orf167	0.20426454259676596
SSBP3	OSBPL9	0.20414025865551988
MTF1	ZMYM1	0.20406189800940985
SSBP3	KLHL21	0.2039289562584393
MAGOH	TM2D1	0.20386199546716383
SFPQ	ID3	0.20385044868168697
NFIA	AL358075.2	0.2038236580634583
HDAC1	RCC1	0.20378304120860974
ENO1	CPT2	0.20369586795698258
HES5	CCDC28B	0.20363488599445456
NFIA	RERE-AS1	0.20356171982882862
ZBTB17	AL136115.2	0.20349686307109305
ZBTB40	TAF12	0.20347669309258268
FOXD2	MDS2	0.20344513426505234
ZNF362	RBP7	0.20325572208798004
MTF1	THRAP3	0.20323750404851879
SSBP3	SMIM12	0.20318087237484447
ZCCHC17	PTPRF	0.20317320006931866
ZBTB17	CDKN2C	0.2031694369660456
ENO1	SRSF4	0.20301824420667428
PRDM16	AL135960.1	0.2030061894679156
ZBTB48	IFI6	0.20295493655615068
NOC2L	TMEM50A	0.20293132069505543
ZBTB40	HIVEP3	0.20291166682874098
HES4	LRP8	0.2027016228886706
RUNX3	AL139423.1	0.20268269801227523
FOXJ3	KIAA2013	0.20265868746477994
HEYL	PPP1R8	0.20259036715115192
ASAP3	GPATCH3	0.20252546505158311
MAGOH	CYP4X1	0.2024524723904874
ZBTB40	TNFRSF1B	0.20243984250409375
ZBTB17	C1orf174	0.2024258700162592
VAMP3	AGRN	0.20236606335366367
NOC2L	UQCRH	0.20234466216087335
YBX1	FAM110D	0.20228381779199617
RLF	CENPS	0.2021303020746236
MAGOH	RERE	0.20211873372924768
ZCCHC17	MKNK1	0.20208821892060447
ZBTB17	PRPF38A	0.20208299870430962
CPTP	KDM1A	0.20206723949166405
RLF	ZNF691	0.2020499015300097
LUZP1	CROCC	0.202026130724132
MTF1	WDTC1	0.20198590711513628
ZBTB40	ARTN	0.2019831235644522
VAMP3	TRIM62	0.20196927994005193
FOXO6	BX284668.5	0.20196517879137157
DMAP1	PHC2	0.20190171573477889
TAL1	CCDC30	0.20182291683047454
DMAP1	PAFAH2	0.20172041055360299
AKR1A1	LINC01137	0.20171499504962725
TAL1	RUNX3	0.20169931224917084
POU3F1	HMGN2	0.20168571059672202
VAMP3	ELOA-AS1	0.2014980995037212
NFIA	CC2D1B	0.20149483714194238
EXO5	IFFO2	0.20148132399397936
ENO1	NFIA-AS1	0.20141453468828924
HES4	PHACTR4	0.20134353282299974
MAGOH	POMGNT1	0.20133975613906077
ZFP69B	BTF3L4	0.20130547794047862
NOC2L	IPP	0.20125518675765922
MTF1	UQCRH	0.2012268534048567
LUZP1	SH2D5	0.20115095808048736
HDAC1	STIL	0.2010111611701258
PRDM16	AL020996.1	0.200990055914922
FOXO6	CPTP	0.20096012295274315
ZBTB48	ZMYM4	0.20091009005619084
RLF	AL021154.1	0.20089640225791758
NFIA	MED18	0.20080857529722645
ZNF436	DNAJC8	0.20075491608310844
ZCCHC17	YARS	0.20065906940334574
HDAC1	CASP9	0.20065206552375017
ZBTB40	SLC25A34	0.20055229552653678
HDAC1	CACHD1	0.20051836084074906
DMAP1	ANKRD65	0.20051013406368545
VAMP3	LRRC47	0.2004971220304247
ASAP3	LEPROT	0.20046450415948172
VAMP3	BMP8A	0.20045873238518405
FOXJ3	TRABD2B	0.20045575121628018
NFYC	TMEM51	0.2004480893827344
RLF	ASAP3	0.2003983450364282
NOC2L	STX12	0.2003874262276404
ZNF684	DDI2	0.20037642819273208
NFYC	TMEM50A	0.2003526402974168
JUN	LINC01778	0.2003438198858537
SMAP2	AL109811.2	0.20030400153871014
HES4	UBE2J2	0.20030172575242383
NFYC	ATAD3C	0.20029616650967105
HIVEP3	UBXN11	0.20026811138940695
VAMP3	JAK1	0.2002378378865429
GMEB1	HES5	0.2002027095291487
EXO5	CTPS1	0.20020130741194905
NOC2L	FCN3	0.2001877548858873
ZBTB40	UTP11	0.20016282677507952
FOXJ3	ATG4C	0.20015141091437194
ASAP3	TTC34	0.2001283375736089
HP1BP3	AC119800.1	0.20006604571884412
SCMH1	CASP9	0.2000649820377476
RUNX3	MDS2	0.20004799363584813
CPTP	TMEM35B	0.199988103142367
NFYC	PODN	0.19995757018992977
MTF1	PRDX1	0.19993818104441122
MAGOH	CDKN2C	0.19988816990364214
ZBTB48	RERE-AS1	0.19988713237396588
HDAC1	KIF1B	0.19986588599749183
HES4	AL445183.2	0.19983940404654194
HEYL	STK40	0.1998256873828333
NFIA	AL513320.1	0.1998050733374552
ZNF362	JAK1	0.1997687021960457
HES5	EBNA1BP2	0.19976522530973667
ZNF684	MKNK1	0.19973303090620584
AKR1A1	WNT4	0.1997155859335963
CPTP	FAAP20	0.19971126509217677
HES5	CDK11B	0.19966853208449659
HES4	CCDC24	0.19964566244983095
FOXD2	USP48	0.1996310291089828
ASAP3	UBE2J2	0.19956589403330643
VAMP3	TMEM69	0.19953458792099585
NFIA	THEMIS2	0.19949987986053871
CPTP	FGR	0.19948458734745186
POU3F1	SELENON	0.19940702645098968
FOXJ3	MAD2L2	0.19939867398935907
DMAP1	FOXD2	0.19938486938200944
FOXD2	PDIK1L	0.19937574625241808
ZCCHC17	PLK3	0.19933722846210175
ZNF362	SRSF10	0.19932753374151094
SSBP3	C1orf159	0.1993234695136757
HDAC1	GPATCH3	0.1992831375005618
JUN	FAM41C	0.1992311854590378
SCMH1	CELA2B	0.19920992859007725
ZNF436	MXRA8	0.1991884165753149
VAMP3	HP1BP3	0.19914906899948212
MYCL	TRAPPC3	0.19896361124612746
HIVEP3	MRTO4	0.19890285567734506
ZFP69B	INTS11	0.19870462418335916
FOXD2	EVA1B	0.19867731987212342
ZNF436	PTPRF	0.19865586456475703
ZBTB48	SLC9A1	0.19861288840966346
HES5	CDC20	0.19860457708059304
ZBTB48	TACSTD2	0.19860193356664374
FOXJ3	CZIB	0.1985774797574961
KDM4A	PSMB2	0.19855365144850934
ZNF436	DDOST	0.1985294592931414
NOC2L	UBXN11	0.19844945695459051
MAGOH	DNAJC6	0.19838184735999467
ZBTB40	ATAD3B	0.19837833897920978
MYCL	COA7	0.19837143795521445
ENO1	C1orf122	0.1983224439532617
HIVEP3	FAAP20	0.1982792375546427
RUNX3	NBPF1	0.1982395760970195
MAGOH	TSPAN1	0.19819980577008775
VAMP3	NOL9	0.19818544409444216
NOC2L	AK2	0.19815174208589648
ZBTB17	RER1	0.19810428852855747
YBX1	CYB5RL	0.198087645636673
VAMP3	AGO4	0.19802239058847945
ZNF436	MECR	0.1979697956107465
HES5	GPBP1L1	0.1979657974558296
RLF	NBL1	0.1979514917103391
MAGOH	SH3BGRL3	0.19793916516371282
SSBP3	EXOSC10-AS1	0.1979190042227286
HES5	CAMTA1	0.19790902734975335
POU3F1	TCTEX1D4	0.1978983824150203
ZCCHC17	MATN1-AS1	0.1978440055347554
ZBTB17	HES4	0.19784272918289428
DMAP1	TIE1	0.19782096903692567
ZNF684	PEF1	0.19780464823897417
VAMP3	OSBPL9	0.19779154150854503
HES4	ZBTB48	0.1977748922069853
SCMH1	RPS6KA1	0.19776030308000528
ZSCAN20	ZMYM1	0.1977602440616229
ZFP69B	TNFRSF1B	0.19775435371489586
ZNF684	ISG15	0.19772816139126737
ZSCAN20	ZYG11B	0.1976295513430835
NOC2L	AL020997.2	0.19758933540174187
AKR1A1	STK40	0.1975781834015581
ZBTB17	EVA1B	0.19754237723608706
KDM4A	COL8A2	0.19750968339178138
HP1BP3	ZNF362	0.197502815307167
HEYL	SPEN	0.19743468688501467
YBX1	PAQR7	0.19741976482747506
FOXO6	MACO1	0.19739580291371506
GMEB1	NASP	0.19737031771364294
MAGOH	PABPC4	0.19735965349674017
POU3F1	GNB1	0.19735937548688126
AKR1A1	UBE2J2	0.19733020722549052
ZBTB48	MAP7D1	0.19731882543847162
NOC2L	AL034417.3	0.19728640008952725
SCMH1	TCTEX1D1	0.1972692563472476
LUZP1	SGIP1	0.19726078431267663
TFAP2E	TNFRSF1B	0.19723859928259851
YBX1	SH3D21	0.19717802069208926
HIVEP3	SPEN	0.1971515882100637
KDM4A	IFFO2	0.1971515291201021
CPTP	TNFRSF1B	0.19712395378230943
LUZP1	NFYC-AS1	0.19711509487517634
HDAC1	SRSF4	0.19710216680381706
HDAC1	PTAFR	0.19704066817490676
ZBTB48	SLC25A33	0.1969881826864548
GMEB1	RPA2	0.19693710255494323
DMAP1	PGM1	0.1969310212353986
E2F2	ZFP69B	0.19692033337433837
MTF1	INPP5B	0.19688294162979741
AGMAT	AL139246.5	0.19683916440380145
HIVEP3	CDA	0.19681001497556153
ZBTB40	PSMB2	0.19678538287573713
TAL1	KANK4	0.19677186438776673
YBX1	DFFA	0.196710680422072
YBX1	FOXD3-AS1	0.1966928591646022
HES5	KIAA0319L	0.19660209577938517
ZNF684	AGO3	0.19655999949049277
NFIA	SSU72	0.19655314610652297
HP1BP3	ZMPSTE24	0.19648585184917094
ZFP69B	IFFO2	0.19625790367405896
RLF	MAST2	0.19616826061071238
RLF	TMEM234	0.1961646830003274
ENO1	TAL1	0.1961383529598404
ZNF684	KHDRBS1	0.19613749047054183
KDM4A	TNFRSF18	0.19608907414959048
RLF	NBPF1	0.19608513518359164
DMAP1	C1orf167	0.19607637996146302
SSBP3	GNL2	0.19605580162080194
SFPQ	CYP2J2	0.19601778914436038
ZBTB17	AL162430.2	0.19600005565822468
VAMP3	KTI12	0.1959345949576668
GMEB1	CLIC4	0.195908367422457
MORN1	NPHP4	0.19585913838614866
HDAC1	KIF17	0.19580131636305506
HDAC1	CLSTN1	0.19580114929089512
HES4	HECTD3	0.19576544008411206
ASAP3	ITGB3BP	0.19571043026396392
FOXJ3	AGTRAP	0.19566795818927038
TP73	SH3D21	0.1956628658006788
RUNX3	ZBTB40	0.19553042825184797
POU3F1	PEX10	0.1955245650351634
RLF	PLCH2	0.19540358239173009
ZBTB17	DDOST	0.19539249544270199
ZNF691	NMNAT1	0.19537168972570412
NOC2L	SFN	0.1953515455898338
HIVEP3	FO704657.1	0.19531926699563235
HDAC1	ARMH1	0.19530194600033177
POU3F1	AL445183.2	0.1952844728587785
ZNF436	SNHG12	0.19527419705041552
HDAC1	DOCK7	0.19513038474923255
HES4	CAP1	0.19511972876955244
HDAC1	SELENON	0.19511938435779658
ZBTB17	FAM76A	0.19509491625581077
ZCCHC17	FAAH	0.19508108461536072
ENO1	FOXO6	0.19494353765354686
ZFP69B	PTAFR	0.1949285721907122
NFYC	ARTN	0.19489507784651006
RUNX3	BX284668.2	0.19485081298445656
PRKAA2	SPEN	0.1948363552370832
HES4	HP1BP3	0.19475394046988748
FOXO6	SPSB1	0.19472941257459864
TAL1	JUN	0.1946924817634211
NFIA	RBBP4	0.19468788869230402
HP1BP3	KIF17	0.19462852578665105
CPTP	MECR	0.19460973682198052
RUNX3	AHDC1	0.19456457662308274
MAGOH	NCDN	0.1945560216634029
ENO1	DHRS3	0.1944476155333342
DMAP1	HP1BP3	0.1944396791740327
ZNF436	PPIE	0.1944348363427788
ENO1	LDLRAD2	0.1944196059578704
HEYL	AKR7A2	0.1943539708444609
YBX1	HNRNPR	0.19434033488200755
ZSCAN20	FAM76A	0.19433492936023178
ZNF691	SSBP3	0.1943168936664905
ZNF684	MAST2	0.19429149644679078
ZNF362	ITGB3BP	0.19406849624635353
LUZP1	AC093425.1	0.19406118629573504
YBX1	LINC01137	0.19399337697168967
HES5	RPS8	0.19399025642188555
VAMP3	TARDBP	0.19395052079418737
PRKAA2	PDIK1L	0.1939369755367713
MTF1	KIF17	0.193866357685202
MTF1	MATN1-AS1	0.1938301917870369
ZFP69B	TRNAU1AP	0.19382723429512647
FOXJ3	PRDM2	0.19378133845629886
FOXJ3	LRRC47	0.19373510656588067
ZBTB17	CCDC24	0.19372044473429786
RLF	AK4	0.19363938192843663
MORN1	DVL1	0.1936001756317113
ZCCHC17	MFN2	0.19354378175622944
HES4	LINC01358	0.19349880013205906
GMEB1	EPHB2	0.19345180223707006
HDAC1	PER3	0.19343903565831513
ZFP69	DNALI1	0.19342101232872316
HEYL	ZYG11B	0.1933801534913352
ZBTB40	CMPK1	0.19333862141574384
RLF	SPATA6	0.19330603777066901
DMAP1	CZIB	0.19320524147722246
PRDM16	GNB1	0.19320196935115178
FOXJ3	MRPL20-AS1	0.19315895246702408
NFIA	AL513327.1	0.19309136323791384
SFPQ	LINC01226	0.19298682437191678
ZBTB40	TESK2	0.19295461597431887
VAMP3	TMEM125	0.19293499524399235
GMEB1	CAPZB	0.19293204250711424
NOC2L	NECAP2	0.1929234538015665
NFIA	LINC01778	0.19287778678727888
ZCCHC17	TNFRSF9	0.1928408185965421
NFYC	LINC02574	0.19283597074108186
DMAP1	KCNAB2	0.1928325943368644
YBX1	CTRC	0.19283129612532462
POU3F1	HECTD3	0.19278587595293062
NFYC	FAF1	0.19276243280339658
POU3F1	GJA4	0.19272074231291575
HDAC1	FNDC10	0.19269486994556928
CPTP	LAPTM5	0.1926917279109684
RLF	KIF17	0.19264788567008398
HES5	SH3BGRL3	0.19264615399580215
FOXJ3	MFSD2A	0.19263252284615168
NFIA	KCNAB2	0.19259128586441335
ZNF691	SDF4	0.19257998658325187
DMAP1	ZCCHC17	0.19249409905739528
ENO1	MMP23B	0.1924424735609556
FOXJ3	KDM4A-AS1	0.19239707770544767
GMEB1	TAL1	0.19229309959861202
MORN1	ZYG11B	0.19228580412616364
RLF	CD164L2	0.19226786005100802
ASAP3	YRDC	0.19216472252382708
LUZP1	JUN	0.19215891873355131
SFPQ	XKR8	0.1921583428417839
HIVEP3	AL139260.1	0.1921253020914581
MAGOH	FUCA1	0.19211649118437665
SMAP2	LINC01772	0.1920898760828754
ZNF362	PHF13	0.19208192187557382
ZCCHC17	GJA9	0.19204253964971812
EXO5	MUTYH	0.19203047686088126
ZCCHC17	PHF13	0.1919481865165697
ZBTB48	PLOD1	0.1919448472486939
AKR1A1	CCDC28B	0.19189613697649532
HIVEP3	CDC20	0.1918903111886966
NFYC	ZMYM1	0.19186431588735645
FOXJ3	BX293535.1	0.1918590289480734
DMAP1	NECAP2	0.19181574194426254
HES5	NUDC	0.1917949519955437
ZFP69B	PUM1	0.19166381730529194
ZSCAN20	OSCP1	0.19162157420599119
HES5	MIER1	0.19161211304314787
JUN	SAMD11	0.19159846106393577
NFIA	TCEANC2	0.19153714601190316
HDAC1	OMA1	0.1914545388338373
AKR1A1	AK4	0.19133216256159083
ZNF436	C1orf167	0.19132783804878487
CPTP	DNAJC11	0.19118131571595065
ZNF362	TP73	0.19114140547602265
PRDM16	AK4	0.19111911854685376
ZFP69	SF3A3	0.1910922264892702
LUZP1	RERE-AS1	0.1910653820222342
TAL1	P3H1	0.19101661398980313
RUNX3	GNL2	0.1909219985655908
ENO1	TTLL10	0.19083810893911776
VAMP3	TTC4	0.19078531662894715
VAMP3	PLEKHG5	0.1907620307636651
HP1BP3	ZBTB8A	0.19074349369712523
ZBTB48	PTAFR	0.19074077509521042
ZNF691	MTOR	0.19067682780793913
ZCCHC17	AL590822.2	0.1906659469637163
HES4	DISP3	0.1905857100553119
HIVEP3	MED8	0.1905214999611442
HES5	PLOD1	0.19045829888915083
ZCCHC17	LINC01128	0.19045764069656224
ZNF684	ELOA-AS1	0.1904512896027052
NFIA	B3GALT6	0.19029022390680345
GMEB1	ZSCAN20	0.19027623578958877
YBX1	AL031283.1	0.19025025572565807
DMAP1	AL021155.5	0.19023879186393025
FOXJ3	DPH2	0.19023318198217365
AKR1A1	TESK2	0.1902260733627605
GMEB1	UBE2J2	0.19014909222032705
POU3F1	RLF	0.19009899837775465
MTF1	JAK1	0.19005238502914226
SSBP3	OXCT2	0.18994479705062864
POU3F1	SNRNP40	0.18994022764866003
POU3F1	CYP4X1	0.18992850702768885
TAL1	LRRC41	0.1898812835121077
SMAP2	LINC01135	0.18986386806215713
GMEB1	LINC01135	0.18984721329554155
RUNX3	LINC01409	0.18982511970302657
MYCL	CALML6	0.18982168563603763
MYCL	ATP13A2	0.18971340676464724
DMAP1	MIR34AHG	0.1896498783083692
HES4	LCK	0.1896147515044117
RLF	FAM43B	0.18961143819299428
HP1BP3	LINC01359	0.18959594677157202
KDM4A	TRIM62	0.18957053636756607
HES5	MECR	0.1895174237176519
TAL1	EYA3	0.18946985064696395
TAL1	AL357079.1	0.18943207466999978
ZNF436	GJA9	0.18938689757310453
AKR1A1	AL031280.1	0.18937148232312953
ENO1	LINC01772	0.18927229216311325
CPTP	YTHDF2	0.18925327376866885
VAMP3	ICMT	0.18922406254744634
NFIA	CASP9	0.1891426997506276
MTF1	PLEKHM2	0.18914214450578593
SSBP3	AL135960.1	0.18911429864603554
ZNF684	TACSTD2	0.18906168661873785
NOC2L	TTLL10-AS1	0.18888366813942184
FOXJ3	SCNN1D	0.1888240942445879
CPTP	SYF2	0.18882113775392467
ZCCHC17	SLC35E2B	0.18874370938011675
AKR1A1	OSCP1	0.18874248365693527
MTF1	AC114488.3	0.18874247642240521
MAGOH	PHC2	0.18873800373710434
ASAP3	MAP3K6	0.18869537340529166
FOXJ3	TRNAU1AP	0.18858067614535542
RLF	SZT2	0.18846332307685118
ZBTB17	SRSF10	0.18841255382008185
POU3F1	PRKCZ-AS1	0.18840841512873674
LUZP1	FGGY	0.18840512067776766
HES4	NFYC-AS1	0.18839394664137576
ZBTB17	FHAD1	0.188341804378941
DMAP1	TESK2	0.18826136591959192
MYCL	NDC1	0.1881878076303706
MAGOH	SLC35E2A	0.18816141569098158
ZBTB48	AC004865.2	0.18815968593061075
RLF	ELOA-AS1	0.18808576554152057
ZFP69B	DVL1	0.1880688814908671
HES5	UTP11	0.18801699186810186
RLF	PLEKHG5	0.18797295840536526
SSBP3	VWA1	0.18786040209562627
SSBP3	MMEL1	0.1877784644612259
DMAP1	MYCBP	0.18774755861073503
HDAC1	KCNAB2	0.1876733112321933
SSBP3	SLC35E2B	0.1876587042554025
AKR1A1	ACAP3	0.18763043737340745
HES5	HYI-AS1	0.1876095377443405
DMRTA2	MTHFR	0.18759510427666187
MAGOH	KCNAB2	0.1875790861179325
NFYC	LRP8	0.1875784829509822
YBX1	DMAP1	0.18756674710467006
GMEB1	UQCRH	0.1875059111324937
HDAC1	ZYG11B	0.18743464822540287
HES4	CDC42-AS1	0.1873771171589121
HIVEP3	CAP1	0.1873750388757062
RLF	CAPZB	0.187357061487433
LUZP1	AL034417.3	0.18734949656695868
ZBTB40	ARHGEF16	0.18733981555210003
ZBTB48	GABRD	0.18718201442499424
MAGOH	AL451042.2	0.1871386078208562
ZFP69B	CLIC4	0.18707129076004067
HDAC1	BX284668.6	0.18705912551837156
ZBTB40	WRAP73	0.18705365663193219
PRDM16	TMEM39B	0.1870380024265957
FOXJ3	CTRC	0.18702400167705063
ZCCHC17	PRXL2B	0.18700663521933422
PRKAA2	IPP	0.18700196081424578
AKR1A1	AL450998.2	0.1869686560853547
NOC2L	RERE	0.18677639041033348
ZNF684	DHRS3	0.18672228654217235
DMAP1	FOXJ3	0.1867201482677869
DMAP1	RCC2	0.1867180293618235
SCMH1	RNF19B	0.1866063680172304
SSBP3	CDKN2C	0.18659001881670798
KDM4A	FOXO6	0.18658205242359377
HDAC1	LINC02777	0.18657320597535723
HES5	EIF2B3	0.18654923065928747
ZBTB17	ANKRD65	0.1865105558211337
HIVEP3	PITHD1	0.18646628889465702
MORN1	BTBD19	0.18646251504624475
ZCCHC17	PRPF38A	0.18643918716659383
RLF	DNALI1	0.18638360569602086
MAGOH	LINC01226	0.18627810983533458
POU3F1	PHF13	0.1862778625763078
LUZP1	ISG15	0.1862583494127944
ZNF362	SMAP2	0.1862490029249831
ZBTB17	ZMYM6	0.18616498236981652
ZBTB48	COA7	0.18614184656603208
DMAP1	LINC01226	0.18611991704358152
RLF	ZBTB8A	0.18609496641269752
HES4	MECR	0.1860796100896936
HES4	TNFRSF18	0.1860223184049413
MYCL	H6PD	0.1860015336331655
FOXJ3	STIL	0.1859710876300353
TAL1	TMEM234	0.1859064766761146
FOXJ3	AC093425.1	0.18589855372285521
LUZP1	CEP85	0.18584868111246838
KDM4A	C1orf216	0.18575374940516243
ASAP3	GPR3	0.18573220670309987
ZNF691	DMAP1	0.18571746103358305
ZNF436	PHF13	0.18570966377388046
ZNF691	SLC9A1	0.185689667367587
ZNF436	TRIM62	0.1856860674979538
FOXD2	NOL9	0.1856731364672625
KDM4A	TMCO4	0.1856700304165222
HP1BP3	PLEKHM2	0.18561544411608646
DMAP1	BX284668.2	0.18558248484604986
TAL1	PSMB2	0.18549892311608274
NFYC	NCDN	0.18549817520835774
ZNF436	ROR1	0.18547769336953535
POU3F1	TINAGL1	0.18544741162072553
SFPQ	GALE	0.18543111713146743
NOC2L	MAD2L2	0.18526585410279336
NOC2L	PPIE	0.18520929410524883
ZBTB40	CNR2	0.18519958329974787
FOXJ3	NECAP2	0.18517367763925366
GMEB1	KAZN	0.1851674563777945
ZBTB48	SYTL1	0.18505300146612794
ZBTB40	AGO4	0.18500922005375303
NFYC	BTF3L4	0.1849738663759003
RUNX3	SLC2A5	0.1849202282052995
ZNF684	POMGNT1	0.1849189567911035
ZNF436	PHC2	0.18491771740715526
NFIA	ZNF436-AS1	0.18490286820610305
NFIA	TFAP2E	0.18482382918274454
SFPQ	EXOSC10-AS1	0.18476518544167417
YBX1	TAS1R3	0.18476225483858247
RUNX3	HTR6	0.1847533349277864
ZCCHC17	TMEM53	0.18471765373135526
PRKAA2	SLC35D1	0.18468383000934155
HDAC1	AL805961.1	0.18467205801907283
AGMAT	SRSF4	0.18466410032119634
NFIA	AGMAT	0.18464945387347526
AKR1A1	FAM87B	0.18463977265434117
SSBP3	PLOD1	0.18462433506812104
ZNF691	ATP5IF1	0.18461632857580632
YBX1	ZNF691	0.18457205478521882
TAL1	TCTEX1D1	0.1845542387105978
FOXJ3	RCC1	0.184523667030442
RUNX3	ALPL	0.18451403511528028
MTF1	MARCKSL1	0.18448670093389596
FOXJ3	EPHA2	0.18440579932914705
DMAP1	DFFB	0.18435080594154346
PRDM16	NUDC	0.18431445790174164
ZBTB17	LINC01135	0.18428324481002395
HIVEP3	BTF3L4	0.1842451896722318
CPTP	AL109811.1	0.18424107912295096
SSBP3	NADK	0.18423026494363712
HES4	STMN1	0.18422990937228967
RUNX3	MAP3K6	0.1842006150878052
HP1BP3	FBXO2	0.1841226761446073
HP1BP3	FAM110D	0.18410588634126152
VAMP3	ACOT7	0.18406464344896928
PRKAA2	MACO1	0.1839946262942433
NOC2L	GNL2	0.1839871473631188
VAMP3	TAS1R3	0.18392632266279582
RUNX3	SLC66A1	0.1838762868631362
RUNX3	FHL3	0.18387525643458616
HES5	TMEM54	0.18382563691476533
NOC2L	ZNF362	0.1838204752559273
ASAP3	RPA2	0.183809127258008
VAMP3	FAM76A	0.1837707736335263
VAMP3	CNKSR1	0.1837682788256262
ZNF684	AL031432.4	0.1837664582194781
FOXJ3	AL139423.2	0.183715709643004
FOXJ3	NIPAL3	0.18364794704439466
HES5	KIF1B	0.18364570480119533
LUZP1	ST3GAL3	0.18364186849545766
DMAP1	LINC00115	0.18357367462013646
RLF	C1QA	0.1835685358429708
VAMP3	AKIRIN1	0.18348927878137397
SFPQ	CTRC	0.18347819969722376
MORN1	KIF17	0.18347547613371148
ENO1	ENO1-AS1	0.1834323514695564
FOXJ3	AL513327.1	0.1834269449694995
FOXJ3	TMEM39B	0.18337754062276668
PRDM16	ZMYM4	0.18328550660086024
RLF	DNAJC6	0.18326344702395356
SSBP3	RERE	0.18322117948531083
FOXJ3	DFFB	0.18317240678832725
ZFP69B	RUNX3	0.18317170764242777
ASAP3	VAMP3	0.18312889861956164
FOXJ3	AL512353.1	0.18311901316837645
HES5	PER3	0.18311186815289185
ZFP69B	NMNAT1	0.18310463374059718
TAL1	BEND5	0.18307313349070733
SSBP3	TTLL10	0.18305365620349168
FOXD3	MTHFR	0.18301851894908638
FOXJ3	ADPRHL2	0.18301485418873745
SSBP3	ELOVL1	0.1829600983833974
SSBP3	DDOST	0.18293537973197688
ZFP69B	SHISAL2A	0.18288929265591014
MAGOH	KIF2C	0.18281190306177816
JUN	AL445183.2	0.1827948372104236
MTF1	RIMKLA	0.1827643629204838
ZCCHC17	AL590434.1	0.18273710772763244
POU3F1	FOXJ3	0.18272379790669382
DMAP1	ATAD3A	0.18260925091275798
SSBP3	HES4	0.1825920853665252
ZNF684	CCDC28B	0.1825768482867497
ZBTB48	AL139246.5	0.1825532086520438
ZNF436	KCNAB2	0.18254992971334882
TAL1	HTR6	0.18250769011883228
SSBP3	UQCRH	0.18247966712286642
AKR1A1	PTPRF	0.18245486361701418
RUNX3	OMA1	0.18241051936742125
TP73	AL139220.2	0.18240742727333592
AKR1A1	GPN2	0.18239073910587894
MTF1	LINC01137	0.18236202809634888
HP1BP3	FBXO6	0.18233847163693329
ZCCHC17	ICMT	0.18232555444616788
HP1BP3	ELOA-AS1	0.18231024690043776
NFYC	GPR157	0.1822973129642776
AKR1A1	ZBTB40	0.18228435792908257
HP1BP3	UBIAD1	0.18226920032585847
ZBTB48	PPIH	0.18224294635428037
SSBP3	PTP4A2	0.18208376261944156
HES5	KANK4	0.18205140477825674
JUN	ACOT11	0.18201804985868325
PRDM16	BTBD19	0.1820082673718928
NFIA	OTUD3	0.18194001471676638
JUN	AL590434.1	0.18183738026670715
CPTP	AL031432.4	0.18182954159450138
HP1BP3	PLPP3	0.18177974236154848
ZBTB17	SLC25A33	0.18177700267057623
ZNF684	SSBP3	0.18167581823219234
ZBTB48	EVA1B	0.18166632357601725
SSBP3	POU3F1	0.18163227748608646
HES4	SMIM12	0.18158746621859906
ZBTB48	GPX7	0.18143993651588738
VAMP3	FNDC5	0.1814322656988372
HEYL	MAP7D1	0.18142772727862963
SSBP3	AKR1A1	0.1813612409771882
ZNF684	ENO1	0.18135730814636164
AGMAT	TMEM53	0.1813540752002707
HP1BP3	SELENON	0.18131323184505474
HES5	NFIA	0.18127974550317616
HDAC1	TMEM50A	0.1812723498249384
MAGOH	BEND5	0.18124416759494535
TAL1	EVA1B	0.1812062677764222
RLF	RAB3B	0.1811585551494991
MORN1	PANK4	0.18104195978021476
ZBTB48	PGD	0.18099643817227984
FOXO6	MTFR1L	0.18098640080432732
ZCCHC17	PTCH2	0.18093239931801633
ASAP3	BTBD19	0.18091236529922008
SFPQ	SLFNL1	0.18091154623481726
HDAC1	SFPQ	0.1808572754406211
SCMH1	PIK3R3	0.18074549226512573
VAMP3	FGGY	0.18074196967973938
NFYC	CCNL2	0.18073415880909685
FOXJ3	AL031432.3	0.18071007029023334
ENO1	SHISAL2A	0.18070364233907055
ZNF362	MECR	0.18057494935979715
YBX1	RPA2	0.1805115162301828
ZNF436	TMCO4	0.18051118907222982
MORN1	HMGCL	0.1804251536181121
SSBP3	PRDX1	0.18042038121001433
SCMH1	ATP5IF1	0.1804052858087194
ZCCHC17	MTHFR	0.18027653213047704
SCMH1	SRSF10	0.18020396412057893
SMAP2	BX284668.6	0.18017131244358472
ZFP69	BTF3L4	0.18016575470285756
MYCL	ZYG11B	0.18014806620092894
HDAC1	SDC3	0.1801032730982143
JUN	DMAP1	0.1800091546078748
FOXJ3	SESN2	0.1799790286844595
HP1BP3	ROR1	0.17996889114376338
SFPQ	FAM131C	0.17992047283918128
VAMP3	NBPF1	0.17990012324103993
HDAC1	AGO1	0.17984974879555204
ZNF436	RUNX3	0.17980772690347951
KDM4A	LINC00115	0.17980480751559866
HES5	CD52	0.17977637913490355
NOC2L	CTNNBIP1	0.17973695608112422
ZNF362	AL512353.1	0.17946353658905995
ZCCHC17	BX293535.1	0.17943357335201968
ENO1	HYI	0.17941916459659024
MYCL	CCDC24	0.1793992037724982
HES4	LINC01772	0.1793807346494142
RLF	AL645608.7	0.17935650981070964
DMAP1	PGD	0.17932993085111762
RUNX3	SYNC	0.1792837446939865
ZBTB40	LUZP1	0.179239317002068
PRDM16	KIAA2013	0.17923092290678058
LUZP1	SHISAL2A	0.17914896961762242
ZCCHC17	CTRC	0.17914436027882544
FOXD2	RNF19B	0.179130617002524
SSBP3	MUL1	0.17908451875321674
HIVEP3	MEAF6	0.17906227917924203
SMAP2	MMP23B	0.1790276765825278
DMAP1	EPB41	0.17895456846114954
HEYL	MEGF6	0.17893261092108928
VAMP3	FABP3	0.17893195019910196
ZBTB40	LINC01137	0.17886588474666654
HES4	ACOT11	0.17864417508424052
TAL1	NECAP2	0.17863233576772156
HP1BP3	KIAA0319L	0.17852549597320377
CPTP	CLCN6	0.1784224894277893
ENO1	HES5	0.178407705255199
GMEB1	MRPL20	0.17839213970296489
MAGOH	EMC1	0.17837999882697433
MTF1	C1QA	0.17836444594967152
TAL1	LEPR	0.17834710624310035
YBX1	ZSWIM5	0.17828606538558486
ASAP3	RCAN3	0.17824522683485242
ZNF684	TARDBP	0.17817115115414708
ZFP69B	ALPL	0.1781582547584143
POU3F1	TNFRSF25	0.17815552273768323
HIVEP3	MAP3K6	0.1781325453524079
AKR1A1	DHCR24	0.17801170184373244
GMEB1	HMGCL	0.17799431042717695
ZBTB17	CYP4B1	0.1779660846478274
YBX1	LRRC42	0.1779499172234056
MTF1	SRSF4	0.17794392496199474
PRKAA2	KDM1A	0.17789827305809053
VAMP3	C1orf109	0.17785958308658661
MORN1	BX284668.5	0.17785346673358737
ASAP3	CPTP	0.177850931419688
DMAP1	SLC9A1	0.177815288774604
NOC2L	DFFA	0.177798019897696
ZCCHC17	EIF4G3	0.1777631713889091
NFYC	WASF2	0.17773511518116258
ZBTB40	FOXO6	0.1777269186183485
ZBTB48	PITHD1	0.17768888318319515
YBX1	NFIA-AS1	0.17761096301573834
ENO1	TMEM35B	0.17756302756868786
AKR1A1	AL020997.2	0.1775497776367797
HP1BP3	AC114488.3	0.17752294467788166
MAGOH	GPATCH3	0.1774795193988518
HEYL	NBPF3	0.17743163331700054
SCMH1	GPN2	0.1774037004909729
PRDM16	SRSF10	0.1773859909527876
ZNF436	ZFP69B	0.17738409166541982
FOXJ3	AL590822.2	0.17730706406644034
NFIA	SAMD11	0.17728418073489308
LUZP1	RIMS3	0.17722409724316635
ZNF436	USP1	0.17721589513890093
NFYC	DFFB	0.1771880498194283
ZBTB40	KPNA6	0.1771732868517521
ZBTB40	MAP7D1	0.17716939845535185
SCMH1	ERMAP	0.17714784354515464
FOXJ3	CC2D1B	0.17713410009309535
RUNX3	HDAC1	0.17711431103253578
ENO1	SLC35E2A	0.17711375045463223
ZBTB17	WDTC1	0.1771011743997444
HP1BP3	FGGY	0.17707555931730581
HES4	CLIC4	0.1770532280356083
FOXJ3	SCP2	0.17699651564550387
RLF	NASP	0.1769325552336352
HDAC1	AL050341.2	0.17689696540927508
KDM4A	CMPK1	0.17684328864958146
ASAP3	HES5	0.17679977393044985
SCMH1	ZBTB8A	0.17678745925297712
ZFP69B	AL137802.2	0.17677038990163849
TAL1	SPSB1	0.1767473397298038
HP1BP3	MAP3K6	0.17672006573271845
HIVEP3	BEND5	0.17669248238283716
E2F2	ZYG11B	0.1766543733292769
ENO1	FNDC10	0.17658415222258436
NFYC	GPBP1L1	0.17652843295859524
NFYC	RERE	0.17649698043408155
NFYC	LAPTM5	0.1763811161111305
ZNF684	FGGY	0.17633530139698073
ZBTB40	DHRS3	0.17632909590173915
FOXD2	SYTL1	0.17629442314571736
RLF	FAM76A	0.1762106455226876
LUZP1	BEND5	0.1761486376657018
DMAP1	DPH2	0.17613456880974335
DMAP1	H6PD	0.17609974732634676
ZBTB48	EPHA2	0.17608797350687452
VAMP3	MMEL1	0.17606352254797475
TAL1	MACF1	0.17606306187841222
HDAC1	SYF2	0.17601953109159926
FOXJ3	ESPN	0.17600954412828346
HIVEP3	LINC00339	0.17591902847142565
FOXJ3	TMEM125	0.1758878970184994
NFYC	GJA4	0.17586827242958197
SSBP3	WDR78	0.17585454293142758
LUZP1	GPR153	0.17585162694972867
HES5	B3GALT6	0.17580927239350044
MAGOH	MDS2	0.17577471915017312
PRDM16	STK40	0.17576690955284688
POU3F1	KCNQ4	0.1756701980371064
KDM4A	RPA2	0.17558478345604306
POU3F1	SCMH1	0.1755669851085222
ASAP3	FAM167B	0.17556212787799585
AKR1A1	ATAD3C	0.17556120169472703
ZBTB40	TENT5B	0.175560941680194
SFPQ	AL109936.6	0.17556048663863388
RLF	C1orf216	0.17555592997591604
HES5	BX284668.5	0.17555252628639773
SMAP2	ELOA	0.1753761405537578
FOXJ3	DHCR24	0.17535618841945072
HDAC1	MFSD2A	0.17531421144051954
ZBTB17	SSU72	0.1753016258126639
ENO1	HEYL	0.17526767645964048
ZFP69	PSMB2	0.17525569482377026
ZNF436	PIGV	0.17520828847630138
RLF	SCP2	0.1751964675326862
ZCCHC17	RRAGC	0.17505547774473434
HDAC1	STK40	0.17500197136367934
FOXO6	EIF4G3	0.17495821296750158
SMAP2	DHDDS	0.174884282209455
FOXD2	MARCKSL1	0.17484700974021064
DMAP1	PTP4A2	0.17479229292532783
PRDM16	POU3F1	0.17478907629230375
DMRTA2	TCEA3	0.17475899514945398
DMAP1	TCEA3	0.1747539173624765
MTF1	PTAFR	0.17467425949394272
RLF	CLSPN	0.17458613592536515
ASAP3	EFHD2	0.17451033598233937
RLF	ATAD3A	0.17440501647901843
NOC2L	HSPG2	0.17439985906742744
POU3F1	EFCAB14	0.17437303542635232
ZFP69	PPT1	0.1742734173110128
HP1BP3	YIPF1	0.17425573045500709
LUZP1	RPS8	0.1742432633442772
HES4	YBX1	0.17421376322248022
ZBTB17	ZDHHC18	0.1741045699828713
KDM4A	YIPF1	0.17406634932395648
AKR1A1	YRDC	0.17405212341054557
ZNF362	AGO3	0.1740509415615696
FOXD2	CDK11B	0.17404721190989447
ZBTB40	TRIT1	0.17403920340721807
HDAC1	TARDBP	0.1739965255250149
MYCL	AC099791.2	0.1739574511372212
ZFP69	AHDC1	0.17395543360626123
SMAP2	AC004865.2	0.1738982922544706
CPTP	ZYG11B	0.1738971538448365
VAMP3	MIER1	0.17385287413451883
MTF1	KAZN	0.1738353828093925
MTF1	LRRC42	0.1738129645150278
FOXJ3	GALE	0.17379137691116392
ASAP3	COL9A2	0.17374925742245267
SSBP3	STK40	0.17366574230707393
AGMAT	AURKAIP1	0.17357764277141066
TAL1	PEF1	0.17353011769640647
ZNF436	CORT	0.17349499577632121
TAL1	TNFRSF1B	0.1734843610752781
AKR1A1	FGR	0.17346064155873966
ZBTB17	KHDRBS1	0.17343503038347224
KDM4A	HMGN2	0.17339720704929765
FOXJ3	HEYL	0.17339468217881754
AKR1A1	CALML6	0.17338711994066022
CPTP	ZMPSTE24	0.17332010876983917
ZNF691	FGGY	0.17329632313176668
ZBTB40	MARCKSL1	0.17322131714688327
HIVEP3	TMEM54	0.17320316705157768
SSBP3	BTF3L4	0.17317751546093627
SCMH1	CC2D1B	0.17316855455517907
HDAC1	PDE4B	0.17315039814146638
HP1BP3	ITGB3BP	0.17311631136478672
ZBTB40	PUM1	0.17307754994516103
CPTP	LINC02574	0.17290397367854082
JUN	SLC30A2	0.17287735570148888
MAGOH	HES4	0.17287079568873887
DMAP1	ZNF593	0.17286244179664442
SCMH1	SNRNP40	0.17280607635363926
ZCCHC17	AL021154.1	0.1727423306867867
MORN1	ITGB3BP	0.1727339729871045
FOXO6	RSRP1	0.17272303366064284
VAMP3	TNFRSF14	0.1727006525238225
ZCCHC17	ADPRHL2	0.17266371348643672
MTF1	MAST2	0.17265729513859998
ZBTB40	RCC2	0.17263626300035734
FOXO6	AL050343.2	0.17263622214188246
ZCCHC17	MRTO4	0.1726308735637041
EXO5	EMC1-AS1	0.1725939402031495
NOC2L	ZDHHC18	0.17254902356750393
POU3F1	STMN1	0.172528163776469
ZBTB17	TMCO4	0.172509346284982
FOXO6	SMIM12	0.17240696711252934
ENO1	EXOSC10-AS1	0.17238633035425358
ZNF362	CMPK1	0.17235099686141697
NFYC	YTHDF2	0.17232231388634628
EXO5	CDA	0.17227670782836166
GMEB1	CCDC30	0.17225771784943436
MORN1	EIF2B3	0.17223129443389748
TAL1	IPO13	0.17220798287088396
LUZP1	TTC39A	0.17217324080755167
DMAP1	SDF4	0.17214165159732248
KDM4A	AL139260.1	0.17210624936748134
ZCCHC17	STMN1	0.1720391090041393
ZNF684	NOL9	0.1720254834609198
HP1BP3	RIMS3	0.1719046401913747
HEYL	AL139220.2	0.1718774747438544
AKR1A1	PRPF38A	0.1718040253146838
JUN	LINC02574	0.17175354293685202
ZNF684	HP1BP3	0.1717050284831019
DMAP1	ATG4C	0.17168286503827515
FOXJ3	TM2D1	0.17167328402007992
LUZP1	KCNQ4	0.17160759524455882
ZCCHC17	SNHG3	0.17160455989985623
CPTP	SLC6A9	0.17155153335828455
CPTP	PRDX1	0.17153748202754976
LUZP1	AL590822.3	0.17150158744557534
HDAC1	MIR4422HG	0.17149468081088584
ZBTB48	AL513218.2	0.17145838314539774
CPTP	LDLRAD2	0.17145611864196844
HES5	AL645608.7	0.17142462178443932
MORN1	ZMYM1	0.17138957173239802
ZNF684	PLK3	0.17135530707715257
HDAC1	LINC01355	0.17135210134671303
E2F2	PER3	0.1712100589345369
ZBTB40	SRSF4	0.1711722178713597
HES5	RHBDL2	0.17114874722735338
KDM4A	ECE1	0.17114092993081748
MTF1	RAB42	0.17107344747321818
GMEB1	PTPRF	0.17106011940482715
NFYC	SLC35D1	0.17103266755815172
FOXD2	WRAP73	0.17101492237853727
SFPQ	TIE1	0.17101283849150464
ZNF436	SGIP1	0.1709927080298318
AKR1A1	LINC00339	0.1709914201824508
HDAC1	UQCRH	0.17089261793599173
AGMAT	RLF	0.1708784749834332
MYCL	MUL1	0.1708737109762361
ZFP69B	KIF17	0.17087182246292826
HDAC1	USP1	0.17084339341922788
HES5	TUT4	0.17083142392773965
MTF1	JUN	0.17081098934768127
POU3F1	EBNA1BP2	0.17078274591741138
ZNF684	PLEKHG5	0.17075576703631087
KDM4A	HMGCL	0.17073004066585565
ENO1	MTHFR	0.1706561609637379
TAL1	ZC3H12A	0.17053253268167348
ENO1	TMEM201	0.17052705066716137
NOC2L	ACOT7	0.17049848371866758
AKR1A1	COA7	0.1704708646225689
HP1BP3	DMAP1	0.17043879906892806
SCMH1	AKIRIN1	0.17041732362921191
RUNX3	AGMAT	0.17036187549457077
TAL1	PTPRF	0.1703390312627815
FOXO6	AC119674.1	0.1703274470711145
ENO1	CDA	0.17027659736138828
POU3F1	YTHDF2	0.17024982253469387
EXO5	AHDC1	0.17018970314985607
POU3F1	KTI12	0.1701849911433676
ZNF362	NDC1	0.17018106766478333
HP1BP3	AL590434.1	0.17017189357425008
ENO1	NPHP4	0.17011821108957798
FOXO6	ALPL	0.17011636733709237
GMEB1	EXOSC10	0.1699069678132209
SMAP2	LDLRAD2	0.1698936493254177
AKR1A1	GPR157	0.1698577392302018
FOXD3	LYPLA2	0.16984024809769144
SMAP2	PTPRF	0.16981640966920536
AKR1A1	RRAGC	0.16979123748569716
HES5	RRAGC	0.16971306190573646
MAGOH	TAL1	0.16968889352475353
HIVEP3	CCDC28B	0.16967529239038276
SMAP2	RIMKLA	0.16964611372484031
HES5	NPHP4	0.16962863512175955
RUNX3	TMEM234	0.16959310697515834
ZBTB17	PIGV	0.16957912498943162
ZFP69B	CLCN6	0.1695779989355206
DMAP1	SNHG12	0.16953079837162705
VAMP3	DNALI1	0.16946728181625842
MAGOH	CELA2A	0.1694613874503654
HIVEP3	ASAP3	0.16940701990275447
LUZP1	SYTL1	0.169367475680415
MAGOH	AGO3	0.16930451018853684
MTF1	PLOD1	0.1692545054835634
VAMP3	SRSF10	0.1692510152203681
HES4	TRNAU1AP	0.16919426221506725
ZCCHC17	SNIP1	0.1691045244591904
HP1BP3	AL513218.2	0.1690472946983701
HIVEP3	MTFR1L	0.16902194208514706
ZFP69B	YTHDF2	0.16893877281287367
MAGOH	AC114488.1	0.1688677872693699
HIVEP3	L1TD1	0.16885907217368232
HDAC1	TRABD2B	0.1688289351729164
HP1BP3	STPG1	0.16881960216931088
MTF1	NOC2L	0.16872562289005252
FOXJ3	AL139423.1	0.1686876627151886
RLF	PEF1	0.16865404217717184
SCMH1	EIF4G3	0.16864819072883244
LUZP1	DHCR24	0.16863678981876673
EXO5	HECTD3	0.16861653790392522
POU3F1	EFHD2	0.1685751418466832
PRKAA2	PPT1	0.16851201968586124
ZNF362	EIF4G3	0.16848325031281688
VAMP3	AC093424.1	0.1684230532902339
ENO1	C1QA	0.16841534997410007
FOXD3	AHDC1	0.16840953237441336
FOXJ3	SSU72	0.1683359913231402
HES5	C1orf174	0.1682718446011101
HDAC1	TMEM39B	0.16823671839607007
NFYC	ELOVL1	0.16822057355227624
LUZP1	C1orf174	0.16821674196203007
NFIA	CYB5RL	0.1682146191959481
MYCL	FAAP20	0.16818640531801723
NOC2L	BX284668.5	0.16814191078052176
HES5	OMA1	0.1681259025039529
HES4	ZNF362	0.16806348169861451
ZNF684	CDA	0.16803739374028293
ZNF436	UBE2J2	0.16803338036445464
HIVEP3	SCMH1	0.16794803630153401
ZSCAN20	KPNA6	0.16793918094742227
GMEB1	GNB1	0.16792872610678153
PRKAA2	NADK	0.16792740446855767
NOC2L	MYSM1	0.16780682152876028
SMAP2	AL512353.1	0.16776840644691735
HIVEP3	SPATA6	0.16774148850474332
RLF	UBXN10-AS1	0.1676904785906185
SCMH1	MAP7D1	0.16764113761485555
SMAP2	AC114488.1	0.1675962482513863
FOXJ3	TNFRSF9	0.16758257028405618
ZSCAN20	PPIH	0.1675612228453202
SSBP3	DMRTA2	0.1674851843766218
ZBTB48	AL590822.3	0.16741191525309895
KDM4A	RBBP4	0.16741072961363232
NFYC	TINAGL1	0.16739005775401003
YBX1	HES5	0.16736767017722853
NFYC	ZNF691	0.1673134624557946
MAGOH	ZMYM1	0.1671454939943737
HES4	MRTO4	0.16708439189841226
DMRTA2	FBXO6	0.16706001545904176
DMAP1	SMIM1	0.16705643304175014
TAL1	ARMH1	0.16705473223926282
HES4	TMCO4	0.1669890483113006
NOC2L	MAP7D1	0.16698396266101856
TAL1	ERMAP	0.16693987808744706
ZBTB48	GNL2	0.16688861595585988
DMAP1	SYF2	0.1668578303604297
HES4	MATN1	0.16675326996963175
ZNF362	HES4	0.1667532555562728
GMEB1	PER3	0.1667458806702352
ZFP69B	CPT2	0.16673589336777023
HES4	FUCA1	0.16670642227841187
HEYL	WRAP73	0.16668994761169598
ZBTB40	NCMAP-DT	0.1666647481460972
KDM4A	ZBTB8A	0.1666571128526309
SSBP3	CD52	0.16662298930283506
NFYC	TMEM53	0.1666169362710853
ZNF684	CPTP	0.16660503411557456
MAGOH	FAM41C	0.16658912208231177
MORN1	ZBTB8OS	0.1665289364323621
SSBP3	SRM	0.1665251996619239
HES5	TARDBP	0.16650095713644408
HDAC1	ATPAF1	0.1664899161315616
HES5	FO704657.1	0.16641228177494174
KDM4A	SDF4	0.16640192011619023
ZNF436	STPG1	0.1664006696714542
RLF	GJA4	0.166285071316435
ZNF362	CDKN2C	0.1662446530202296
ZNF684	TMEM200B	0.166156754805094
SSBP3	KIAA0319L	0.16613445987201286
ASAP3	POU3F1	0.1661117821729254
MTF1	AL606760.1	0.16606210668321966
NFIA	PUSL1	0.16600461904862068
HES4	ZSWIM5	0.16599954096506273
FOXD3	CACHD1	0.16598234915122045
MAGOH	LINC02812	0.16595898118124267
NFYC	PPIH	0.1659433420520807
ASAP3	SYTL1	0.16593476798052814
HDAC1	ATP5IF1	0.16588236815405197
MAGOH	SYNC	0.16586657941002558
ZNF362	CLIC4	0.16580813978561632
ZBTB17	FBXO6	0.16565971808309388
MAGOH	TUT4	0.16562957917937543
ENO1	LINC02777	0.165560474899602
SMAP2	SLFNL1-AS1	0.16548063520533068
ZBTB40	HSPB11	0.16547147226629536
HES4	DHCR24	0.165454574908414
ZBTB17	TIE1	0.1654265120738663
TP73	KIF17	0.16537661767473208
ZFP69B	PITHD1	0.16533379349107333
PRDM16	EPHA2	0.16528596922340125
SCMH1	AL139423.1	0.1652796968053651
ZNF436	USP48	0.1652785555728905
HES5	TSSK3	0.16524249425395213
SSBP3	NFIA	0.1652293997197528
HDAC1	ISG15	0.16517863733396143
LUZP1	HPDL	0.16514814206548
ZBTB17	UROD	0.16510666438344956
ZBTB48	ZNF593	0.16510212350421694
GMEB1	MACF1	0.1651007911579105
HP1BP3	LINC02596	0.1650820542471267
AKR1A1	TNFRSF18	0.16502815774046728
HES4	HSPG2	0.16497352462534656
POU3F1	PPCS	0.16493007665111592
ASAP3	UTP11	0.16489624072806935
NFYC	TOE1	0.16483183150200736
ASAP3	TMEM52	0.16472225187573156
ENO1	CTNNBIP1	0.16467748325456336
ZBTB40	UROD	0.1646728293936482
NFIA	PRKCZ-AS1	0.16457818282775327
SSBP3	P3H1	0.16455660565661712
POU3F1	LINC01128	0.16455243484728962
NFYC	RPL22	0.16448123242814353
ZNF684	MYSM1	0.16444917617914798
ASAP3	B3GALT6	0.16443119866443875
DMAP1	STPG1	0.1644208056532772
NFYC	SKI	0.1644130585922192
NOC2L	NOL9	0.1643262034581364
HDAC1	TXNDC12	0.1642780684075586
SCMH1	HDAC1	0.16423545975538084
ZNF691	STIL	0.16415470333351048
CPTP	PRKCZ-AS1	0.16410640322392184
ZBTB17	FGGY	0.16407008010413424
LUZP1	SSBP3	0.16398841222165797
MORN1	MIIP	0.16393398746569787
NOC2L	HES4	0.1639169167837418
E2F2	SPATA6	0.16390171191072642
NFIA	SESN2	0.16385803151359374
SSBP3	TNFRSF4	0.16385779534704756
NOC2L	BTF3L4	0.1638487945811862
NFYC	AURKAIP1	0.16381256202517203
AKR1A1	AC119800.1	0.1638052232905867
HES5	PEF1	0.16376867058587233
ZCCHC17	AZIN2	0.16375920091876078
CPTP	AL034417.2	0.16367937893214007
AGMAT	LINC01128	0.16367779337014404
AKR1A1	ZNF684	0.16366962987304218
NOC2L	TM2D1	0.16365027716647806
MAGOH	AGRN	0.16359740035831008
MORN1	AGO3	0.1635675762861666
ZCCHC17	MOB3C	0.16349059179364586
DMAP1	AGTRAP	0.16344308997100654
HES4	MYSM1	0.16339110495076747
ZBTB48	HECTD3	0.16336126873652856
AKR1A1	AL139424.2	0.1633376024582374
AKR1A1	AL137802.2	0.16328384127485854
HES4	AL353622.1	0.16325740149046783
ZNF436	SZRD1	0.16322621667939446
PRDM16	S100PBP	0.16321864656721866
CPTP	RPA2	0.1632150876285417
ZBTB40	C1orf159	0.16299077438150214
HP1BP3	LRRC41	0.1629754749621471
KDM4A	ATG4C	0.1629485196533638
SSBP3	SLC9A1	0.16293955866757473
DMAP1	SLC2A1	0.16291863828054762
PRKAA2	THRAP3	0.1629036042006604
HP1BP3	SERINC2	0.16288143786062106
ZNF691	MAST2	0.16285989896838377
SSBP3	RPL22	0.16277624764804993
FOXJ3	RLF	0.16266917337439435
ASAP3	MACF1	0.16266161636376178
AGMAT	ECE1	0.1626295034781699
ZBTB17	PEX10	0.16246116598928267
VAMP3	SMPDL3B	0.16243307589316255
ZNF436	GJA4	0.1623824299113969
ZBTB40	GNB1	0.16236530327382032
HP1BP3	GJA4	0.16236277404019708
RLF	CC2D1B	0.16235168601440592
ZNF436	ICMT	0.1623496928710581
GMEB1	SDF4	0.16234859363075033
HIVEP3	TRIM62	0.16234739316209643
FOXD3	PTCH2	0.16232888704514845
SCMH1	DHCR24	0.1623132036709923
KDM4A	TMEM234	0.1622607172260438
ZBTB40	OTUD3	0.1621845333852932
FOXJ3	AL606760.3	0.16217426546058467
NOC2L	UBIAD1	0.1621343828925934
HEYL	S100PBP	0.16211851083585718
YBX1	PODN	0.16205478698215653
VAMP3	ZBTB48	0.16204831799000266
VAMP3	PATJ	0.1620428632328264
FOXJ3	TAS1R3	0.1620375851190572
LUZP1	EMC1	0.1620232830227785
SSBP3	EPHA2	0.1620194242184446
ZBTB48	TRIT1	0.16191785017480587
KDM4A	PNRC2	0.1618021187267489
ZNF362	KIAA2013	0.16176433746401087
HDAC1	ZFP69B	0.16168955580788397
EXO5	EFHD2	0.16164563605039703
ZBTB17	BX284668.5	0.16160602497635174
ASAP3	EVA1B	0.1615467765953171
SSBP3	AL590822.3	0.16150224389574003
AGMAT	MARCKSL1	0.16144067105823598
ZCCHC17	UBXN10	0.16143888045263372
MTF1	CEP104	0.1614071015497903
ZNF436	ISG15	0.1613210921198831
HDAC1	POMGNT1	0.1612555423070944
NFIA	SLFNL1	0.1612545572687419
ZNF684	LRRC47	0.16124797571951083
MORN1	TXNDC12	0.16123624493959648
VAMP3	KIF2C	0.1612223278580454
ZCCHC17	MTFR1L	0.1611743113111566
ZNF436	AL109811.2	0.16116969091158553
ZCCHC17	ALG6	0.16116001501742935
AKR1A1	FAM229A	0.1611389577849095
FOXD3	UBE4B	0.16112014572398006
KDM4A	MFN2	0.16105367980627713
SCMH1	NBL1	0.1610197003033057
CPTP	XKR8	0.16101892132103338
ZBTB40	MATN1-AS1	0.1610057589733465
ZBTB48	PIGV	0.16093835590615269
PRDM16	THRAP3	0.1608852557506565
RLF	BX284668.5	0.16088174464864105
HIVEP3	SKI	0.1608804301047314
RLF	PHC2	0.16084042183762787
RUNX3	AL513477.2	0.1608198879946917
FOXJ3	AL627309.1	0.1608141311743672
AKR1A1	CYP4B1	0.1607911636516205
ZCCHC17	TMCO4	0.16073395061251772
AKR1A1	CCDC17	0.16062874070916333
LUZP1	OMA1	0.16061889320491698
DMAP1	KDM4A	0.1605742941764996
SCMH1	STK40	0.16054235199098446
LUZP1	ESPN	0.1605179708588894
HDAC1	CDC42	0.16040438327781165
HEYL	LRRC42	0.16039813871753883
ZBTB40	LINC01128	0.1602877712445836
MTF1	NPHP4	0.16028742930311712
SFPQ	ZFP69B	0.16026754434539053
PRDM16	STX12	0.16024170339887928
HIVEP3	SSBP3	0.16023462700796587
NOC2L	YIPF1	0.16021166125180294
AKR1A1	PRDM16	0.160201449122787
RLF	TOE1	0.1601595739440467
TAL1	PRDM16-DT	0.16015026897754253
ZBTB48	MAST2	0.16013135537530923
HP1BP3	HDAC1	0.16012261239995934
ENO1	TM2D1	0.1601006723516002
FOXJ3	NMNAT1	0.16008520432616463
NOC2L	LINC01226	0.16006691675852144
NFIA	YIPF1	0.1600131340054954
ZNF691	NUDC	0.15998667065308805
POU3F1	VAMP3	0.15986649311618528
HDAC1	MAP7D1	0.15982647677158687
RUNX3	FNDC5	0.15977152054083701
YBX1	TMEM39B	0.15976607751505498
NOC2L	MATN1-AS1	0.1596829917946794
CPTP	LDLRAP1	0.15962931777397993
TAL1	STX12	0.1595718728212241
MYCL	ATP5IF1	0.15956266322990947
MAGOH	ENO1-AS1	0.15951720152076176
NFYC	LRRC47	0.15951476464746875
RUNX3	RCC1	0.1594867459493697
ZNF436	YTHDF2	0.15944767097309895
VAMP3	AL591845.1	0.15942995689372408
ZBTB40	PEF1	0.15939920018268067
ZBTB17	TNFRSF25	0.15937193399848923
POU3F1	C1orf109	0.15936017815508
ASAP3	LRRC47	0.15934820347354975
NFYC	LINC01144	0.1593395510754728
ZNF436	NOL9	0.15933329255922
YBX1	SZT2	0.15929227518723788
MAGOH	PLEKHG5	0.15926751576007145
ENO1	YTHDF2	0.15922002328971666
SCMH1	MTHFR	0.1591876551416338
DMAP1	MAD2L2	0.15917965279071403
TAL1	AGTRAP	0.15916164180615797
HIVEP3	WASF2	0.15914057987578736
ZBTB40	SMIM1	0.1590251440353396
PRDM16	SH3D21	0.15902313070407276
NFYC	AKR7A2	0.15899161100992534
NOC2L	PER3	0.15898120025141446
RUNX3	ZSCAN20	0.15896158794474854
SMAP2	AL590822.3	0.15892725767072302
MORN1	PNRC2	0.15888854498577348
PRKAA2	B3GALT6	0.15888399255609503
DMAP1	TMEM234	0.1588437251935315
YBX1	ALPL	0.1588124856117688
ZFP69B	ZC3H12A	0.15875634379254747
GMEB1	SNRNP40	0.158728013245523
DMAP1	MRPL20	0.15868447446759945
ZNF684	NFYC	0.15866398894242173
JUN	PRKCZ-AS1	0.15859726165290763
ZNF684	MMP23B	0.15858750727412818
YBX1	CPT2	0.1585649200420425
MORN1	H6PD	0.1584984816739093
HDAC1	AL606760.3	0.1584492980821321
POU3F1	KDM4A	0.15844486858854293
RUNX3	ZMYM1	0.15843940776323373
DMAP1	P3H1	0.1584123378823883
MTF1	CLCN6	0.15831273246364772
ZBTB17	CENPS	0.1583116331854903
HDAC1	MIER1	0.15830764936196673
KDM4A	MYCBP	0.15824448293779816
HP1BP3	PABPC4-AS1	0.158183412424976
E2F2	COL9A2	0.15818067564957086
LUZP1	PLK3	0.15817171369292327
POU3F1	TMEM51-AS1	0.15815718280719585
SCMH1	MAD2L2	0.158137105849097
ZNF362	BTF3L4	0.15811674835631012
AKR1A1	EFCAB14	0.15809915399370958
GMEB1	TSPAN1	0.15808616921116664
ZFP69	ZC3H12A	0.15804402395055353
ZBTB17	TNFRSF8	0.15792634730403562
SFPQ	SRARP	0.1578105995665185
ZNF436	ARHGEF10L	0.1577798491299666
VAMP3	AC004865.2	0.15774666426560305
AKR1A1	TMEM53	0.15772271996866366
HIVEP3	ENO1	0.15770079453300656
SCMH1	IFI6	0.15763154670972992
MYCL	FOXJ3	0.1575194172767623
ZBTB17	PRDX1	0.1575110955128831
ZCCHC17	SESN2	0.15747769365861927
ZBTB17	YTHDF2	0.15746010318610268
RLF	SLC35E2A	0.15745554651409896
HES5	TSPAN1	0.15744922319160867
SCMH1	GPR3	0.1574409664348383
HES4	AL031280.1	0.15728860066134911
PRKAA2	PPIH	0.15724535512933036
KDM4A	LZIC	0.1572355420253914
HDAC1	SPATA6	0.15722211711138942
KDM4A	MORN1	0.1571618527739164
AGMAT	TMEM69	0.15715813676678822
YBX1	AC114488.1	0.15715605051973555
HES4	PPP1R8	0.15715166111134687
LUZP1	UBE2J2	0.1570736020939796
DMAP1	TSSK3	0.157068119703208
VAMP3	S100PBP	0.15700953527897973
HES5	ATP5IF1	0.15698191964726235
HES5	MAGOH	0.1569798027338605
MAGOH	TAS1R3	0.15697526532129016
YBX1	ZBTB8A	0.15695692586869256
ZNF362	CACHD1	0.15690662924358492
CPTP	FAF1	0.15689828567852895
VAMP3	TNFRSF14-AS1	0.15688763715873222
ZNF436	AL139260.1	0.1568655360472477
MTF1	KIAA1522	0.15682289931777696
RLF	AC093425.1	0.15671546013281568
ZBTB48	INTS11	0.15665044492896163
POU3F1	KCNAB2	0.15652170251462227
POU3F1	GPATCH3	0.15652085985100767
ZNF362	PANK4	0.1565156784469696
RUNX3	RPS8	0.15649604202083034
ZFP69	SYTL1	0.1564753608630392
ZNF691	CDKN2C	0.1564450697618171
NFIA	ENO1	0.15643679113749098
PRKAA2	PRDM16-DT	0.15640920029637354
RLF	TACSTD2	0.15636863191232778
DMAP1	SLC35E2A	0.15634411896341505
NFIA	PABPC4	0.156300420229622
MAGOH	OSCP1	0.15627487147473587
RLF	ARID1A	0.15625083276892432
MYCL	MAST2	0.1562481149809181
TAL1	PER3	0.15622233833418495
KDM4A	WDTC1	0.15622071289168787
KDM4A	YTHDF2	0.15617513268746114
ZFP69	GRIK3	0.15616611447819478
DMAP1	AL020997.5	0.15610400589431428
VAMP3	CDCA8	0.15608523395939344
DMAP1	GMEB1	0.15603055945961275
TAL1	FHL3	0.15602632903834843
HDAC1	SMAP2	0.156002905145515
ZBTB48	MMP23B	0.15597909996453493
GMEB1	AL627309.1	0.15597509367735668
TAL1	TMEM50A	0.15597122631621257
FOXJ3	CAMTA1	0.15591262789167354
ZNF684	AL512353.1	0.15591026951660444
ZBTB48	CD52	0.15589033997381518
HP1BP3	AL139289.2	0.1558666369980922
SFPQ	PTAFR	0.15584980113453628
HEYL	KAZN	0.1558345111645632
LUZP1	SH3D21	0.15582371240161277
MAGOH	KLHL17	0.15570700823359407
POU3F1	PIK3R3	0.15570431697998274
ZFP69	AL450998.2	0.15569629088788414
KDM4A	MACO1	0.1556869870464351
PRDM16	PPCS	0.15563195452472633
YBX1	CDK11A	0.15561988231989118
NFIA	LRRC41	0.155604905755015
RLF	AL139423.1	0.1555994359405594
NOC2L	CDK11B	0.15558379237389208
MYCL	LEPR	0.15551141236504773
ZCCHC17	AL353622.1	0.15548529124768937
RLF	MATN1	0.15548062289633569
NFYC	AL357140.1	0.15546460688613473
MTF1	TMEM59	0.1554455370003973
HDAC1	LAPTM5	0.15542303582898184
VAMP3	YRDC	0.15540112161913083
HES4	AGO3	0.15539876168908254
FOXJ3	MED8	0.15539333608001202
PRDM16	MUL1	0.15539041787869848
ZNF684	ATAD3B	0.1553783892752542
NFIA	ZFP69	0.15536981492051555
TAL1	ARHGEF19	0.1552932556186379
ZBTB17	PITHD1	0.15528398868561227
ZNF362	COA7	0.15527768189635277
MORN1	AL031848.2	0.15514570666137822
ZCCHC17	CTPS1	0.15513632663568766
ZNF684	RLF	0.1551311040794934
ZNF436	SLC35D1	0.15511891748040574
MAGOH	STPG1	0.15511822614244378
HIVEP3	TTC22	0.15511451856310182
GMEB1	EXOSC10-AS1	0.15503189402551015
MTF1	HSPB7	0.15503157363116296
LUZP1	SLC66A1	0.15499893600319897
AKR1A1	RAB42	0.15498761952776144
FOXJ3	CLSTN1	0.15494528994888299
MORN1	RNF11	0.1549206365650336
VAMP3	MYSM1	0.15490855965484934
NOC2L	AHDC1	0.15489912416983773
SFPQ	AL590438.1	0.15486363066786504
VAMP3	SLC9A1	0.1547988611158289
DMAP1	TNFRSF1B	0.15479608484112387
TAL1	TNFRSF25	0.15479427401904028
MAGOH	NMNAT1	0.15476327620820013
MTF1	MRPS15	0.154760986740499
NFYC	ROR1	0.15472705331961073
HIVEP3	PARK7	0.15464443141738207
HES4	PLEKHM2	0.15461867591585976
MORN1	PABPC4	0.1545617711445301
ZNF684	TMEM54	0.15456087267728358
ZNF362	RPL22	0.15455517838258487
DMAP1	AL136115.2	0.15451156595594193
NOC2L	SVBP	0.15450478728764966
SSBP3	C1orf167	0.15437960937537634
ZSCAN20	DNAJC16	0.154343832201539
SFPQ	DNALI1	0.15432329351837093
ZBTB40	SPEN	0.15428402250349638
YBX1	UBE4B	0.15427942372163742
ZNF362	ZMYM6	0.15425164130519503
ZCCHC17	LINC01635	0.15424182864818506
HIVEP3	PLEKHG5	0.1542408136318296
SSBP3	GPR3	0.15419834070603486
SMAP2	MYCBP	0.15414667970058699
DMAP1	RAB3B	0.15412509878622432
MAGOH	IPO13	0.15409916506323268
FOXO6	LINC01635	0.15408441553831703
PRKAA2	RRAGC	0.15400196900511215
NFYC	TRIT1	0.1539954246266133
NFYC	TCEANC2	0.15399167053137952
HEYL	CDKN2C	0.15398741242890612
ZCCHC17	SLC25A33	0.15395579977356472
NOC2L	SHISAL2A	0.1539434552511926
TAL1	SYTL1	0.1539415022746466
ZNF691	CTNNBIP1	0.1539097792650529
GMEB1	EBNA1BP2	0.1539054559120322
ZBTB17	C1orf167	0.15369760890947823
ZBTB40	UQCRH	0.15363738249367004
DMAP1	AC119674.1	0.15360859994278203
SCMH1	LSM10	0.15356286171295505
ZBTB48	TMEM59	0.1535601826597738
ASAP3	TNFRSF4	0.15353176753689088
DMAP1	AL021154.1	0.15353102090739312
FOXD2	PITHD1	0.15351614478254913
HP1BP3	AKR7A2	0.1535065371237985
ZNF436	EMC1-AS1	0.1534914262833099
FOXJ3	MRPL20	0.15339303554990233
HIVEP3	AL645608.7	0.1533665158751201
DMAP1	RAVER2	0.15335504246931894
ZBTB48	C1QTNF12	0.15335017782153623
NFYC	SMPDL3B	0.15334117031898511
ZNF436	UBXN11	0.1533243523528267
ZNF691	LSM10	0.15329115910472255
ENO1	CDKN2C	0.15325239153126782
NFYC	AL139424.2	0.1532178333073547
ENO1	AL627309.5	0.15321340650512863
HES4	COL8A2	0.15320884117050473
AKR1A1	AL139423.1	0.15318906574485286
TAL1	ENO1-AS1	0.15316238500160975
AKR1A1	RAVER2	0.15312997554159277
POU3F1	E2F2	0.1531266649301573
ZBTB48	HSPB11	0.15312143231841197
FOXJ3	CDKN2C	0.1531078736897374
HES5	AL031283.2	0.1531046094972187
ENO1	CCNL2	0.15309639340928058
ZFP69B	POMGNT1	0.15309461315804884
ZNF684	PPIE	0.15306961387403675
SMAP2	C1QC	0.15303861380980463
GMEB1	TNFRSF4	0.15298675334423978
NOC2L	EYA3	0.15294253824584808
TAL1	TARDBP	0.1529127876547508
AKR1A1	MIIP	0.15290293873931046
ZCCHC17	AL031728.1	0.1528371379026504
GMEB1	PRDM16	0.15280184470105068
ZCCHC17	AL645728.1	0.15277056271709175
CPTP	AL512353.1	0.15276353614031113
HES4	DMAP1	0.15276305246213617
KDM4A	ALG6	0.15276266812608785
ENO1	GPR3	0.15269110351199966
ENO1	FGR	0.15266303510750673
RUNX3	ERI3	0.15263573249043225
FOXJ3	ECHDC2	0.15256809915833972
ZNF684	SESN2	0.15256497284748582
SSBP3	AL137127.1	0.15255893749318006
SSBP3	GPR157	0.1524661668751845
MYCL	MRPL37	0.15227421424874668
SSBP3	BSDC1	0.1521964040101833
ZBTB40	RNF220	0.1521854234042083
FOXJ3	FABP3	0.15216101869468615
ZFP69B	ALG6	0.15214826716712865
PRKAA2	AL356055.1	0.15209953029964984
HIVEP3	TRNAU1AP	0.15206108638637694
MAGOH	MMACHC	0.15203287508091123
SCMH1	EPS15	0.15198715596615292
HP1BP3	NCDN	0.1519679738200322
POU3F1	PLEKHM2	0.15190672957729354
HIVEP3	CDC42	0.15188899739706382
SMAP2	CALML6	0.15176523709110262
POU3F1	SYF2	0.151755589046293
MYCL	EPHA2	0.1517411757550757
ZBTB48	RPS6KA1	0.15164850929240958
EXO5	HES4	0.15164489226227051
ZNF684	CZIB	0.15163984961178964
ZNF362	TRIM62	0.1515362060184431
CPTP	PABPC4-AS1	0.15152549267627832
PRDM16	KIAA0319L	0.15148181442929332
ZBTB48	SDHB	0.15148016243466705
HES5	HSPG2	0.15144336019971397
AKR1A1	AGO1	0.15133343489686923
PRDM16	STMN1	0.15131543918736298
ZCCHC17	MARCKSL1	0.15129902817231294
HES5	MAP7D1	0.15127412115404584
RLF	PLPP3	0.15122816650895027
ZFP69B	RSRP1	0.15122258491734325
AKR1A1	Z97987.1	0.15119942358981803
HP1BP3	MAP7D1	0.15119596282445322
SSBP3	ELOA	0.15114124204613355
ENO1	GRIK3	0.15108398598762085
POU3F1	SRM	0.15105629531081768
ZNF684	TXNDC12	0.15105541276703918
PRDM16	AL031432.4	0.151027831988314
ZNF436	TAF12	0.15100990339361217
MYCL	AL034417.2	0.1509840732391258
ENO1	PLCH2	0.15096462887274426
NFYC	SSU72	0.15095984111198882
TAL1	CITED4	0.15094707907096458
ZNF684	PLPP3	0.15083493146653387
FOXO6	ALDH4A1	0.15076391350012927
MAGOH	PDZK1IP1	0.1507554304064465
NFYC	KIF2C	0.15071418545193555
RUNX3	DOCK7	0.15068049106757483
ZNF691	TRAPPC3	0.15065383458936007
DMAP1	UBXN11	0.15062081575339864
MTF1	ZMYM4	0.15055168887626716
FOXD3	EMC1	0.15052307299707765
ZBTB17	ARHGEF10L	0.15051592202767988
HES5	STK40	0.15048871507474007
SFPQ	PHACTR4	0.1504223960333227
SSBP3	KIF17	0.1504175308289069
ZBTB40	GJA4	0.15041132433338464
HES4	KIF17	0.15034278466776557
NOC2L	SH3BGRL3	0.15029530940899039
HDAC1	ELOVL1	0.1502821755685798
HES4	PUM1	0.15026728912205953
ZNF362	CEP104	0.15024084383042116
ZSCAN20	MAN1C1	0.15016188959794396
ZNF436	FHL3	0.1501378433580082
NFIA	UQCRHL	0.15013536142413508
HES5	SLC25A33	0.1501134404082286
FOXO6	RBBP4	0.15010860142828847
ZNF436	AL512353.1	0.1501085968613586
ZBTB40	RCC1	0.15010694097458552
NOC2L	CD52	0.1500608540186202
ZBTB17	DOCK7	0.15003560241421277
GMEB1	SELENON	0.15001245496207702
LUZP1	TNFRSF14-AS1	0.1499983046083541
RLF	CYP2J2	0.1499373430766791
HDAC1	TM2D1	0.1499104817441636
AKR1A1	CDK11B	0.14987953881483848
SFPQ	KCNQ4	0.1498608751621967
ZNF684	AL358075.2	0.14985788949934636
HDAC1	TCTEX1D1	0.1498433580775569
POU3F1	FUCA1	0.149829194300484
ZCCHC17	AL031848.2	0.14979152930783043
ZBTB17	NCMAP-DT	0.149767852277459
DMAP1	TCEANC2	0.1497628175052131
NFIA	GABRD	0.149754704641449
SMAP2	MYCL	0.14972194558561536
NOC2L	MRPL37	0.14972181696416917
ZNF691	HSPB11	0.14970825097007617
ZNF684	TSPAN1	0.1496892372801228
CPTP	OXCT2	0.14966663469945984
ZFP69B	TMEM52	0.14966177588111299
HES4	TAF12	0.14960428531951867
AKR1A1	SCMH1	0.1495583725853875
GMEB1	SLC9A1	0.1495172402566541
ZNF684	NADK	0.1495072880209555
ZBTB40	CDK11A	0.14949505943622507
FOXJ3	SNHG3	0.14937612706270745
CPTP	SGIP1	0.14934785369367926
NFYC	PUSL1	0.14932644311951818
KDM4A	GPN2	0.14930918133411022
NOC2L	WDTC1	0.14926773979541474
SSBP3	ZSCAN20	0.14925399799039635
TAL1	ATG4C	0.14910408477445514
SFPQ	CSF3R	0.14909723502757952
LUZP1	ZMYM6	0.1490955467872485
EXO5	ACOT7	0.14909271298172821
ZCCHC17	RIMS3	0.1490535163593701
NFIA	HDAC1	0.14904405598941103
HEYL	PTCH2	0.1490266507061318
FOXJ3	AHDC1	0.14899485686530203
RLF	C1QTNF12	0.14899072106754307
SSBP3	MTFR1L	0.14898836925215841
FOXJ3	DNALI1	0.148951531130927
ZBTB48	PPP1R8	0.14894656711843063
HES4	C1orf159	0.14889995865692748
MORN1	AC099791.2	0.14883747175079856
CPTP	AL109627.1	0.14882759029683928
ZNF684	STX12	0.14880593905637693
MAGOH	BEST4	0.14861971172478494
MTF1	TACSTD2	0.1486041524512997
SSBP3	HEYL	0.14859223178307718
TAL1	MEAF6	0.14857064030599004
NFYC	RPL11	0.14855908844208515
KDM4A	MICOS10	0.14854062934118117
CPTP	YARS	0.1484677705231414
VAMP3	DPH2	0.14846467900044835
HES4	FAM76A	0.1484394166064728
ZCCHC17	AGMAT	0.1483507707003664
RLF	MMP23B	0.14833721003875688
TAL1	ATPAF1	0.1482900468340094
ASAP3	PPT1	0.14826140878195154
TP73	CYP4X1	0.1482405650330838
LUZP1	DNAJC11	0.14821528312064897
VAMP3	TESK2	0.14820683786240144
ZFP69B	PABPC4	0.14814085425805076
ZNF436	EFHD2	0.1481139926391662
MTF1	RCC1	0.14804730860287116
SSBP3	MFSD2A	0.14804729763094077
HP1BP3	CDC42-IT1	0.14803742203977072
NOC2L	MKNK1	0.14803366949201915
HP1BP3	LINC01137	0.1480038473477148
MTF1	MYCL	0.1479210950822473
AKR1A1	AL513218.2	0.14791336847249373
ZBTB48	CLSTN1	0.1478712765197102
ZSCAN20	TCEA3	0.14785500094503864
RLF	C1orf167	0.1478512702381673
CPTP	OSBPL9	0.14784343215168844
LUZP1	CAMTA1-DT	0.14783348745807395
GMEB1	CCNL2	0.1477945650039764
ZCCHC17	AKIRIN1	0.14778482229159298
HDAC1	CLIC4	0.14777108971902234
LUZP1	PRDM16	0.14772785256027618
AGMAT	ATAD3B	0.14768464208406495
PRDM16	NADK	0.147664099760741
ZFP69	PRDM2	0.1476034374921975
FOXO6	TTLL10	0.14759900098521203
MAGOH	TMEM53	0.14758541166045414
CPTP	HP1BP3	0.1475418135313384
AKR1A1	AL031005.1	0.14750370793838297
ZCCHC17	TMEM234	0.14748436151412073
HES4	GPN2	0.1474567391330051
RLF	PPIE	0.14745241591204797
HIVEP3	INPP5B	0.14744444214436267
ZBTB17	MARCKSL1	0.14741293033045566
NOC2L	PLOD1	0.14740668486624214
MYCL	CCDC163	0.14739776407813213
ENO1	ZNF691	0.14735373243263958
SCMH1	ATG4C	0.14727429870259934
ZBTB17	CDC42	0.1472399819716476
VAMP3	WNT4	0.1472331529427902
ZNF684	PATJ	0.14719579517838563
SCMH1	THAP3	0.1471883687071
E2F2	TXLNA	0.14708469658138887
AKR1A1	AL021155.5	0.1470664954169761
RUNX3	TSPAN1	0.14705137124711698
ZCCHC17	CTNNBIP1	0.14702629909847897
PRDM16	JUN	0.14699936352479626
GMEB1	MACO1	0.14696119743163938
NFIA	AL031432.4	0.1469396215944823
MTF1	HPCAL4	0.14692677494157608
LUZP1	MUTYH	0.14688089026924658
HES4	MOB3C	0.1468789964181465
HES4	ARHGEF16	0.14684574188321153
DMAP1	KIF1B	0.14683348620730274
ZBTB48	H6PD	0.1468175970130023
HES4	AK4	0.14677216955504874
ZCCHC17	MIIP	0.1467345025876381
HDAC1	PANK4	0.14672143577342786
LUZP1	AL139246.5	0.14672019874972353
ZFP69B	ERRFI1	0.1466950486130392
CPTP	MIB2	0.1466746475605898
ASAP3	SNIP1	0.14665819456233903
TAL1	TAF12	0.14659144206830876
DMAP1	HIVEP3	0.1465827211199034
CPTP	Z97987.1	0.14656503511345698
MTF1	RSRP1	0.1465128047719314
ZCCHC17	SZT2	0.14648692223481644
ZNF436	CAMK2N1	0.14647924227205314
AKR1A1	LINC01128	0.14641758730060833
HES4	JAK1	0.1463900988719209
KDM4A	ZBTB40	0.14635909129836347
RUNX3	CYP2J2	0.14635688657299473
HES4	MKNK1	0.1463101398709426
HES4	GPBP1L1	0.14620842609063658
HP1BP3	HYI	0.14620483442224763
AGMAT	P3H1	0.1461245345098356
MORN1	NFYC	0.14604690856728744
MAGOH	ROR1	0.14604132535363765
LUZP1	HCRTR1	0.1460194171417774
MTF1	SLC25A33	0.14597042791963177
NFYC	RBBP4	0.14595644632365867
ZNF362	KCNQ4	0.14590682624834977
MAGOH	YARS	0.14588503679761222
NFYC	MARCKSL1	0.145878118286665
KDM4A	FAAH	0.1457984538704417
SMAP2	TSSK3	0.14578941770662776
ZFP69	FBXO44	0.14575452894650992
MYCL	SERINC2	0.14573394584506452
MTF1	TNFRSF4	0.1457317959003796
TP73	MAD2L2	0.14572762647099918
ASAP3	SLC9A1	0.14570829106488498
ZBTB48	NBL1	0.14569145813035467
CPTP	SSU72	0.14561102047386149
GMEB1	ZBTB40	0.14556676149399184
LUZP1	TTC34	0.1455599933070078
MTF1	TIE1	0.14553648268443212
FOXJ3	SRM	0.14552043115104435
ZBTB17	PRKCZ	0.1454974610027742
RUNX3	RNF207	0.14545561058431325
HIVEP3	EPHA2	0.14542578339387405
NFIA	FOXJ3	0.14533022699616727
PRKAA2	PPIE	0.14530991624120682
PRDM16	MRPL20	0.1452724144029957
NOC2L	PRDM16-DT	0.14520675641735895
TAL1	HYI	0.14519091879654034
CPTP	MRPL20	0.14516906037020544
ASAP3	MED8	0.14515776597655594
ZBTB17	PUSL1	0.1451160528859701
ZBTB17	MACO1	0.14508765887448005
ZFP69	CNKSR1	0.1450580801173893
ZNF436	LINC01562	0.1450137262806422
ENO1	CAMTA1-IT1	0.14501240347674094
HIVEP3	VWA1	0.1450098681784775
ZBTB48	C1orf174	0.14499896090070571
ENO1	ARHGEF16	0.14496525235857602
NFYC	USP48	0.14488131388729278
ZNF362	GPR3	0.14487135549921404
HDAC1	PINK1-AS	0.1448654096029279
FOXJ3	YARS	0.1448601445073667
RLF	PIK3R3	0.14482183612499325
MAGOH	LINC01772	0.14479870756022958
ZCCHC17	SNRNP40	0.14478089321748194
FOXD2	C1orf122	0.14475907488119402
ZSCAN20	PINK1	0.1447506894532571
SFPQ	LINC01359	0.14460268093805737
NFYC	BX284668.5	0.14458302817607685
FOXJ3	CASP9	0.14453070402454085
KDM4A	ENO1	0.14452823377949367
ENO1	DNALI1	0.14451121503493078
AKR1A1	CYB5RL	0.14442878508918489
MAGOH	RHD	0.14440784172310858
VAMP3	GPATCH3	0.1444044139115701
CPTP	ELOA-AS1	0.1443957078610836
LUZP1	PGM1	0.14439260788999075
MAGOH	SERINC2	0.1443780670330959
AKR1A1	DMAP1	0.14436670493395115
GMEB1	AL020996.1	0.14433539607695223
MYCL	PAQR7	0.14430604677970765
PRKAA2	CAMK2N1	0.1442470554146132
HIVEP3	NPHP4	0.14423118376688165
ENO1	AZIN2	0.14421400439546514
HIVEP3	UBXN10-AS1	0.14420688159696293
POU3F1	TM2D1	0.14419783550494944
NFYC	SYNC	0.14410318680028905
MORN1	ALG6	0.14408988847297685
ZNF684	ZBTB48	0.14407715714587452
ZCCHC17	DFFA	0.1440435301748732
KDM4A	ATP6V0B	0.14400881329147022
RLF	ALG6	0.1439941354381259
ZNF684	RERE	0.1439930729716287
NOC2L	SLFNL1-AS1	0.1439448102974623
ENO1	CORT	0.14391329272331052
HP1BP3	AL031728.1	0.14389606710552677
EXO5	PTAFR	0.14389368817682752
ZSCAN20	SLC6A9	0.14388113941518585
ZBTB48	LUZP1	0.14386320546465062
GMEB1	AL031432.5	0.1438075021115215
SSBP3	AC254633.1	0.1437957596334818
E2F2	MOB3C	0.1437900507536319
HES5	SRSF4	0.14376016170561695
NOC2L	FOXD2	0.14369211180600072
NOC2L	SYF2	0.14369067876031183
FOXJ3	TOE1	0.1436452283945037
HES5	PABPC4	0.14363414409043845
ZNF362	PRDM2	0.14362393138352483
CPTP	MATN1	0.14362035995603595
ENO1	ACAP3	0.14353624291965264
RUNX3	MUL1	0.14344874158019721
TAL1	USP24	0.14319106653935368
GMEB1	DMAP1	0.1431326486810475
ZCCHC17	BMP8A	0.14308398932112362
MTF1	TXNDC12	0.14308168808464244
FOXD2	KLHL17	0.1430768288789848
FOXJ3	NPHP4	0.14305800819318493
ZBTB40	STX12	0.14302035620436032
VAMP3	STIL	0.14301828973497505
ZBTB17	HP1BP3	0.14298482306651322
CPTP	CPLANE2	0.14296776845588174
MYCL	GMEB1	0.1429593669043708
KDM4A	PDE4B	0.14294924762171604
LUZP1	AL590822.1	0.14293657519206135
MTF1	FO704657.1	0.14288929118995586
ZBTB48	KIF1B	0.14286306412936572
FOXJ3	STK40	0.1428427351713936
CPTP	TXLNA	0.14282620864045542
SCMH1	LUZP1	0.14280555718704838
MAGOH	HES5	0.14274276746247233
ZNF684	ZNF436-AS1	0.1427240743645387
CPTP	NOL9	0.14270702910079763
RUNX3	TESK2	0.14267804795777567
HDAC1	TAS1R3	0.14267788091132216
POU3F1	ERRFI1	0.14266362433556465
ENO1	KIF17	0.1426585431881648
ZCCHC17	BSDC1	0.14264224862851077
ENO1	LINC01770	0.14263687409652429
NFYC	ZMYM6	0.14262241836940878
HES4	CITED4	0.142556985282692
ZNF436	MED8	0.14250922032690055
NOC2L	RHCE	0.14250717121038184
ZNF684	CORT	0.14250703193011074
RLF	SCMH1	0.1424876902442334
YBX1	ZNF436-AS1	0.14248568779859244
DMAP1	PPCS	0.1424761052707283
HES5	MMEL1	0.1423549873363087
HES4	TSSK3	0.14234169182573947
RLF	AL031432.5	0.14232619608055633
NOC2L	STK40	0.14231065780542254
NFIA	ORC1	0.14230002499234212
POU3F1	MAGOH	0.14225029886923515
FOXO6	CDA	0.14217487974726553
SCMH1	CDK11A	0.14216699669483962
DMAP1	PLPP3	0.14215356444337932
VAMP3	LINC00339	0.14214448012687886
TAL1	JAK1	0.14213039884861559
GMEB1	LZIC	0.14209021404854005
HES4	RNF19B	0.14206962307305196
ASAP3	CDCA8	0.14203042090581833
NFIA	AL031005.2	0.14202936083352116
ZCCHC17	VPS13D	0.1419502441966641
KDM4A	BX284668.2	0.14194618941471981
ZBTB17	AL031728.1	0.14193628005054956
MYCL	RNF11	0.14192590942417557
DMAP1	MAN1C1	0.14192315005392928
ENO1	ERI3	0.14184959827724208
ZNF436	TXLNA	0.1418403969362177
HP1BP3	EIF4G3	0.1418175631147199
KDM4A	GNL2	0.14181349594370474
AKR1A1	AC093425.1	0.14176205047387375
ENO1	S100PBP	0.14174567293660564
CPTP	THEMIS2	0.1416806872799334
VAMP3	NASP	0.14167737681048537
ZNF362	NFYC	0.14167734653328798
MAGOH	AL050341.2	0.141643133311374
HDAC1	CLCN6	0.14163940640920547
NFIA	AL606491.1	0.14161818800174844
SFPQ	RBP7	0.14153786409508723
NFIA	TP73	0.1414941994781839
NOC2L	PODN	0.14148894875649096
TAL1	RAB42	0.14148470765098897
SCMH1	ZNF684	0.14146558573037166
EXO5	BTF3L4	0.14145956341776084
HIVEP3	AL606760.1	0.14145257002521883
VAMP3	EPHA2	0.14143863613847943
RLF	GJA9	0.14143577743428704
RUNX3	AL645608.7	0.14143142937085998
FOXJ3	TIE1	0.14143064912383155
JUN	ALG6	0.1414027211272967
ZFP69	NECAP2	0.14138544743334547
ZCCHC17	NUDC	0.14134982779224586
ZSCAN20	TACSTD2	0.14131565337679614
PRKAA2	MRTO4	0.14112547422923644
MORN1	B4GALT2	0.14102418794951085
JUN	AL162430.2	0.14095188607277978
ZCCHC17	ARTN	0.14093816976990223
VAMP3	COL16A1	0.14081777804389328
GMEB1	AL590822.1	0.14080377703575103
ENO1	LINC01226	0.14079904288990566
YBX1	PHC2	0.14076846314396696
POU3F1	ATAD3A	0.14068329317767414
ZNF684	MRTO4	0.14064946413587878
KDM4A	JUN	0.1406152022589656
ZFP69B	KAZN	0.14060170089480584
ZNF691	AL020997.5	0.14059421822532378
ZNF362	VWA1	0.14057433774323913
ZBTB48	MFSD2A	0.14053697801543488
VAMP3	PGM1	0.14052467566097704
POU3F1	PTP4A2	0.14044940529587602
HIVEP3	THAP3	0.1404399269101154
RLF	TTC34	0.14034740404721258
HES4	PRDX1	0.1403369015850551
DMAP1	SCMH1	0.1402691178608633
DMAP1	ZMYM4	0.14017420214606915
ZFP69B	EFCAB14	0.14015765147598663
NFIA	TMEM51-AS1	0.14010981506408618
FOXJ3	PABPC4-AS1	0.14004516796221295
ZCCHC17	SFN	0.14004400287636415
GMEB1	PABPC4	0.14003594730207733
SSBP3	SH3BGRL3	0.14002444310460854
POU3F1	MOB3C	0.13999760626640997
TAL1	EBNA1BP2	0.13998986130381652
RLF	TAS1R3	0.13995590078387551
MORN1	RNF19B	0.13995418202970203
ZCCHC17	KDM1A	0.13994981484953115
MTF1	S100PBP	0.13987349873812852
ZBTB17	FHL3	0.13982872807721797
ZFP69B	ZNF436	0.13981846131863304
HP1BP3	TACSTD2	0.13979692464279095
SSBP3	AKIRIN1	0.13978556616068066
SCMH1	AL021154.1	0.1396982899580319
SCMH1	MYCBP	0.13963807534643938
ZNF436	NCDN	0.13961709147005266
ZFP69	CLSTN1	0.13961616953159756
SCMH1	HNRNPR	0.13955250652526302
HIVEP3	AL034417.2	0.1395089103947758
FOXJ3	LYPLA2	0.13948375335556087
AKR1A1	AL031728.1	0.13946159620382648
ZNF691	PEX10	0.13942761732905568
ZNF436	RPS8	0.1394129162085324
JUN	CDCA8	0.1393824963619217
HIVEP3	DNAJC8	0.13936074594261738
ZFP69	FBXO42	0.13932691156948088
ZBTB17	PANK4	0.13930323164740224
RLF	ATAD3C	0.13929157920400817
HP1BP3	FAM229A	0.139245908733238
MTF1	SNHG3	0.1392330469827241
ZCCHC17	MIER1	0.13921398035642124
SSBP3	ID3	0.1391756113216471
NFIA	LINC01135	0.1391604126219403
GMEB1	SYF2	0.13914574603751642
ZNF362	AL139220.2	0.13910726234366602
YBX1	HYI	0.13910205240267629
ZNF436	SPEN	0.13908119665361696
RUNX3	MARCKSL1	0.13906696352247108
KDM4A	AL034417.2	0.13898467303436574
ZNF684	PPP1R8	0.13897853341000743
DMAP1	MYCL	0.13897663120240358
ZFP69	PTAFR	0.13892447879980327
ZSCAN20	PODN	0.1389243473538499
KDM4A	AKR7A2	0.13891580510014714
FOXJ3	AL034417.2	0.1389041080751547
NFYC	RUNX3	0.1389008094840392
TAL1	AL031005.1	0.13889147319338366
AKR1A1	IPO13	0.13887250773748264
ZNF362	ANKRD65	0.13881980354804385
ZBTB17	AKIRIN1	0.13880265637557296
FOXJ3	LURAP1	0.13875829978388174
SSBP3	MAD2L2	0.1387520820911224
GMEB1	HMGN2	0.13872797239356868
KDM4A	AL031848.2	0.13871362281297162
ZBTB17	DNALI1	0.1386878326736987
ZBTB17	CAP1	0.13867890077501355
JUN	RAB42	0.13867831101476832
ZNF436	NBPF3	0.13866870854200372
SFPQ	TTLL10	0.13864533197886253
AGMAT	SRSF10	0.13863456325444112
LUZP1	DHDDS	0.138613324211495
HES4	ZBTB17	0.1385765609777098
GMEB1	ZNF593	0.13852445127001464
KDM4A	TM2D1	0.13850799553851187
NFYC	CTPS1	0.13838535599715776
HES4	NOC2L	0.13838055199611174
TAL1	HES5	0.13836191420439004
ZNF684	MTF1	0.13835047477248266
ZCCHC17	HIVEP3	0.13834409087579586
ZFP69B	TXLNA	0.13833422420845562
ZNF436	EIF2B3	0.13830410224315381
VAMP3	PLEKHM2	0.13823439010300412
NOC2L	PARK7	0.1382212919760844
FOXJ3	ID3	0.13820016918006706
RUNX3	LYPLA2	0.13815635470677232
SSBP3	SH2D5	0.1381415970070368
DMAP1	FBXO6	0.1381152379125588
PRDM16	RNF220	0.13808158702588302
CPTP	LSM10	0.1380737723780392
ZBTB48	FOXD3-AS1	0.13804111971420172
HEYL	PPT1	0.13803826413525425
RLF	AL031432.3	0.13801389254390764
NFYC	BMP8A	0.137972937019112
HES5	ZNF436-AS1	0.1378974908473076
ZNF684	MAD2L2	0.13782900463254166
HEYL	NFYC	0.13780802813525753
EXO5	ATG4C	0.13780200598514666
ZBTB40	NUDC	0.13778130463128996
SSBP3	AL020997.5	0.13777562047226183
VAMP3	RPS8	0.13775386168581916
ZNF691	HNRNPR	0.1377537178240844
ZNF684	SMAP2	0.1377379401103906
NOC2L	GPBP1L1	0.13770793718508947
AGMAT	KCNAB2	0.1376802330053049
ZBTB17	FAF1	0.1376426742277145
CPTP	AL109936.2	0.13763944117968802
POU3F1	KIF1B	0.13758404483176873
FOXJ3	AL021154.1	0.13758039822828985
ASAP3	MFN2	0.13757244754782286
KDM4A	DLEU2L	0.13750905844600686
NOC2L	VAMP3	0.13750427535081738
ZBTB48	PABPC4-AS1	0.13741818328817074
ZFP69	LINC01783	0.13740608930430193
HES4	ATG4C	0.13738555846665443
KDM4A	OTUD3	0.13733931100943234
ASAP3	EXOSC10-AS1	0.13731233407436808
ZBTB40	ECHDC2	0.13729254165498447
ZNF691	PRDX1	0.137290297143045
MYCL	STIL	0.13728226154489254
ZNF362	ID3	0.1372807543489552
NOC2L	MMACHC	0.13725171878038886
ZBTB40	AL020997.5	0.13723467097520525
ENO1	AL031727.2	0.13716021123276345
ZNF691	RBBP4	0.1371457629675681
MTF1	KCNAB2	0.13705060682751227
POU3F1	FAM167B	0.13701222353558923
FOXJ3	VAMP3	0.1370023752521909
RUNX3	AL031005.1	0.1369999175257933
ZBTB48	EPB41	0.13699988873691066
SFPQ	AL691432.2	0.13698075789354197
ZNF436	CEP104	0.13690037504077202
E2F2	CDC42	0.13688461060178828
ZBTB40	C1orf216	0.13686550604455186
SMAP2	HPCA	0.1368455474968334
ASAP3	RIMKLA	0.1368184287599361
ZNF436	TPRG1L	0.1367723791571555
ZNF362	SNHG3	0.13676095593743587
MYCL	EMC1-AS1	0.13675429700956226
ZNF436	MAN1C1	0.13674621380425653
NFYC	WNT4	0.13672698504349942
ENO1	FAM110D	0.13670645113807192
NOC2L	DNAJC11	0.1366973192788067
FOXD2	GPATCH3	0.1366429364658353
NFYC	SLC1A7	0.13661750297756953
DMAP1	KLHL21	0.1365096245511519
RUNX3	AGRN	0.1365015215450597
NFYC	AL358075.1	0.1364984486213832
ZBTB40	ZBTB8A	0.13648151531881064
LUZP1	PAQR7	0.13646365675630553
LUZP1	LYPLA2	0.13643553990262453
MYCL	NPHP4	0.13637634657164324
HIVEP3	CDCA8	0.13635692689910997
MYCL	JAK1	0.13620931273332043
POU3F1	LRRC41	0.13619349944258233
RUNX3	LDLRAP1	0.13614985579139155
DMAP1	AL139246.5	0.13612508757412567
HES5	LEPROT	0.13604763981310505
CPTP	MANEAL	0.1360155053232511
ZBTB17	GNB1	0.1359875519630142
ZNF691	TPRG1L	0.13598012837402618
NFIA	DNAJC11	0.1359778543074281
CPTP	PIGV	0.1359568254001223
CPTP	ATPAF1	0.1359400018486841
SCMH1	LURAP1	0.1358527127515054
SMAP2	NFIA-AS1	0.1358368866674783
SFPQ	AGO4	0.1358227962588336
KDM4A	CPT2	0.13580306715006957
SSBP3	FAM41C	0.135707599678138
ENO1	ROR1	0.13568911629087296
HES5	XKR8	0.135676582748221
NOC2L	KIF1B	0.13564747228151872
GMEB1	SSBP3	0.1356219729480855
ZBTB17	ZNF436	0.13562006420908226
VAMP3	GNB1	0.13555570681946
AGMAT	MAD2L2	0.13553575753239358
FOXJ3	HMGCL	0.1355332416071245
HDAC1	ERRFI1	0.13551879300682676
HDAC1	DNAJC8	0.13543539623253964
ZFP69	PTP4A2	0.13540465736499988
LUZP1	MXRA8	0.1353951199389706
MAGOH	TMEM200B	0.13529267990346647
MYCL	CITED4	0.13527320210271337
ZNF436	AL139424.3	0.13525673793479404
ZNF684	HPCAL4	0.13524568047351157
RUNX3	SMIM1	0.13517128254841715
HDAC1	PIK3CD-AS2	0.1351350352948683
POU3F1	EIF2B3	0.13511458350704475
TAL1	ATP13A2	0.1350737903993306
HES4	GRIK3	0.13507259997583054
ENO1	NMNAT1	0.13506786144495506
NFYC	LINC01359	0.13504862908246174
AKR1A1	C1orf109	0.1349725783889096
AGMAT	AL139260.1	0.13478328321102012
JUN	FAM43B	0.1347467076664103
ZBTB40	YRDC	0.13471940843314095
GMEB1	TMEM222	0.13468008685503968
MORN1	PRXL2B	0.13464300452079275
MTF1	RBBP4	0.13463844072526884
MORN1	PABPC4-AS1	0.13460805897885197
MTF1	FGR	0.1345709450274557
FOXJ3	PGD	0.1345478523805012
CPTP	NPHP4	0.13452268557355038
KDM4A	CAP1	0.1344934224203972
HES4	CCNL2	0.13446641963136524
ZSCAN20	MIB2	0.134351748110522
MAGOH	EFHD2	0.13434608933544018
ZNF362	TMEM125	0.13431514600249425
MYCL	AKR1A1	0.13431200618369862
ZCCHC17	FAM43B	0.1342718431490046
PRKAA2	USP24	0.1342622255963055
PRDM16	LEPR	0.13421643838498443
NFIA	C1orf109	0.13421365900524887
FOXJ3	MAP7D1	0.1341336160368764
ENO1	KIAA1522	0.13408173094765627
FOXD3	RSRP1	0.13404713759269862
ZNF684	CDKN2C	0.133989589957048
KDM4A	FAF1	0.13397846093387833
ZBTB17	ATPAF1	0.13391356819258995
SCMH1	LINC01359	0.13390404902942796
HES4	H6PD	0.13389237418389424
RUNX3	TMEM59	0.13387801006114083
GMEB1	STX12	0.13386285874377496
RUNX3	FCN3	0.133836500824965
VAMP3	SDC3	0.13383114479294397
HEYL	ICMT	0.13378069371948906
HP1BP3	FNDC10	0.13374160357673032
SCMH1	INPP5B	0.13371306485871506
SFPQ	C1QTNF12	0.13367682186306884
ZCCHC17	KIAA2013	0.1336584164136514
MAGOH	SLC25A34	0.13357129598849807
CPTP	ZNF593	0.13352350996317502
POU3F1	FAM110D	0.133515863639383
LUZP1	KLHL17	0.13347548166296536
FOXJ3	ZSWIM5	0.13347360285570187
DMAP1	LINC01128	0.13344721383547117
HEYL	AL590822.3	0.13342960495609338
HES4	LEPROT	0.13337462977615763
ZFP69	DNAJC11	0.13333078558277978
JUN	LINC01137	0.1333219670737986
SSBP3	HSPG2	0.1332947288162123
AGMAT	HMGN2	0.1332599978341988
HEYL	CAP1	0.1332363463452223
RLF	AL606760.1	0.13323226996401075
HES4	LINC00339	0.13323036609308472
GMEB1	PGD	0.13318737783405002
AKR1A1	ADPRHL2	0.1331864428255729
AKR1A1	AKIRIN1	0.13314732454279815
HDAC1	SZT2	0.1330808015198588
MAGOH	AL139289.2	0.1330671694869626
HES4	WNT4	0.13304224494400838
RLF	AL049795.2	0.1330109039125286
MORN1	IFI6	0.13296854126896035
MTF1	GPR3	0.13286392651829976
RUNX3	CLCN6	0.1328584231689057
HES4	TEKT2	0.132830983443666
CPTP	AL139246.3	0.13275086803424654
POU3F1	JUN	0.13268248127558044
RLF	CZIB	0.1326552843356491
FOXJ3	SFPQ	0.1326470193135069
POU3F1	RBP7	0.13262676260135076
ZBTB17	HSPG2	0.1326023050872235
CPTP	PUM1	0.1325964940568583
ZNF436	SSBP3	0.13258013397702764
LUZP1	ARTN	0.13254004729906024
ZFP69B	CDCA8	0.13252015290149838
KDM4A	ZCCHC17	0.13248794622160256
HIVEP3	KAZN	0.13245267134151292
MYCL	PPCS	0.13245199612042058
RUNX3	TIE1	0.13238612382054055
DMRTA2	NOL9	0.13237709471675388
RLF	DVL1	0.1323364941186577
DMRTA2	AL360012.1	0.1323199823926906
VAMP3	MACF1	0.1322559271309602
HES5	CAP1	0.13221331730055005
HDAC1	CDK11A	0.1322034728447443
TAL1	PLPP3	0.13219607447061082
YBX1	COL16A1	0.1321666450811741
NFIA	NIPAL3	0.1320852622533164
JUN	RHD	0.1320403941216366
ASAP3	CENPS	0.13202843242224926
YBX1	TNFRSF25	0.132022503682081
HES5	PIK3R3	0.1320223072409861
SCMH1	TMEM125	0.1320030482547447
ENO1	ZFP69	0.13200303792947618
SCMH1	ECE1	0.13198378324788637
ZNF691	MMEL1	0.13198301758268396
ZCCHC17	DNAJC8	0.1319407068440191
MYCL	ZSWIM5	0.13193878969033648
ZBTB40	HPCAL4	0.13193817802955418
SSBP3	KIAA2013	0.13191407255090942
FOXO6	SPATA6	0.13189017932405142
DMAP1	COA7	0.1318802544923956
NOC2L	GALE	0.1318734342697185
RLF	RAVER2	0.1317808897211518
TAL1	MECR	0.1317585846176239
MTF1	EMC1	0.13175385064258197
LUZP1	NDC1	0.13172993886937623
ZBTB40	RNF11	0.13170948814045955
ZNF436	AL606760.3	0.13167181581814033
FOXJ3	SPSB1	0.1316466503571328
HES4	AL136985.3	0.13160717756230042
ZNF684	ZNF436	0.13159137131715068
AKR1A1	AL590822.2	0.1315601022282958
CPTP	DFFA	0.1315369341083608
HES4	DVL1	0.13150534941362246
MTF1	TTC4	0.13149156912669302
ZNF684	PHACTR4	0.13147328409124198
LUZP1	FNDC10	0.1314727236983959
RUNX3	GJA9	0.13144045855526915
AKR1A1	MRPL20-AS1	0.13133213511204342
PRDM16	PER3	0.1312465050520376
KDM4A	C1orf109	0.13122484578552684
FOXJ3	C1orf122	0.1311918984927145
AKR1A1	AL031005.2	0.13118533878455546
ZBTB48	MECR	0.13116249323866103
ZSCAN20	ASAP3	0.1311588211191521
ZCCHC17	ELOA	0.13111852180154682
ZFP69	EPB41	0.13111781080178772
DMAP1	MIR4422HG	0.13110565526712364
ZNF691	LINC02606	0.13109953299621593
ZNF362	FO704657.1	0.1310684181278597
AKR1A1	KLHL17	0.13106514696002058
ZBTB40	AL512353.1	0.13106168920473824
ZFP69B	ITGB3BP	0.13105693856682896
ZNF436	AKIRIN1	0.1310300654925618
MTF1	ZBTB8OS	0.13094639043610765
DMAP1	ECHDC2	0.13091155668903598
HES4	MRPL37	0.1308031557483001
ZBTB48	MTF1	0.13078253570631293
HP1BP3	KANK4	0.13076333783878
ZFP69B	GNL2	0.13074824397849832
GMEB1	JUN	0.13072552715005986
KDM4A	ELOA-AS1	0.13067382883096912
ZNF691	KLHL17	0.13064648397506234
SSBP3	EPB41	0.13062962265908476
HDAC1	AHDC1	0.13053634600902977
TP73	PRKCZ-AS1	0.13049982659784298
SCMH1	MICOS10	0.13045674630801826
TAL1	AL590822.3	0.1304065222011973
GMEB1	PDIK1L	0.13021563991097296
MORN1	SYTL1	0.13019298633075668
ZBTB40	PLEKHM2	0.13019229260230136
NFYC	VWA1	0.1301756534391052
HDAC1	SLC45A1	0.1301591525683507
HP1BP3	PEX10	0.12997563429222575
RUNX3	MAST2	0.1299631953862135
ZBTB17	TXNDC12	0.12995848886883976
FOXJ3	C1orf174	0.12995333511276375
MTF1	TCEA3	0.12992951836258634
TAL1	AL445248.1	0.12992421178042585
SCMH1	SDF4	0.12990941783502655
RUNX3	SYF2	0.12980545276380318
ASAP3	SCP2	0.12979036514959888
DMAP1	PTPRF	0.12977915749679758
KDM4A	NRDC	0.12976651538577547
RLF	AL031728.1	0.12973540596557287
FOXJ3	HES4	0.1297269389430732
RLF	DRAXIN	0.12972437383429097
MYCL	CCDC28B	0.1297168012851443
ZNF684	SFPQ	0.12970756714708548
ZBTB40	WDTC1	0.12960598057664116
ASAP3	SYNC	0.12956029956401827
ZNF691	AL031848.2	0.12953364444771953
E2F2	AL050341.2	0.12944448472448272
MYCL	FAM229A	0.12943515813745787
SSBP3	SKI	0.12936432918102028
CPTP	RPS8	0.12935845879681845
KDM4A	ITGB3BP	0.12933439346186204
SMAP2	AGO4	0.1293146023593099
TAL1	THRAP3	0.12929929243191268
ZNF691	EPHA2	0.12929867096612574
CPTP	DNAJC16	0.1292950878955584
HP1BP3	PIGV	0.12927746300458864
SCMH1	PDE4B	0.12925506068977108
HP1BP3	AL512353.1	0.1292437596428608
SFPQ	FHAD1	0.129234730835838
FOXO6	LEPR	0.12918793632482625
AKR1A1	BEND5	0.12916869461867023
YBX1	AL451042.2	0.12915440299769282
KDM4A	RNF11	0.12914341657265674
NOC2L	SAMD11	0.12913873311406032
SMAP2	RNF223	0.12910291965927798
HDAC1	MAP3K6	0.12904886613284808
AKR1A1	ZYG11B	0.12903466280154038
NFIA	AL358075.1	0.12899311823708667
HES5	RPL22	0.12899027066428378
ZNF362	TAL1	0.1289771087269229
ZFP69	CZIB	0.12896022759636144
ZNF684	MATN1	0.12890734530581904
SMAP2	MIR34AHG	0.1288862090694429
ZBTB40	MFSD2A	0.1288481053591751
ENO1	MIR4422HG	0.12884615551790324
ZCCHC17	AL451042.2	0.12883673162517978
ZBTB17	NFIA	0.12878445191684884
SFPQ	AL360012.1	0.12877830160882683
HES5	SSBP3	0.12877103040088908
NFYC	SELENON	0.12876502736559714
HIVEP3	PSMB2	0.12874512688782955
PRDM16	TXNDC12	0.12867426600540838
GMEB1	SNIP1	0.12862630013367254
JUN	TCTEX1D1	0.12862581555051633
MTF1	HYI	0.12861767685650424
PRDM16	MARCKSL1	0.12860853354110008
FOXJ3	PLEKHG5	0.12859745245662518
CPTP	TM2D1	0.1285804813044615
PRKAA2	ZBTB48	0.12857409032822115
NFYC	MRPL20	0.12856908965809835
ZNF362	AC119674.1	0.12856351070885777
LUZP1	ADPRHL2	0.12855158089134272
CPTP	KTI12	0.1285146869227318
NFYC	LDLRAD2	0.12850341145503175
ZNF691	LINC01135	0.12848298793302942
SCMH1	FO704657.1	0.12847016862959437
ZBTB48	TIE1	0.1284676906462654
ASAP3	RCC1	0.12841217319039513
DMAP1	MAP3K6	0.12840860257954836
MYCL	NECAP2	0.12839977075900835
MAGOH	SLC2A1-AS1	0.12833859052704702
NFIA	DPH2	0.12833272562753203
MAGOH	NOL9	0.12830973597292966
POU3F1	COL8A2	0.1282343509107281
PRDM16	CYP4X1	0.1282291312102707
HP1BP3	EVA1B	0.12822233600528435
SFPQ	FAM43B	0.12819536501822526
ASAP3	ZMYM4	0.12818998477146212
DMAP1	SRSF4	0.12818901809831415
ZBTB17	EFHD2	0.12814030538407534
HES5	PINK1-AS	0.128130158167715
FOXJ3	TNFRSF4	0.12811162076333463
MTF1	INTS11	0.12810254120742137
TAL1	ACAP3	0.12804240346362558
ZNF691	SCP2	0.127986428359518
ZCCHC17	LRRC41	0.1279808692776732
NFYC	PLEKHG5	0.12793776955800334
POU3F1	NECAP2	0.12792243426438574
DMAP1	KLHL17	0.12791510628714503
DMAP1	YTHDF2	0.12787520430706514
VAMP3	FBLIM1	0.12786936903233528
HES4	HTR6	0.12786738782565488
LUZP1	TENT5B	0.12786703063073115
RUNX3	ICMT	0.12786205069860768
ASAP3	EFCAB14	0.12786020141831417
PRKAA2	MAST2	0.12779255796918543
HP1BP3	NMNAT1	0.1277749141951794
MTF1	AL358075.1	0.127753481650096
HP1BP3	LINC01226	0.12772936096547927
NFYC	MICOS10	0.12761022355534088
POU3F1	MKNK1	0.1275326324714035
FOXD2	PIGV	0.12752190974778513
MTF1	TNFRSF18	0.12748242358791442
YBX1	CORT	0.1274819182023562
SMAP2	AL031289.2	0.12742297786108356
AKR1A1	AJAP1	0.1273708600915083
ZBTB48	AGTRAP	0.12736046361432946
ZBTB48	ATP13A2	0.12728413147207407
GMEB1	CLCN6	0.12728357636812604
AGMAT	SLC25A33	0.12727489321327812
KDM4A	PPP1R8	0.12727241398108197
TAL1	AK4	0.12726476087477268
FOXO6	RRAGC	0.1272226682710671
FOXO6	NBL1	0.12721095401995502
POU3F1	AURKAIP1	0.12713590142940587
ZBTB48	RCC1	0.12709563640057334
MORN1	SVBP	0.12705492050206632
ASAP3	IFI6	0.1270366388373556
DMAP1	TMEM54	0.12698915007973774
VAMP3	EIF2B3	0.1269548290977794
LUZP1	BTF3L4	0.12688692053211534
ZNF436	CDK11B	0.12685415965020186
VAMP3	RAVER2	0.12684039289484597
HES4	AKR1A1	0.12678935482467105
ZNF691	DOCK7	0.1267796342641765
ZBTB17	MACF1	0.1267653597158088
ZBTB17	AKR7A2	0.1267346104929312
DMAP1	MORN1	0.12672936809192673
EXO5	PRKCZ	0.12671568145369747
SCMH1	SMAP2	0.12671024420624524
CPTP	BTBD19	0.12669086453313155
ZBTB40	DDOST	0.12668091463783657
ZNF362	ZNF684	0.1266452330774715
VAMP3	AL353622.1	0.12663075992068612
ZNF362	NRDC	0.1265993698599404
ZNF691	OSBPL9	0.12657217749556457
ZBTB48	GPR3	0.12655813878947414
SSBP3	ARHGEF16	0.12654358776437352
ZFP69B	USP1	0.12653747637497162
MAGOH	PPP1R8	0.1265260433736924
ASAP3	CLCN6	0.12652418306292001
PRKAA2	AK4	0.1265227362049442
POU3F1	KIAA2013	0.1264938783969591
AKR1A1	MFN2	0.126490302029387
YBX1	FABP3	0.1264894889475934
NFYC	SSBP3	0.12647337245292764
HIVEP3	SFPQ	0.12646050099213726
ENO1	AL031985.3	0.12645487258855387
NFYC	KAZN	0.12644549642378194
SCMH1	AL513218.2	0.12643227042781427
NOC2L	TMEM125	0.12642369245848672
MAGOH	CDA	0.12641233470887492
MORN1	AL096840.2	0.126350092501214
ZBTB48	ZNF691	0.12633989353459918
VAMP3	UQCRHL	0.1262886103646342
HIVEP3	NASP	0.12627889641273668
MORN1	S100PBP	0.12627520450837285
ZBTB17	RCAN3	0.12621604242504922
KDM4A	AL450998.2	0.12619521645229478
JUN	PTPRU	0.12619140811262947
HES4	CTPS1	0.12617467900576132
ZNF691	PODN	0.1260494068261033
GMEB1	EIF3I	0.1259389866713253
GMEB1	NDUFS5	0.12593332717185624
MAGOH	ATAD3B	0.12590816399765753
RLF	TRIT1	0.12587839542268792
DMAP1	UBXN10-AS1	0.12585627478649347
TAL1	LSM10	0.12585594313799084
HIVEP3	ATAD3B	0.1257995273504861
ZNF684	AGO4	0.12576754213627356
NOC2L	FAF1	0.1257560005253639
ZBTB40	ZFYVE9	0.12575527494149116
SSBP3	ARHGEF19	0.12573497564297423
ZCCHC17	UBXN11	0.12572117868875518
HDAC1	ZBTB17	0.12571629823886402
LUZP1	CCDC28B	0.1256936384599748
GMEB1	TTLL10-AS1	0.12568982554721872
RLF	LEPROT	0.12566722629956295
AKR1A1	FABP3	0.12563453246953699
TAL1	NFIA	0.125624554128109
HDAC1	FAAP20	0.12561711981354806
PRKAA2	EFCAB14	0.12559107933853422
ENO1	MARCKSL1	0.12556934677744894
SMAP2	AL162430.2	0.1255692583396922
SSBP3	PHC2	0.12545791175847285
POU3F1	TIE1	0.12539617724704796
SSBP3	CCDC163	0.1253768618530903
DMAP1	CAMK2N1	0.12537359545968788
NOC2L	AKR1A1	0.12536318950444458
ENO1	AKR7A3	0.12526899997804014
EXO5	PTP4A2	0.1252664845848746
ENO1	CCDC30	0.1252135576116327
ASAP3	LDLRAP1	0.12520391769382624
ZFP69B	EFHD2	0.12519340112439856
ASAP3	JUN	0.12515412015013636
SMAP2	PRKCZ	0.12508644887896955
GMEB1	CASZ1	0.12496071333702827
SSBP3	AL136115.2	0.12492763554821293
SSBP3	AL136985.3	0.12490276253655858
LUZP1	KDM4A-AS1	0.12488353706001729
SMAP2	AL109936.6	0.12485641435848724
ZBTB48	TINAGL1	0.12483770757091865
RLF	EFCAB14	0.12480740172170458
HDAC1	SLC2A1-AS1	0.12478800211794508
AKR1A1	ARHGEF10L	0.124766765048292
HES5	DDI2	0.12475511016594668
HES4	KHDRBS1	0.12467294311748058
ENO1	ZFYVE9	0.12466478380120385
TAL1	HMGCL	0.12462504328474935
SCMH1	CZIB	0.12461938420486965
ZBTB40	LINC01135	0.12461861228873104
YBX1	LINC01783	0.12459378793806113
RUNX3	EXO5	0.12459168427298431
ZBTB17	PNRC2	0.12458363311385863
DMAP1	PANK4	0.1245669157432455
ASAP3	INTS11	0.12453500509231666
HES4	ECE1	0.12452335969025788
ZBTB17	FAM110D	0.12447442465357403
ZBTB17	AL606760.2	0.12445354237621804
KDM4A	CAMTA1	0.12445034238320803
ZFP69	GPR3	0.12444927151384413
DMAP1	TCTEX1D4	0.12442151735883797
AGMAT	SH3BGRL3	0.12440737895720522
ZNF684	CENPS	0.1243881111032334
SFPQ	FNDC10	0.12438600737909024
KDM4A	CELA2B	0.1243753090077255
ZNF436	PPIH	0.12437048342754495
FOXJ3	TACSTD2	0.12429684199801766
RLF	C1QC	0.1242576996220121
PRDM16	NFIA	0.12422863956063145
HES5	ZMYM6	0.1242045130956799
ZBTB48	ARMH1	0.12419755396431892
ZBTB40	PLCH2	0.12419205879733318
DMAP1	LEPR	0.12418755499419111
SSBP3	B4GALT2	0.12417581156004179
CPTP	TMEM52	0.12411681083887441
FOXO6	TMEM125	0.12411007862525965
KDM4A	ATP5IF1	0.12410804323740322
MYCL	AL031432.3	0.12410092349369997
HES4	AL020996.1	0.12409689332619037
CPTP	PPT1	0.1240871539345564
ZNF362	TCEANC2	0.12407502005126801
ZNF436	GPR3	0.12406622021767374
KDM4A	NFIA	0.12404316124285487
MAGOH	IPP	0.12402123084958386
ZNF684	UBE4B	0.12397377203382902
HES4	OSCP1	0.12391762850300227
KDM4A	LINC01128	0.12391535199693188
FOXJ3	MYCBP	0.12391500128030682
ZNF691	CCNL2	0.12387832325685474
ZNF691	CASZ1	0.12386236181873385
ASAP3	SPEN	0.12383312935972451
SFPQ	RBBP4	0.12375261005268591
GMEB1	AGTRAP	0.12360761152346754
ZFP69	PINK1	0.1235327882803381
HES4	SZT2	0.12351742656334798
DMAP1	GALE	0.12351440158258115
MTF1	VPS13D	0.12350685956067917
SSBP3	UTS2	0.12344973205713904
RLF	B3GALT6	0.12341393465590857
CPTP	FGGY	0.1233670554526505
PRDM16	ISG15	0.12330458020823354
NFYC	NASP	0.1232865694663288
ZBTB40	TTC4	0.12326747296969988
MORN1	TENT5B	0.12325861113238183
LUZP1	ZMYM4	0.12324796848831623
RLF	ATP13A2	0.12321994626102832
PRDM16	MORN1	0.12319767744391726
NOC2L	SNHG3	0.12315579240289241
LUZP1	HP1BP3	0.12314504638756003
ENO1	AL357078.2	0.12312143138777222
ENO1	CRYBG2	0.12312086920294632
ENO1	AL031728.1	0.12309791902931508
MORN1	THRAP3	0.12308901119693001
NOC2L	MRPL20	0.12308275520539591
SMAP2	FAM76A	0.12302331301706249
SFPQ	AC093424.1	0.12300633116061511
TAL1	SFPQ	0.12300413611010187
SFPQ	KANK4	0.12297143349903485
ZNF684	ZC3H12A	0.12293571385750662
ZNF436	AL021155.5	0.12292694076201488
HES4	LYPLA2	0.12285306275975273
LUZP1	HMGN2	0.12284674864813266
HP1BP3	EYA3	0.12281906039372013
HIVEP3	NECAP2	0.12276501108152413
YBX1	C1orf167	0.12276309926777032
NFYC	FBXO42	0.12274632213852324
ZNF436	TAS1R3	0.12270061397936538
ZNF684	SLC35E2B	0.12270047384791616
RLF	RNF11	0.12268492034017271
HES4	PANK4	0.12265325361672891
ZNF436	UTP11	0.1226102608880617
ZNF362	PTPRU	0.12253490823822638
HES4	YIPF1	0.12251689318230914
HES4	IFI6	0.12250647796021732
YBX1	HEYL	0.12247794813084682
MAGOH	E2F2	0.12247359498530679
ZNF436	AGRN	0.12247285897613056
NFIA	AL136115.2	0.12246406873379097
GMEB1	AK2	0.12245281870315362
ZBTB17	MTHFR	0.12242104736659293
ZNF684	CDK11A	0.122340153955167
NOC2L	MED8	0.12232488808766571
HES5	MTOR	0.12231135326749434
LUZP1	B3GALT6	0.12230486748654994
LUZP1	MED18	0.12221617672159987
SSBP3	SLC2A1	0.12220602793787706
POU3F1	AKR1A1	0.12215444142006306
HES4	IQCC	0.12211544361035984
POU3F1	MAP3K6	0.12210785254382528
PRDM16	RIMS3	0.12209676603822135
POU3F1	MFSD2A	0.12207456216314692
MTF1	TESK2	0.12206854350751815
TAL1	RAVER2	0.12202359207955263
ZBTB40	LINC01767	0.12201428700970998
PRDM16	ATAD3C	0.12198338033662931
NFYC	TMEM35B	0.12195027263795588
HP1BP3	SMPDL3B	0.12193413580926046
ENO1	RNF220	0.12192502126079321
NFIA	UBXN10-AS1	0.12192090346112357
ZSCAN20	TRNAU1AP	0.12191333201227547
MTF1	WASF2	0.12189414129754787
GMEB1	MFSD2A	0.12189130898420089
ZBTB40	AL034417.2	0.12186621119278285
HEYL	TINAGL1	0.12185762883129225
ZBTB48	PRDM2	0.12181975079351354
YBX1	AL359881.1	0.12181425865067207
EXO5	SLC66A1	0.12180254006025838
HP1BP3	PDZK1IP1	0.1217971343370977
CPTP	FBLIM1	0.12175434566873491
SSBP3	LEPR	0.12173345802346934
LUZP1	CORT	0.12173229279604694
MORN1	SAMD11	0.12160402034985157
VAMP3	AL050343.2	0.12158220969242568
RLF	BMP8B	0.12158157567811965
MTF1	LINC02606	0.12152583835463121
ZNF436	GPBP1L1	0.12149512589116795
POU3F1	SYTL1	0.12146241238591492
LUZP1	HDAC1	0.12145502074488984
ZCCHC17	FGGY	0.12143814093974455
MTF1	IFFO2	0.1214316144869124
ZBTB17	NUDC	0.12141272306700955
TAL1	ERI3	0.1214055783234087
NOC2L	CCDC24	0.12139074915447072
ZBTB17	AL136985.3	0.12134774621138504
ZNF684	CAPZB	0.1213446436160811
GMEB1	CACHD1	0.12130001061253512
ZBTB17	ZNF436-AS1	0.12128488025203374
NOC2L	NRDC	0.12126219705073966
HES5	RPS6KA1	0.12119764313470457
ZBTB17	LCK	0.12118558922991868
GMEB1	CPT2	0.12115642028647895
HES4	RAB3B	0.12109832286352931
AKR1A1	FBXO6	0.12107139510540166
GMEB1	BX284668.5	0.12105243603364689
ZBTB17	DHRS3	0.1210512718521311
MYCL	TTC34	0.12105087464990137
POU3F1	PATJ	0.12103921645969497
POU3F1	SVBP	0.12103606461499143
RUNX3	UQCRH	0.12100274089379595
LUZP1	MED8	0.12098467365633071
FOXJ3	TRNP1	0.12098008462565109
ZNF684	CAMK2N1	0.12096668342249284
LUZP1	FAM131C	0.12095925651753639
POU3F1	MARCKSL1	0.1208401985211765
NFYC	PPIE	0.12083011972258999
SCMH1	C1orf122	0.12082845106334777
HP1BP3	AL031283.2	0.12081033882978673
ENO1	TMEM240	0.12072277657660782
ZBTB17	KTI12	0.12072133646171582
HES4	AL450998.2	0.12067846167895925
JUN	RNF11	0.12067460498527982
MAGOH	RAB3B	0.12062558607029132
HES4	MIB2	0.12061969893368545
RUNX3	TRNP1	0.12061387962506052
ZNF436	TNFRSF1B	0.12058987517153971
MAGOH	TMEM234	0.12058214074152798
AGMAT	SZT2	0.12057062769763997
ZCCHC17	XKR8	0.12053989181298382
DMRTA2	CPTP	0.12047354624648006
MTF1	FAM41C	0.12045967896984301
YBX1	AL606760.2	0.12041746051833321
NFIA	CMPK1	0.12039749665841985
HIVEP3	NMNAT1	0.12029810050259016
ZBTB48	PPIE	0.12028514077517859
HDAC1	MYCL	0.12025120514291196
RLF	CLSTN1	0.12025093238415939
LUZP1	RHCE	0.12024407316290292
DMAP1	RNF11	0.12018881135050762
ZBTB40	MRPL37	0.12008970713424885
ZNF436	MTOR	0.12005381371552212
RUNX3	DNALI1	0.1200452935972041
MYCL	SCMH1	0.12002642509886481
AKR1A1	MUTYH	0.11994781280846396
KDM4A	SRSF4	0.11993995915349104
MAGOH	OSBPL9	0.1199202442573317
MORN1	CEP85	0.11990301267481669
MORN1	ZMYM4	0.11982898786096784
NFYC	SRRM1	0.11981843122146357
RLF	TMEM52	0.11978917645840295
TAL1	RRAGC	0.11978428354291581
TAL1	ZBTB48	0.11978048999879053
CPTP	SMIM1	0.1197671141061331
JUN	LINC02606	0.11975975809098088
ZFP69B	GNB1	0.11974413988153847
ZBTB48	GJA4	0.11969437082220401
HES4	VAMP3	0.11967573862391769
ZNF436	AL139246.5	0.11965684155174736
VAMP3	SSBP3	0.11965568953821318
NFYC	ARHGEF19	0.11965143944833213
HES4	CDC42	0.11963958791074374
FOXD2	JAK1	0.11963207656883226
HES4	CDK11A	0.1195898482690157
NFYC	PAQR7	0.11958806756161376
SSBP3	TP73	0.11944626201142901
MORN1	USP48	0.1194087374932146
MTF1	AGO3	0.11939220612604783
NFIA	UBIAD1	0.11935826322905524
SSBP3	TINAGL1	0.11935616546048801
AKR1A1	TTLL10-AS1	0.11935028065185492
ZBTB48	LZIC	0.11924471590157362
ZBTB40	UBR4	0.11920020822682457
ZNF362	EFHD2	0.11917512957530911
MTF1	HP1BP3	0.11914143103289945
SSBP3	MAP3K6	0.11912031027611486
HES5	YBX1	0.11910369337081567
HDAC1	MTF1	0.11906634747744874
ZCCHC17	LRP8	0.11904210443293205
ZNF362	EIF3I	0.11901505250763979
HP1BP3	C1orf50	0.11897703103750366
ZFP69	PUM1	0.11888214485696807
RUNX3	FO704657.1	0.11887328155051236
AGMAT	MICOS10	0.11886522725477622
NOC2L	C1orf174	0.11885072982448944
FOXJ3	LINC02777	0.11881718468776188
HES5	MRPS15	0.11880906075032267
MAGOH	AL606491.1	0.11878268182371375
ZBTB40	SHISAL2A	0.11876817852624375
KDM4A	LINC00339	0.1187639811376331
SFPQ	TAS1R3	0.11875427545246868
NFYC	NRDC	0.11868699878507794
RLF	RCAN3AS	0.11866382725309642
KDM4A	SLC45A1	0.11864938589567144
ZBTB48	ENO1-AS1	0.11861519965059421
ZNF436	AL020997.2	0.11855873982700177
ZSCAN20	SDF4	0.11854725480555843
KDM4A	KIAA0319L	0.11848383993668515
HES5	AURKAIP1	0.11840334071723699
HES4	OTUD3	0.1183823337898854
LUZP1	CCDC163	0.1183498162855997
JUN	AL034417.2	0.11834604767311774
SCMH1	CPTP	0.11828109534752178
TFAP2E	SELENON	0.11827945759894579
ZCCHC17	AC254633.1	0.1182385842539137
ZSCAN20	SPATA6	0.11823220259658301
ZNF691	ATP6V0B	0.11823140596514184
HIVEP3	KIF1B	0.11822846102963842
SSBP3	LINC02777	0.11819446159350606
SMAP2	AL450043.1	0.11806092354954618
ZNF436	ALDH4A1	0.1180376671768367
NFYC	AZIN2	0.11802426769055474
SSBP3	VPS13D	0.11801617507994701
SCMH1	OMA1	0.1179982962365277
HDAC1	CPTP	0.11793091612190176
SSBP3	CDC20	0.11787457055770609
MTF1	TMCO4	0.11787386376741536
AGMAT	HP1BP3	0.11783916075470734
TAL1	SLC9A1	0.11772526098068528
RUNX3	CEP85	0.11769660281153033
NOC2L	SFPQ	0.11769466332205622
HP1BP3	AL031432.4	0.11766911003118065
GMEB1	PTCH2	0.11766128560564079
ZCCHC17	FHAD1	0.11764310551593309
SSBP3	S100PBP	0.11763915464976277
KDM4A	SFPQ	0.11762804270858025
HES5	PNRC2	0.11760784367744567
FOXJ3	TMEM52	0.11743579791487152
FOXJ3	RNF220	0.11743025755154876
AKR1A1	BX284668.2	0.11737362263088674
SCMH1	SYF2	0.11736709921054422
MTF1	RERE	0.11734876903392233
HEYL	NBL1	0.11733765346484559
ZBTB40	SDHB	0.1173147211375046
MAGOH	PAFAH2	0.11726458323193145
GMEB1	TMEM50A	0.11722258869731796
FOXO6	EVA1B	0.11716515087883113
SFPQ	AL031005.2	0.11712453170609273
SFPQ	ZNF362	0.11710287466022594
NFYC	TNFRSF4	0.117097572805525
SSBP3	RUNX3	0.11708758980986131
RLF	UBE2J2	0.11703577182085435
ZNF362	SRRM1	0.11703551039694807
VAMP3	MATN1	0.11703038684321608
CPTP	TXNDC12	0.11699135341236817
FOXO6	ELOVL1	0.11692144626319219
CPTP	AL139424.3	0.11691505279254827
ZCCHC17	LINC00115	0.11691189724206022
FOXD2	TMEM222	0.11685805881351494
HDAC1	AKR7A2	0.11674967943752104
MORN1	MFN2	0.11674622520398965
VAMP3	MMACHC	0.11673996326358252
FOXJ3	ALG6	0.11666177807162847
HIVEP3	PEX14	0.11662346969410921
DMAP1	LRRC47	0.11661467522587246
SSBP3	EMC1	0.11660923586560938
ZNF436	THRAP3	0.11659419731665441
FOXD2	HSPB11	0.11658658275145874
ZBTB40	NCDN	0.11658150580178597
ZSCAN20	BX284668.5	0.11646898954467046
VAMP3	PDIK1L	0.1164390777431549
ZFP69B	CAPZB	0.1163840967915791
ZBTB48	CDK11A	0.11634661774231075
ZNF691	BX284668.5	0.11634445204853776
ZBTB40	GALE	0.11632103064796573
SSBP3	ALDH4A1	0.11626959395041231
ZFP69B	ELOA-AS1	0.11624837574170835
RLF	ERRFI1	0.1162403651193588
FOXD2	PRKCZ	0.11623159516748316
PRKAA2	INTS11	0.11621211929896869
AKR1A1	PTPRU	0.11620858386917488
HDAC1	MTHFR	0.11617770888042367
HES4	LINC01635	0.11617345391668796
HES4	EIF4G3	0.11614353801300903
ENO1	ZSCAN20	0.11611676949212811
SCMH1	DMAP1	0.11610800158764051
POU3F1	YRDC	0.11608573883002281
LUZP1	UBR4	0.11607721888671677
ZBTB40	EIF3I	0.11606039678508658
MAGOH	AL357140.1	0.11602802468797556
GMEB1	PODN	0.11600282220640339
MAGOH	B4GALT2	0.11597601859401784
HP1BP3	ERMAP	0.11597124889418584
KDM4A	SLC6A9	0.11597028643659146
ZCCHC17	TMEM51-AS1	0.11590490817480686
RLF	RCC1	0.11589025094403761
MORN1	PPCS	0.11583179234120186
DMAP1	RUNX3	0.11582338545858742
TAL1	LINC02777	0.11580393774855309
RLF	PLK3	0.11579474592764419
KDM4A	GPATCH3	0.11578767921675251
ZNF436	CC2D1B	0.1157596606053842
RUNX3	PANK4	0.11572334812659024
HP1BP3	ZSWIM5	0.11569548367672752
ZNF691	RNF220	0.11566093105139327
POU3F1	SRRM1	0.11565746774514102
HES4	EFCAB7	0.11565034614590551
ZBTB17	SDHB	0.11564989116492634
MORN1	C1orf216	0.11563371344280095
JUN	ARHGEF19	0.11563340566446323
HDAC1	TRIT1	0.11559341982949062
KDM4A	GPX7	0.1155646907924772
TAL1	FGGY	0.11544449768484105
HP1BP3	ACOT7	0.11540320485424789
NFYC	CD52	0.11537345688089908
FOXJ3	TMEM54	0.1153590995488275
ZFP69B	HMGN2	0.11532639557435148
RUNX3	ZNF436	0.1153215989072677
MAGOH	MED18	0.11526910968340964
FOXJ3	EBNA1BP2	0.11523255184398305
SSBP3	PLPP3	0.11516290316574568
HDAC1	ECE1	0.11516026754448332
FOXJ3	AKIRIN1	0.11511522132680396
AGMAT	LCK	0.11510340093616726
ENO1	EXTL1	0.11509999508546294
RUNX3	FAM41C	0.11509272886379444
ZBTB48	RNF11	0.11507304311884677
AKR1A1	L1TD1	0.11505242552984139
EXO5	SNHG12	0.11503621715808891
NFIA	SNHG12	0.114943125504997
RUNX3	CYB5RL	0.11493832194229547
CPTP	AKIRIN1	0.11492149985491887
VAMP3	ARTN	0.11489723052770888
SSBP3	STPG1	0.11489636518494924
DMAP1	PRKCZ	0.11489369762251886
MAGOH	AC119674.1	0.11487755118418193
DMAP1	ADPRHL2	0.11482009743116604
ZNF362	SH3BGRL3	0.11479390578277403
ZBTB17	PPCS	0.11477884256816456
LUZP1	MIR4422HG	0.11474683920824993
HDAC1	IPO13	0.11473948274961805
AKR1A1	TMEM39B	0.1147213183482376
POU3F1	MFN2	0.11468919205013378
GMEB1	TPRG1L	0.114675738908544
SCMH1	DISP3	0.1146329678085487
ZCCHC17	PAFAH2	0.11463078539744193
YBX1	TMEM269	0.11461952054257596
SSBP3	ZBTB8A	0.11459057511242696
ZNF362	KANK4	0.11457951460965422
PRDM16	NBL1	0.11452919771236306
DMAP1	INTS11	0.11450561957786617
DMAP1	TPRG1L	0.11450355221164657
ZBTB48	HES5	0.11449115388710573
FOXO6	SYF2	0.11447555096252321
HES5	ZC3H12A	0.11446272167654796
HDAC1	YARS	0.11446253850474844
HDAC1	CZIB	0.11443778093155477
SMAP2	CELA2B	0.11441954166377136
POU3F1	TAF12	0.11439868677370377
E2F2	MED8	0.11438953679571275
ZFP69	MYSM1	0.11436851936190054
ZNF684	EFHD2	0.11418360890649283
MYCL	NFYC	0.11416918999707758
MYCL	NMNAT1	0.11415261660869083
DMAP1	GPBP1L1	0.11414607087213705
CPTP	COA7	0.11413769686743223
SSBP3	DDI2	0.11410219040129603
HDAC1	NOC2L	0.11405044471884883
VAMP3	CELA2A	0.11404339253754964
HP1BP3	AL357078.2	0.11403125499552277
LUZP1	AL606491.1	0.11392017534097494
RLF	TMEM50A	0.11388924854777624
ZCCHC17	NFYC-AS1	0.11385715119126721
HIVEP3	DDI2	0.11385421856612442
VAMP3	ESPN	0.11385281722892655
ZNF436	WDTC1	0.1138508698346602
GMEB1	DHCR24	0.11384981472080477
SFPQ	DOCK7	0.11384429165049731
HP1BP3	SDC3	0.11375507177003219
TAL1	TNFRSF4	0.11371567964162377
GMEB1	DNAJC8	0.11358764827752516
NFIA	TNFRSF18	0.11358291766575937
ZCCHC17	AL139246.5	0.11357488931276842
SCMH1	BEND5	0.11357257265230236
POU3F1	EPHA2	0.11353026628484907
RLF	ID3	0.11351342866118913
POU3F1	SSBP3	0.11351035166680355
HES5	DFFA	0.11350346740496275
ZBTB17	EFCAB14	0.11348703137952086
KDM4A	CCNL2	0.11348114410271382
HES4	SSBP3	0.11348079746203918
ZNF362	LEPROT	0.11345334466563495
ZBTB40	LINC00339	0.1133509586450746
HDAC1	S100PBP	0.11324961032125702
DMAP1	TMCO4	0.11313365918649465
CPTP	NOC2L	0.11309369299646706
RLF	CDC20	0.11307804185370643
CPTP	CEP85	0.11305292216535587
TAL1	ECHDC2	0.11302556756094242
ZSCAN20	PDIK1L	0.112998863366589
AKR1A1	FOXD3	0.11298335604620945
TAL1	HCRTR1	0.11294726094157155
NFIA	FOXD3	0.11293924769248521
HDAC1	AL645608.7	0.11292663023038124
MTF1	AKIRIN1	0.11291728057839794
SSBP3	BX284668.2	0.1128713320884045
NOC2L	AKR7A2	0.11284236809893529
ZBTB48	KIAA2013	0.11282819207571118
FOXO6	SRM	0.11269336094084054
FOXJ3	SYTL1	0.11269000811398219
ZBTB17	PIK3R3	0.11268953507029714
HES4	EBNA1BP2	0.11265692567952588
ZBTB17	CELA2B	0.11265179408732443
ZBTB40	KIF1B	0.11262513220818143
ZBTB40	AL627309.5	0.11258125087584285
YBX1	WDR78	0.1125419117393423
CPTP	SZRD1	0.1125072531251431
ZNF691	ECE1	0.11250278267558833
AKR1A1	ST3GAL3	0.11248242546642917
ZFP69B	TM2D1	0.11244131892066038
JUN	PEX14	0.11243912048918732
RLF	NMNAT1	0.11243214028903682
ZCCHC17	SH3BGRL3	0.11242743962725571
NFYC	LDLRAP1	0.11242512468221103
MAGOH	SLFNL1	0.1123916419004795
E2F2	KIF17	0.11237344724720945
VAMP3	AL162430.2	0.11237048950849281
AKR1A1	RHBDL2	0.11232728189554221
ZBTB48	CPLANE2	0.11231216990389846
PRKAA2	CLSPN	0.11230933940051839
HP1BP3	AL031602.2	0.11229843966547512
AKR1A1	AL356055.1	0.11229504447857044
NOC2L	WRAP73	0.11218150528426807
LUZP1	LRP8	0.11216722279350308
NOC2L	TMEM59	0.11215986139252133
SCMH1	AL096840.2	0.11213912296675371
PRKAA2	HMGCL	0.11213899208796321
HES4	BX284668.5	0.1121062215643569
MAGOH	MED8	0.11208161969154852
HDAC1	CDK11B	0.11203816887466726
CPTP	SDC3	0.1120348566719929
VAMP3	SLC2A1-AS1	0.11197543354883907
ZFP69B	NIPAL3	0.11194184436486947
ZNF684	AL139260.1	0.11193480700879047
ZBTB17	SF3A3	0.11191695301443366
E2F2	RSRP1	0.11190848717579148
ASAP3	DHRS3	0.11188741959363463
HIVEP3	DMAP1	0.11188532985659629
HES5	SAMD11	0.11187404309944761
ZSCAN20	MYCL	0.11184611336012057
ZBTB48	AL096840.2	0.1118449178049341
ZSCAN20	IFI6	0.11184489552251212
TAL1	SYNC	0.11182801944435422
MAGOH	ZFYVE9	0.11179510851135747
HEYL	COA7	0.11177772105991407
NFIA	HCRTR1	0.1117215166274792
SMAP2	FHAD1	0.11169895656314927
NFIA	XKR8	0.1116430863154984
ZBTB48	TMEM35B	0.11162944400460358
ZCCHC17	RHD	0.11162018816734619
RLF	SMIM1	0.11160755568060922
CPTP	PPIE	0.11158707398912646
HIVEP3	FHL3	0.11158157760429108
FOXJ3	VWA1	0.1115238424183296
ZFP69	LCK	0.11151813082319678
ZNF362	LINC02777	0.11143924041210071
YBX1	SPEN	0.11142389691291527
FOXJ3	CYP2J2	0.11136208751101069
LUZP1	FAM87B	0.1113531359931813
LUZP1	TMEM234	0.11134012478774169
FOXJ3	POU3F1	0.11133208689297273
TAL1	AC119674.1	0.11129805485293603
ZNF684	SLC9A1	0.11126582631209542
MAGOH	AC114488.3	0.11123607417226634
ZNF684	KAZN	0.11122854490804407
HIVEP3	PPT1	0.11119323109740287
ZBTB17	CTPS1	0.1111755413809365
SCMH1	SZT2	0.11117417388167876
NOC2L	FBXO44	0.11114749020214558
ZFP69B	LRRC41	0.11113087416037735
NFYC	PARK7	0.11111491906054634
MAGOH	AL513218.2	0.11109632552903123
RUNX3	C1QA	0.111094976431407
ZNF684	ATP13A2	0.11106317442612365
SSBP3	SLC2A1-AS1	0.1110501518043566
ZCCHC17	AC004865.2	0.11104233871124694
ZCCHC17	LEPR	0.11098930139639777
ZNF691	DHCR24	0.11098713463291862
ASAP3	DDOST	0.11096151001030827
GMEB1	AL445248.1	0.11093756121857506
FOXJ3	ARTN	0.11091652463585418
GMEB1	RCC1	0.1108291261510747
KDM4A	MRPS15	0.11075600090083022
HDAC1	CYP4X1	0.11074431660326907
HDAC1	AL021154.1	0.11071427881828887
MTF1	MECR	0.11068619574884908
MTF1	FNDC5	0.11067959907126627
DMAP1	ARTN	0.11067838939116872
NFYC	TSPAN1	0.11060450107184625
ASAP3	CPT2	0.11053645250675145
HP1BP3	LINC00339	0.11052662202040461
ASAP3	FAM110D	0.11051556670656802
GMEB1	RNF19B	0.11047572054576488
TAL1	NFYC-AS1	0.11047051580240144
TAL1	AL606760.2	0.11043671571432548
AGMAT	EPS15	0.11039663267387369
SSBP3	TMEM222	0.11034867254855864
TAL1	ALG6	0.1103247673016037
HDAC1	LINC01562	0.11027508355940704
FOXD3	TAF12	0.11025534145884079
EXO5	FAF1	0.11023791130356501
SCMH1	CITED4	0.11022270489480693
ZNF436	ZNF691	0.11020132044879918
YBX1	MMACHC	0.11015229593176962
CPTP	BEND5	0.1101146083140535
YBX1	SPATA6	0.11010171478103295
AKR1A1	AL590438.1	0.1100735002994728
ZBTB40	NOC2L	0.1100579878384368
HDAC1	AL590822.2	0.11003843656185149
NFYC	PPP1R8	0.10999909290453289
CPTP	CDC42	0.1099847268223026
RLF	USP1	0.10996707819807011
POU3F1	NOL9	0.10984399687592888
MAGOH	LINC01409	0.1098044125010185
ENO1	TFAP2E	0.10977955293130473
HES4	NCMAP-DT	0.10977033125421479
ZNF436	MRPL20-AS1	0.10976770485624622
HES4	AL135960.1	0.10973483338486198
RUNX3	PRKAA2	0.10968097103446939
RUNX3	ADPRHL2	0.10967233063842483
HES4	TIE1	0.10964443017737764
SSBP3	AL604028.1	0.10963954206779336
HDAC1	B4GALT2	0.10962283889187929
ZNF362	TMCO4	0.10961027435214907
GMEB1	NFIA	0.10958939401971289
AKR1A1	AL450043.1	0.10954962380299244
ZCCHC17	KCNAB2	0.10954535331939401
EXO5	AL139246.5	0.10953018814275554
HDAC1	POU3F1	0.1095202074653857
MAGOH	COL16A1	0.10951059201153016
TAL1	GMEB1	0.10949312710569602
MTF1	CCDC28B	0.10948588712792007
RLF	PRKAA2	0.10947038204761902
RLF	UBE4B	0.10944411502864242
ZNF684	EIF3I	0.10935632747695892
KDM4A	YARS	0.10934470333998102
ZNF362	USP1	0.10928383026828493
NFIA	C1orf159	0.1092677031203929
KDM4A	POU3F1	0.10924471521369711
ZCCHC17	MED8	0.10924312549630011
ENO1	FHAD1	0.10923006585587713
RLF	TRIM62	0.1092064777720092
RLF	HECTD3	0.10914499536751021
SSBP3	YBX1	0.1091439550695619
ZNF436	RNF220	0.10911143767971193
HES4	ZMYM1	0.1090037447484612
ZBTB48	SMPDL3B	0.10899670010968351
NOC2L	TMEM35B	0.1089671523424432
ZBTB48	LEPROT	0.10894744279500175
SSBP3	AL139246.3	0.10891512332075938
SSBP3	LINC01144	0.10890949716008631
HES4	SERINC2	0.10888851140085368
VAMP3	NRDC	0.10886597597902614
HES4	GPR153	0.108799102083395
PRKAA2	CCDC28B	0.10879667261690504
SSBP3	SF3A3	0.10879442578051043
PRDM16	BTF3L4	0.10876605209135452
MTF1	UBIAD1	0.10870563414802194
HES5	DNAJC16	0.10869721971497263
TAL1	MICOS10	0.10864355240936183
ZBTB48	NBPF1	0.10860698288760862
NOC2L	RUNX3	0.10859222855790036
DMAP1	YBX1	0.10856901132069721
KDM4A	AKR1A1	0.10856826171415482
ENO1	MOB3C	0.1085664956006792
ZNF436	LNCTAM34A	0.10851920314107162
HDAC1	AL139246.5	0.10850206487232497
AGMAT	MRPL20	0.10846138148322894
GMEB1	PUM1	0.10843098493489936
MORN1	SF3A3	0.10843075422369494
SCMH1	MAP3K6	0.10842959476902464
MORN1	JAK1	0.10837065115059125
ZNF362	AL021154.1	0.10824591258471489
RLF	AL034417.2	0.10821520599065731
ASAP3	CZIB	0.10820184369157917
HDAC1	NFIA	0.10815397113991922
ENO1	GJA9	0.10813346596980948
ZBTB17	AL512353.1	0.10811932356440689
MAGOH	DNALI1	0.10811656330117173
ENO1	DMRTA2	0.10811413549357544
ZNF436	CDK11A	0.10805741752868754
ASAP3	ZMYM1	0.10803088847028282
ZCCHC17	MRPL20	0.10798842654791435
ZNF436	DNAJC16	0.10796491253636824
SFPQ	CCDC163	0.1078901406147547
ZNF436	GPX7	0.10784341415907696
PRKAA2	NBPF1	0.10784166125377145
ENO1	AL590822.2	0.10782311460407085
NFYC	PANK4	0.10771343905323538
KDM4A	AL139246.5	0.10767798069695503
ZBTB48	PRPF38A	0.10767495558352841
SMAP2	AL139423.1	0.10759158961225637
KDM4A	NUDC	0.1074580494936038
HES4	AL445248.1	0.1074289835136782
ASAP3	CMPK1	0.10738435995763869
NFIA	FOXO6	0.1073441237068722
HEYL	NFIA	0.10733994529154543
SSBP3	PRDM2	0.10730929435799723
NFYC	MOB3C	0.10729737024265322
NOC2L	CAMK2N1	0.10727590485057713
NFIA	ARHGEF16	0.10726032910222391
ASAP3	CDA	0.10725609546372336
HP1BP3	FAM167B	0.10722307491344192
ZNF684	PHC2	0.10718858382750653
GMEB1	ZBTB17	0.10716227535691265
HDAC1	ZMYM4	0.1071363703490593
TAL1	RPL11	0.10711236489439062
RUNX3	TMEM51	0.10710748646390578
TAL1	GRIK3	0.10708278280514522
POU3F1	IPO13	0.10705574821548935
HP1BP3	FOXO6	0.10705274836693397
SSBP3	AL139246.5	0.10700837499929484
ZNF436	HPCAL4	0.10696761127593389
ZNF436	PGD	0.10694947661264588
DMAP1	ZBTB8OS	0.10693743233036264
MYCL	RNF220	0.1069098119166698
MYCL	OSBPL9	0.10690091747696012
PRKAA2	PTCH2	0.10685750580451742
MORN1	PPT1	0.10685102856230404
SSBP3	SYNC	0.106842720534919
NFYC	TTC39A	0.10680025376839937
HDAC1	HECTD3	0.10676086400188627
PRKAA2	ACAP3	0.10674893635713976
ZBTB40	PPT1	0.10673533514050924
MTF1	SH3BGRL3	0.10669674276920131
ZSCAN20	KDM1A	0.10666768761901609
SSBP3	AL031280.1	0.10658434107831813
ZBTB40	DHCR24	0.10656414546513435
HES4	L1TD1	0.10654834256639253
RUNX3	TMEM240	0.1065395244302975
POU3F1	MIER1	0.1065359082025746
RLF	PEX10	0.10650742526900775
HES5	AL139423.1	0.1064797400862543
AKR1A1	AL606491.1	0.10647071549259571
TAL1	SLC25A34	0.10637753506726184
SMAP2	TAS1R3	0.10636698502142329
POU3F1	AHDC1	0.10629943919773745
LUZP1	AL031005.1	0.10623431193711504
MTF1	PSMB2	0.10617459860945441
ZNF436	PLOD1	0.10617129514479202
ZNF362	ZBTB17	0.10616644638812613
HIVEP3	SNRNP40	0.10614784266187616
MAGOH	TTC4	0.10609238853852344
HES5	FGR	0.1060899918664538
SSBP3	ATP13A2	0.10608223788701276
DMAP1	TNFRSF18	0.10607349943034476
HES4	UBE4B	0.1060317584501177
ZNF362	BX284668.5	0.10602483974918217
ZNF436	MYCL	0.10600859694140181
ZNF691	AC119674.1	0.10598784510545226
HP1BP3	TRABD2B	0.10594780842064098
KDM4A	EBNA1BP2	0.10593802493073509
YBX1	KDM1A	0.10590294513161469
ASAP3	GPX7	0.10584359517901724
ZBTB17	TRNAU1AP	0.1058266391621377
FOXJ3	PEX14	0.10582547599362949
TAL1	AL604028.1	0.10579567193332456
PRKAA2	ZFP69B	0.10577275750083004
SMAP2	CTRC	0.1057682341210876
FOXJ3	MECR	0.10576594078994357
ZBTB48	ELOA	0.10575468909266039
MYCL	MIER1	0.1057519794135671
EXO5	ECE1	0.1056828228071754
AKR1A1	SSU72	0.1056359689526679
AKR1A1	MFSD2A	0.10562886665159452
HDAC1	KDM4A-AS1	0.10561752775205857
MYCL	PLEKHG5	0.10561151407224312
FOXJ3	CYB5RL	0.10557121521160484
HDAC1	TMEM200B	0.1055276603295869
HES5	LCK	0.10552418498375278
NOC2L	PAQR7	0.10551791301139377
GMEB1	STIL	0.10551147182655032
HES5	ZNF593	0.10549693134125203
ZNF691	MAP7D1	0.10549651950983786
NOC2L	PINK1	0.10548123074728327
RLF	CAP1	0.10547442439542948
NFIA	GJA9	0.10540679030441837
ZNF691	CPLANE2	0.10540655395254646
HIVEP3	ISG15	0.10534746381042083
HES4	FAM167B	0.10533704984494174
HIVEP3	PABPC4	0.10531836636967051
CPTP	RPL11	0.10531105227338494
GMEB1	PANK4	0.10527967470209747
POU3F1	CZIB	0.10527880905571464
ASAP3	PRPF38A	0.10521763541990661
VAMP3	PTCH2	0.1051800165815077
ZNF684	PRXL2B	0.10515308581442158
ZBTB17	PGM1	0.10512752277354101
MORN1	KDM1A	0.10507542466391066
KDM4A	RUNX3	0.10505466366584668
ZBTB17	AL096840.2	0.1050538817957575
NFYC	MED18	0.10504093155676447
POU3F1	AL021155.5	0.10503197013313752
ZBTB48	SHISAL2A	0.10500552532124137
FOXJ3	AL050343.3	0.10497699190342548
RLF	PAFAH2	0.10496718739474192
NFYC	C1orf122	0.10496311808407079
HP1BP3	TTC22	0.10492217176162515
AKR1A1	HEYL	0.10489456570687987
ZCCHC17	PLEKHN1	0.10489358870758118
YBX1	PLOD1	0.1048738515020334
GMEB1	CC2D1B	0.10486391361626854
VAMP3	MYCBP	0.10486015966557134
ZBTB48	FGGY	0.10484221665071648
FOXJ3	AL139220.2	0.10484089459177888
HDAC1	NBL1	0.10478326494601362
ZBTB40	TCEA3	0.10478225953356889
HIVEP3	MECR	0.10477091602871398
TAL1	DNAJC11	0.10475796989839832
VAMP3	CEP104	0.10470199191092029
FOXJ3	SSBP3	0.10469346272882459
ZBTB40	EIF4G3	0.10467826352438066
NFIA	LRP8	0.10466697051875774
ZBTB48	KCNQ4	0.10466111396336812
KDM4A	MRPL37	0.10462128137882307
SCMH1	AL139220.2	0.10460724990151536
TAL1	YRDC	0.10460327067455791
RUNX3	FBXO44	0.10458342557856605
LUZP1	LINC02596	0.10458322863992017
HIVEP3	TM2D1	0.10458182466794069
HES5	MAP3K6	0.10457872631249164
SCMH1	PPCS	0.10457530153360324
KDM4A	UROD	0.10457208854522522
KDM4A	LRRC41	0.10456581458359761
ZNF362	NDUFS5	0.10454532019256657
DMAP1	PLK3	0.1045412095731314
TAL1	SLC6A9	0.10450092051525596
HIVEP3	RER1	0.10448293096432558
NFYC	PPT1	0.10446485021104902
RLF	MATN1-AS1	0.10444116991760412
VAMP3	CDC20	0.10442860579201571
MYCL	ZNF691	0.10440364137981498
FOXJ3	JUN	0.10434714376292786
SSBP3	TRIM62	0.10431593640146063
ASAP3	RHBDL2	0.10429907480857209
ENO1	KDM4A-AS1	0.10428350434964107
KDM4A	AGO3	0.10426499797587148
DMAP1	GPN2	0.10426071411841073
ZBTB17	ELOVL1	0.10425653045982236
NOC2L	KAZN	0.10423399860304558
HES4	TARDBP	0.10421531724072733
YBX1	C1QTNF12	0.10421160008321521
NOC2L	TEKT2	0.10420059845019293
SCMH1	NRDC	0.10412807323729259
SSBP3	PLEKHG5	0.1041240539500135
POU3F1	PAQR7	0.10404850569881625
ZBTB48	USP1	0.10397124465264893
ZNF436	MACF1	0.1039210034984769
ZFP69B	TNFRSF25	0.10391482909967871
SCMH1	RERE-AS1	0.10390214591197608
HP1BP3	LINC01770	0.10389033909683394
HDAC1	RUNX3	0.10386132721259075
HDAC1	RLF	0.10384986748525267
ZNF362	NMNAT1	0.10382409224596004
ZFP69	ALG6	0.10382294898319062
ZNF362	SPSB1	0.10380059671701873
ZBTB40	CTRC	0.10378106552172563
SSBP3	MORN1	0.10377221535298646
ZBTB17	TMEM35B	0.10376104911748248
HES5	ATAD3A	0.1037501075987308
YBX1	AGO1	0.10373546783725664
KDM4A	MYSM1	0.10367633583065543
CPTP	H6PD	0.10366830573344958
SSBP3	AK4	0.10362731965219443
PRDM16	TACSTD2	0.1036207989327732
TAL1	LRRC42	0.10361952252458441
ZBTB17	KCNAB2	0.10355056950678083
ZFP69	MEAF6	0.10355005921498263
NFYC	PRXL2B	0.10354777553126901
AGMAT	SYF2	0.10354762600958566
ZSCAN20	PPIE	0.1035418847254082
ZFP69B	MRPL20-AS1	0.10352632079275768
PRDM16	C1orf216	0.10351174671500644
NOC2L	AL357140.1	0.1034698979922811
MAGOH	AL034417.4	0.10345840507010744
HDAC1	TTLL10	0.1034329986724863
MYCL	TNFRSF18	0.10341826519801779
PRDM16	SKI	0.10337168085530629
HES5	LRRC47	0.10336866329196133
ENO1	C1orf216	0.10332794389502689
VAMP3	AGMAT	0.10332431010354248
AKR1A1	C1orf159	0.10329533541320951
MAGOH	ZBTB48	0.10329159699255291
JUN	SLC2A5	0.10327249648279821
HIVEP3	ARHGEF10L	0.10327088149740887
RUNX3	ARHGEF19	0.10327022867971931
E2F2	MIB2	0.10324183548851562
E2F2	LSM10	0.1032154834501989
ZNF362	OSCP1	0.10319540436804844
FOXJ3	RAVER2	0.10318930038111306
ZCCHC17	MRPS15	0.10315270198147891
ENO1	TSSK3	0.1031403597042348
HIVEP3	ZBTB8OS	0.10311345662421911
ZCCHC17	AGTRAP	0.10310943184426843
ZBTB17	LYPLA2	0.10309424945868356
ENO1	NBPF1	0.10305109109403467
TAL1	CCDC24	0.1030164429764419
HP1BP3	CACHD1	0.10301533547480546
ZFP69	STX12	0.10299167308945897
GMEB1	LSM10	0.10298452817576167
SSBP3	NOC2L	0.10297411456977085
HEYL	ZBTB48	0.10297379232174156
AGMAT	ZFYVE9	0.10295607909021767
SCMH1	ZYG11B	0.10293915179026022
ZFP69	SELENON	0.10290875656246594
ZNF691	COL16A1	0.102853341313072
AKR1A1	AL031985.3	0.10283369788794348
ZCCHC17	CPT2	0.10278110068732077
ZBTB40	FOXJ3	0.10271657269430755
HDAC1	FNDC5	0.10265823006106642
POU3F1	AGO3	0.10265331846894624
AGMAT	GNB1	0.10262451715693467
KDM4A	MTHFR	0.1025957086228188
HEYL	DNAJC8	0.10253469094276353
FOXJ3	ZBTB40	0.10252376248654504
MYCL	MAGOH	0.10246899019770989
HDAC1	AL031727.2	0.10246375844847998
SCMH1	CDC20	0.1024560792728901
ZFP69	TAF12	0.10244207302387569
PRKAA2	MYSM1	0.10240314487492366
ZCCHC17	MAST2	0.10239950062061379
POU3F1	FAF1	0.10239458094657213
NOC2L	EPB41	0.10238093215653882
TAL1	AC099791.2	0.1023723077124159
HIVEP3	C1orf159	0.10237090239820335
HDAC1	PATJ	0.10236199247908014
ZBTB17	SNHG3	0.10235063662615693
HES4	HDAC1	0.1023488785676311
ENO1	TNFRSF14	0.10233978797354196
MORN1	SZRD1	0.10226767485887982
ZBTB17	MIER1	0.10223865829967994
SCMH1	AK4	0.10219287648185116
FOXJ3	MOB3C	0.10218779027664696
LUZP1	ARID1A	0.1021723437152673
MTF1	SFPQ	0.10216071641064584
HES5	SLC35E2B	0.10213216179592119
NFIA	SYF2	0.10209556180639187
MTF1	AL513218.2	0.10203827648372066
ZNF691	LINC01358	0.10201193486679158
NFYC	PRDM16	0.10197168216285071
ZNF691	SMIM12	0.10190195147422453
FOXO6	SNRNP40	0.10188330659602284
ZNF684	AZIN2	0.10187942659236017
RLF	AL606760.2	0.10184949834215094
KDM4A	PTAFR	0.10184061790130641
HDAC1	TINAGL1	0.10179753021095143
RLF	TNFRSF14	0.1017905058571682
MTF1	NOL9	0.10178243285299035
ZCCHC17	CORT	0.10176319152307761
HDAC1	AL034417.3	0.10173974556760866
GMEB1	ZMYM4	0.10167006006404783
SCMH1	CACHD1	0.10164828032480373
MTF1	LCK	0.10162465329195947
HIVEP3	AGO4	0.1016210483057503
ZBTB17	P3H1	0.10159324009695962
CPTP	LINC01137	0.10158856411456094
NFYC	TPRG1L	0.10158767825850076
POU3F1	RCC2	0.10150415492208394
FOXO6	PSMB2	0.1015034127132004
ZNF691	AL136985.3	0.10149898183715092
AGMAT	PDE4B	0.10146885998310935
ZNF684	MACO1	0.10144697706964716
SCMH1	CDC42	0.10144197002263676
MAGOH	AL591845.1	0.10143263833747682
CPTP	MRPL20-AS1	0.10141776396879343
ZBTB17	PHACTR4	0.10140438938965837
CPTP	EFCAB7	0.10139946643835862
NFIA	PLA2G2C	0.10139481083257004
NFYC	FBXO2	0.1013713969785427
SSBP3	NOL9	0.1013296424682745
VAMP3	AL031280.1	0.10131409698202345
ZNF362	FAM167B	0.10127133676420746
CPTP	OSCP1	0.10126568176675856
ZNF436	KPNA6	0.1012586540261992
TAL1	TXLNA	0.10125062276173642
AKR1A1	MANEAL	0.10123109458069819
DMRTA2	EIF2B3	0.10120146265552996
ZNF684	AL031728.1	0.10114843965250706
RLF	TMEM201	0.1011364682853841
HES4	GNB1	0.10109240656700154
ZCCHC17	Z97987.1	0.10102140138461846
TAL1	SESN2	0.10101381243037469
AKR1A1	PEX10	0.10101330076977216
MORN1	BTF3L4	0.10099787950947584
ZCCHC17	PLPP3	0.10098671721711391
SSBP3	MED8	0.10098659371491732
HDAC1	PARK7	0.10096209311924882
VAMP3	CSF3R	0.10095786824198305
FOXD2	SRRM1	0.10091471941420511
ZNF684	RPA2	0.10087994141730061
SSBP3	CCDC30	0.10087319221038929
NFYC	TMEM39B	0.1008183369393148
MAGOH	AL121992.1	0.10077989296931306
SSBP3	PRKCZ	0.10074043108721711
FOXD2	NUDC	0.10073364927805585
MAGOH	MYSM1	0.10072148010782134
SSBP3	MIR34AHG	0.10069209368244007
FOXJ3	THAP3	0.10065760912677997
HP1BP3	UQCRHL	0.1006387373202483
FOXJ3	RSRP1	0.10062844026436539
SSBP3	ISG15	0.10060131574931401
NFYC	MECR	0.10057060270729555
HIVEP3	P3H1	0.1005468073333329
TAL1	PRDM2	0.10046506357474856
SSBP3	FAM87B	0.10045786319363445
NOC2L	SLC35E2A	0.10042161871525698
ZNF684	MFN2	0.1004035846872143
KDM4A	EPS15	0.10038954155027086
NFYC	ID3	0.10037170812441984
NFYC	UBIAD1	0.10029037615720338
ZNF684	CITED4	0.10024246696071652
ZNF362	SLC25A33	0.1002198928225944
NFIA	SMIM1	0.10019771737645976
MTF1	ECE1	0.10017500580575783
ZBTB48	MOB3C	0.10017250361766541
CPTP	PSMB2	0.10013463919911345
HES4	PRDM2	0.1001294475147977
NFYC	MIER1	0.10012869563361292
PRKAA2	KTI12	0.10009581359519687
MORN1	DOCK7	0.10006720775132491
ZNF684	YBX1	0.10002750676111548
MTF1	NDUFS5	0.10001926826945472
NOC2L	AL590822.2	0.10000377496269716
ASAP3	PHACTR4	0.09999585468606345
RLF	MAD2L2	0.09998189754832565
ENO1	CPLANE2	0.09997754539185684
ZBTB17	PUM1	0.09993613411184783
ZNF436	GPR157	0.09988948245242946
DMAP1	PTCH2	0.09987708814555095
ZCCHC17	AL450998.2	0.09987360396484077
VAMP3	AL139220.2	0.0998636953555877
ZFP69B	HSPB7	0.099853969454509
POU3F1	PPIH	0.09980823777249714
ZNF436	TNFRSF25	0.09979738296448282
ZNF691	ZBTB48	0.09974672743591512
MYCL	PABPC4	0.09973375950411129
ZNF684	GPBP1L1	0.0997299910437481
HIVEP3	AKIRIN1	0.09971334892568993
HDAC1	ARHGEF10L	0.09970467799043224
ZCCHC17	KIAA0319L	0.0997012123281613
ZCCHC17	SLC35D1	0.09966041035841632
AKR1A1	RNF207	0.09965127452793618
RUNX3	AL031005.2	0.09960493252826538
ZCCHC17	HTR6	0.09960261397672956
MYCL	CDC42	0.09958468117150915
POU3F1	KDM1A	0.09957694529982097
FOXO6	PLK3	0.09954456178529365
KDM4A	THAP3	0.09952441704595397
GMEB1	YRDC	0.09951696328996003
CPTP	TENT5B	0.09951425500087016
POU3F1	LRRC47	0.09948500328342716
NOC2L	IFFO2	0.09944700361385753
FOXD2	KTI12	0.09938844973925455
ZBTB17	SLC45A1	0.0993489820789763
POU3F1	CPLANE2	0.0993293026283826
AKR1A1	CORT	0.09932636689663134
SSBP3	ALG6	0.09931422528013814
LUZP1	AL513218.2	0.09929093902121294
HIVEP3	PINK1	0.09927847855640792
SCMH1	PLOD1	0.0992776196155769
ZBTB17	UBE2J2	0.09927375139917759
ZBTB40	RRAGC	0.09926802102620275
AKR1A1	HECTD3	0.09926279400673176
SFPQ	TMEM52	0.09925587319105102
FOXD3	AGRN	0.09924407170383877
VAMP3	GABRD	0.09922543313535762
AKR1A1	EPHA10	0.09921140339100497
HES4	SRSF4	0.09920849587890104
MAGOH	RCAN3AS	0.09918843327915843
HES5	MAD2L2	0.09916722176312623
AKR1A1	DNAJC16	0.09912809253706464
NOC2L	DFFB	0.09903484846685902
AGMAT	AL139286.2	0.09900731038369001
HIVEP3	TNFRSF25	0.09898893766623394
ASAP3	DNAJC16	0.09897802621369554
ZSCAN20	PUSL1	0.09896979926126269
SMAP2	DAB1	0.09895064516905858
NOC2L	C1orf122	0.0989347338948228
ZNF362	STIL	0.0989294324264832
HEYL	TENT5B	0.09890537846805082
MTF1	P3H1	0.09889104803951144
ZNF691	NBL1	0.09888790070527367
ZNF362	OXCT2	0.09887072272243225
AKR1A1	TNFRSF14-AS1	0.09881901870686279
POU3F1	CAMTA1	0.09879651867172476
POU3F1	KHDRBS1	0.09878813365821698
LUZP1	ZYG11B	0.09877155221546675
HIVEP3	SH3BGRL3	0.09876448309347437
POU3F1	AL513320.1	0.0987624889559057
ZNF436	TP73	0.09873724759253304
CPTP	TINAGL1	0.09869662179789067
FOXJ3	TMEM234	0.09869097214650095
NOC2L	TMEM51	0.09863146653558692
LUZP1	CNKSR1	0.09861918584747002
FOXO6	PUSL1	0.09855449723797692
HDAC1	AL031280.1	0.09854769664260297
GMEB1	NBL1	0.09854479460963306
ZCCHC17	PPP1R8	0.09853030806496962
ZBTB17	DDI2	0.09852762601948982
POU3F1	FBLIM1	0.09848374723637843
ZCCHC17	ZFP69B	0.0984660503135167
KDM4A	TACSTD2	0.09845541714454735
VAMP3	LINC01562	0.09842468842388159
NFYC	FBLIM1	0.09840661225911415
SCMH1	AL450998.2	0.09831833020121547
HES5	KIAA1522	0.09831466875317098
ZNF362	ZBTB48	0.09831125819201168
ASAP3	AL604028.1	0.09830989964182528
GMEB1	TRIM62	0.09827844879231884
ZBTB48	TUT4	0.09822696686102769
POU3F1	MIIP	0.0982226282937406
FOXJ3	TINAGL1	0.09821872841023545
NOC2L	PLA2G5	0.09817247420603963
ZBTB40	AL451042.2	0.09815352994388549
RUNX3	MYCL	0.09814763947459304
AGMAT	AGTRAP	0.09812739673287324
SSBP3	AL591845.1	0.09807017638411256
FOXJ3	DDI2	0.09804595620406481
HES4	CLSTN1	0.09800003233007556
ZNF362	GNB1	0.0979960017954614
ZNF691	ID3	0.09797233590645381
AKR1A1	ATPAF1	0.09795243276882167
ZNF362	SLC6A9	0.09795086185290217
GMEB1	PGM1	0.09790616232431969
HP1BP3	CALML6	0.09789058590652647
DMAP1	MRPL37	0.09788056586225424
RUNX3	WDR78	0.09786923667612325
ZBTB17	GALE	0.09786306340591104
HDAC1	AL021155.5	0.09782249955676699
RUNX3	PIK3CD-AS1	0.09781201830360126
CPTP	AL450998.2	0.09780943972215331
CPTP	CC2D1B	0.09777253881820322
FOXD2	TMEM201	0.09773146432563468
NFYC	AL512353.1	0.09769188372442462
HP1BP3	AL591845.1	0.09766227070287137
ZBTB17	STMN1	0.09765144025040383
AKR1A1	KDF1	0.09764897039618706
ZBTB17	MFSD2A	0.0976248882755501
AKR1A1	DISP3	0.09762317384225103
E2F2	LYPLA2	0.09762172901467518
DMAP1	EFHD2	0.09757237869516172
NFIA	EXOSC10	0.0975562729372892
ZNF691	PINK1	0.09750639670062909
MTF1	PANK4	0.09748832994766533
DMAP1	PABPC4-AS1	0.09748261776967294
ZNF684	AL020996.1	0.09744211624958038
LUZP1	SLFNL1	0.09743599092752492
FOXO6	ARID1A	0.09743112364319469
FOXJ3	PIK3R3	0.09742290178025104
DMAP1	AL050341.2	0.09740121395056804
SSBP3	BX284668.5	0.09738506064314922
HEYL	AHDC1	0.09732496035908529
NFYC	PTPRU	0.09728414889875062
NFYC	NPHP4	0.09725580695183762
HIVEP3	DVL1	0.09725112759031079
LUZP1	PTCH2	0.09722760062272358
ZCCHC17	USP24	0.09719231432805527
CPTP	SNRNP40	0.09718397410900673
HES5	RER1	0.09714834524515213
FOXD2	CLSTN1	0.09714599991994806
MYCL	TCEANC2	0.09713122680781029
HES5	EFHD2	0.0970871984383105
AKR1A1	ZMYM1	0.09705601563525933
ENO1	SGIP1	0.09701253646398741
GMEB1	MICOS10	0.09700312526811716
ZNF436	YARS	0.09698782556998753
ZFP69B	AL139246.3	0.09697933121817708
NFYC	RBP7	0.09697569684370642
HIVEP3	CMPK1	0.09697169184152354
LUZP1	RLF	0.09693333958696397
ZNF691	AL590822.3	0.09691377968775135
HEYL	ROR1	0.09690057461316302
MAGOH	KDF1	0.09689977552467813
RUNX3	XKR8	0.0968770914152327
HES5	PTP4A2	0.09684887725012081
TAL1	GNB1	0.09682743106520841
SCMH1	TMEM54	0.0968226219620104
FOXJ3	CAMK2N1	0.09678018832590003
ENO1	TMCO4	0.0967101518040579
ZNF362	CAMTA1-IT1	0.0966885313522823
MYCL	AL139423.1	0.09668585255756751
ZBTB17	SPATA6	0.0966845126062918
AKR1A1	FCN3	0.09667749609319105
ZBTB17	LINC01137	0.0966192025109386
RUNX3	MMEL1	0.09656949890522507
ZNF684	NOC2L	0.0965340830249805
DMAP1	RBBP4	0.09652906809561661
ZSCAN20	GPN2	0.096520148994548
PRDM16	PLOD1	0.09651743051169821
HP1BP3	PPIE	0.09647053341356095
HES5	LINC01137	0.09644701124278163
KDM4A	CD52	0.09633803444599975
FOXD2	CAPZB	0.09633680942228132
HDAC1	TCEANC2	0.09631576972762357
TAL1	RNF19B	0.09629444972809519
ZNF691	CTPS1	0.09628839070098293
FOXJ3	EYA3	0.09626407389401195
SCMH1	RLF	0.09615364679401055
ZBTB17	BX284668.6	0.09614934574935832
ZNF436	TCEANC2	0.09610088692263939
E2F2	SLC9A1	0.09608482913935085
PRDM16	P3H1	0.09601691025634247
HEYL	ARTN	0.09597683645758914
MYCL	AL139220.2	0.09596246797852465
FOXJ3	ZNF362	0.09589633288920084
MAGOH	LINC01562	0.0958950283159458
RLF	FAM110D	0.09586599675462398
MAGOH	CCDC17	0.09582745063209806
LUZP1	COL9A2	0.09579534930777828
RLF	LINC00115	0.09579183249432101
MYCL	AKIRIN1	0.09574609998689046
POU3F1	SCP2	0.09571591336492939
AKR1A1	ATAD3B	0.09570522083080767
NFIA	STPG1	0.09566693209498114
NFYC	KDM4A	0.09564954156492349
RUNX3	CPLANE2	0.09564513123457874
DMAP1	PRXL2B	0.09563656704428312
ZBTB40	TPRG1L	0.09563050545547812
LUZP1	ZMPSTE24	0.09562760633150784
ZBTB17	KLHL17	0.09561474424234866
SSBP3	PIK3CD	0.09558845307185454
MTF1	DISP3	0.09558561973979102
RUNX3	MXRA8	0.09557962065678861
CPTP	AL136115.2	0.09550069655258499
AKR1A1	TMEM51-AS1	0.095491623262434
ZBTB17	FO704657.1	0.09541194299121805
ENO1	AL050343.2	0.09538719927950258
FOXJ3	ST3GAL3	0.09535457035968525
ZBTB17	SFPQ	0.0953325242081394
ZNF691	AL020997.2	0.09531625643789571
MAGOH	ATG4C	0.0953073648458068
ZBTB17	ID3	0.09529771117797185
POU3F1	AGMAT	0.0952484573581332
NFIA	AL020997.5	0.09518582925669072
NOC2L	KIAA0319L	0.09517370870813688
MTF1	TTC39A	0.09515756445114405
ZBTB40	EPB41	0.09511406319859692
FOXO6	TCEA3	0.09511384154017191
NFYC	SGIP1	0.09507229174653872
MORN1	HSPB11	0.09506220013661923
NOC2L	SELENON	0.09503708000345117
AKR1A1	MKNK1	0.09501978724835414
SMAP2	NPHP4	0.09499933931222213
ZBTB40	UBXN11	0.09498791506082788
ENO1	KCNQ4	0.09497297758688002
MYCL	RCC1	0.0949561564975673
ZBTB48	AC119674.1	0.09492813300764057
ZNF436	EXOSC10-AS1	0.09492417306797175
PRKAA2	CDK11A	0.09492398196644532
HES4	DRAXIN	0.09487272439439126
FOXJ3	ZFYVE9	0.09484671987899698
SCMH1	PRPF38A	0.09482562775512583
DMAP1	TMEM201	0.09478292054213733
GMEB1	FAM229A	0.09469990978428083
AGMAT	TAF12	0.09469735979214253
POU3F1	MMEL1	0.09465956238618468
ZBTB48	LYPLA2	0.0946539950466065
MTF1	ELOVL1	0.09462743086864725
YBX1	PEF1	0.09460194878299291
VAMP3	SCMH1	0.09458141552053843
VAMP3	CDC42	0.09457431795296803
HIVEP3	ROR1	0.09457089438383162
ZNF684	TINAGL1	0.09456320477108686
AKR1A1	GJA4	0.09456261962766593
GMEB1	YBX1	0.09455513530750109
TAL1	STPG1	0.0945546673523797
NFYC	SLC6A9	0.09455320518349464
RUNX3	LINC01144	0.094531580755334
DMRTA2	UBE2J2	0.09451034786387565
ZNF684	EPB41	0.09450302322083497
ZBTB48	TMEM222	0.0944264971347319
EXO5	KIAA0319L	0.09438539798509099
KDM4A	KIAA1522	0.0943742835363985
MAGOH	S100PBP	0.09436601661871317
RUNX3	AL109936.2	0.09430986272749411
CPTP	LINC01128	0.09427501460031237
AKR1A1	CDC42-IT1	0.09416722133492537
HIVEP3	TRAPPC3	0.09415955437448413
HIVEP3	ZBTB48	0.09415213874343539
ZBTB40	SCNN1D	0.0941467413251139
ASAP3	OSBPL9	0.09414673395512002
AKR1A1	PINK1	0.09413501702381037
ZBTB17	RBBP4	0.09410855514073165
ASAP3	CDC42	0.09402732161363424
ZSCAN20	DHRS3	0.09402233823861882
ZSCAN20	KLHL17	0.09397869381984608
NOC2L	LNCTAM34A	0.09392332188138366
HES5	THRAP3	0.09392198557756541
HES5	SNIP1	0.09391188461956901
ZBTB17	ACAP3	0.09388924161906187
ZBTB48	MAGOH	0.09388411586213363
HES4	EYA3	0.09386445027407675
ZNF436	PLEKHM2	0.09386302337114495
ZBTB40	PRPF38A	0.093854094026483
FOXJ3	CCDC28B	0.09383571219719936
ZBTB48	YTHDF2	0.09383356194254437
ZBTB40	LAPTM5	0.09377911144519811
AGMAT	AKIRIN1	0.09377434308658403
ZNF684	RER1	0.09375772933839044
SSBP3	SDC3	0.09375624584992492
VAMP3	AC093151.8	0.09373469018386206
ZBTB17	SH3BGRL3	0.09371556431144504
ENO1	RNF207	0.09371068128687675
FOXO6	UTS2	0.09368164567747653
DMRTA2	H6PD	0.09366199073573629
PRKAA2	MIER1	0.09365858397732534
ZBTB40	THAP3	0.09360578624524149
PRDM16	SCMH1	0.09349804560387148
SSBP3	YIPF1	0.09345984430120229
SCMH1	TMEM59	0.09345551406056518
MORN1	PRDM16	0.09342810555110909
ZBTB17	AURKAIP1	0.09341918782736322
ZFP69B	OSCP1	0.09340292910125178
HP1BP3	TMEM69	0.09340112864545358
POU3F1	SLC25A33	0.09339720648483052
ENO1	AC114488.3	0.09337227843578134
POU3F1	CAPZB	0.09336462746405529
TAL1	ISG15	0.0933549186062468
NFYC	USP1	0.09333918649838722
EXO5	CROCC	0.09333786588941806
NFIA	CCDC17	0.09333532184310643
MAGOH	AL031727.2	0.09333143570699297
NFYC	GNL2	0.09328416436518835
HIVEP3	SLC9A1	0.09328028012892627
HP1BP3	AL137802.2	0.09327016360905704
ZBTB17	TMEM201	0.09326374040225115
NFIA	AL121992.1	0.09325487048736632
DMAP1	AKR1A1	0.09322699599503442
GMEB1	AL645728.1	0.09315469612594045
NOC2L	LINC01771	0.09311826506995499
LUZP1	TTC22	0.09309405536977383
MAGOH	AL360012.1	0.09307735748531415
ZBTB48	YRDC	0.09305108356452062
ZBTB48	LCK	0.09303740660534807
RLF	WDR78	0.09302455565311674
NOC2L	PRXL2B	0.09302158123384617
ZNF691	AL021154.1	0.09300817681092825
GMEB1	SPSB1	0.09299129991676239
EXO5	CASZ1	0.09298332281320675
DMAP1	POMGNT1	0.09293395791693594
ZBTB40	CASZ1	0.09288623344992303
AGMAT	PITHD1	0.09286724414900596
SCMH1	RSRP1	0.09283539689619655
FOXJ3	ATAD3C	0.092830450259685
CPTP	ZBTB17	0.09281540218033524
NFIA	TNFRSF1B	0.0928063087004804
MTF1	LRRC41	0.09275786555346344
VAMP3	SLC66A1	0.09272756031384728
POU3F1	ALPL	0.09272143857172606
ZCCHC17	CYB5RL	0.09271874045476634
HIVEP3	CEP85	0.09266679013128501
TAL1	EIF3I	0.09262392284166707
ZNF436	LYPLA2	0.09251620396774915
ZFP69B	OXCT2	0.09250481472355543
NOC2L	POU3F1	0.09246342930725368
MORN1	RNF207	0.09244502466623715
HES4	ELOA-AS1	0.09243078130594826
MTF1	FCN3	0.09242939566689351
CPTP	PRDM16-DT	0.09242593209587795
SMAP2	AL031283.2	0.09242178290646899
AKR1A1	AL031283.1	0.09241246127192336
JUN	SLC2A1-AS1	0.09240362983540784
HIVEP3	TAL1	0.09238280484479955
ENO1	TOE1	0.09235445632471802
ZFP69B	MARCKSL1	0.09232826880526766
HP1BP3	AL391244.2	0.09228399828595615
MAGOH	NBL1	0.09224230797016476
SCMH1	ASAP3	0.092237652341482
ASAP3	ALPL	0.09220570962521543
ZFP69	CAMTA1-DT	0.09220236650164586
MTF1	AL034417.2	0.09216367847814252
RLF	TINAGL1	0.09215437279326659
NFYC	AL139289.2	0.09208727114803779
ZCCHC17	LINC01783	0.09202173463839923
FOXJ3	RNF223	0.09199663996275456
NOC2L	XKR8	0.09199163885191652
HDAC1	TTLL10-AS1	0.0919703513598303
FOXD2	AL139246.5	0.09194492503577065
TAL1	PGM1	0.09190999577913836
FOXO6	DHRS3	0.09190641999187536
HEYL	PPCS	0.09190056264199159
FOXJ3	SLC1A7	0.09189251608156614
POU3F1	RER1	0.09187258281496222
SCMH1	PRDX1	0.091852647750163
LUZP1	RPL22	0.09180393856538607
PRKAA2	EPHA2	0.09174906432860506
SSBP3	STMN1	0.0916958397555611
ZBTB48	PLEKHM2	0.09169297404166815
FOXJ3	HSPG2	0.09168942205857288
HES4	TP73	0.09168132766917744
FOXJ3	AC093151.8	0.09165303058610234
HES4	CPTP	0.09161681531857237
KDM4A	USP1	0.09160402831882701
ZBTB17	ALG6	0.0915145306527063
HDAC1	YIPF1	0.09148182120270762
ZNF684	SVBP	0.09147792615260679
KDM4A	CAMK2N1	0.09145580212441866
RUNX3	AL691432.2	0.09144213202324528
CPTP	ALDH4A1	0.09141140487639972
ZBTB40	PATJ	0.09137567922736635
ZNF691	MICOS10	0.09136589817684246
AGMAT	ZYG11B	0.09129938126055423
SSBP3	EBNA1BP2	0.09125070327752362
VAMP3	AL139286.3	0.09122199278991378
ENO1	AL031283.1	0.09120895256535888
RLF	CYP4B1	0.09118613084250449
AGMAT	ZCCHC17	0.09118072866327753
ZFP69	TXNDC12	0.09117831262102923
KDM4A	TNFRSF1B	0.09116497525990279
RUNX3	GRIK3	0.09113923077788469
NFIA	COL9A2	0.09112720588164408
KDM4A	EFCAB14	0.0910816163177156
SSBP3	ATAD3C	0.09100358498418028
SFPQ	GABRD	0.09100259455460818
YBX1	LEPR	0.09095249125962229
MAGOH	AGO4	0.09094562541137165
ASAP3	PHF13	0.09094273682282822
ASAP3	DISP3	0.09092043446570293
KDM4A	LINC01562	0.09090893879320669
HES4	HOOK1	0.09080955104720392
SSBP3	TMEM234	0.09079648867151166
NFYC	PRKCZ-AS1	0.09078245377701964
MTF1	SYTL1	0.09078188321133565
ZNF362	AGTRAP	0.09076342360322796
POU3F1	ATAD3C	0.0907239276940558
MTF1	MKNK1	0.09066936393329673
NFYC	SLC25A33	0.09063819022872346
MAGOH	AL645608.7	0.09058866258118957
ZBTB17	SYTL1	0.09058197030355697
HDAC1	PEX10	0.09056829464677227
ZBTB17	WASF2	0.09055630917790794
NOC2L	PRDM2	0.09054730156300075
ZBTB17	CITED4	0.0905223546870416
GMEB1	BTBD19	0.09050522907672352
CPTP	BX293535.1	0.09049930935811394
HIVEP3	ICMT	0.0904765861897762
NFYC	PRPF38A	0.09046520501788924
DMAP1	S100PBP	0.0904570737214641
NFYC	CLSPN	0.09045489609800295
DMAP1	WDR78	0.0904505699996274
AKR1A1	GPR153	0.09043563133380443
ENO1	CLSPN	0.09043117644105184
ZNF362	DPH2	0.09040367695158208
SCMH1	NMNAT1	0.09034449341179542
ZBTB48	ATP5IF1	0.09033929970551641
HIVEP3	TNFRSF1B	0.09033787509943063
HP1BP3	PTPRF	0.09033662911439594
TAL1	AL031848.2	0.09033296921405207
MYCL	RERE	0.09031092961312806
ZNF684	PHF13	0.0902736522248567
ZBTB40	UTS2	0.09027332776377374
ZBTB40	NSUN4	0.0902456252051244
NFYC	AKIRIN1	0.09021936103808686
FOXJ3	SMAP2	0.09020211283283316
PRKAA2	HYI	0.09020053909951137
HDAC1	HSPG2	0.09019315867011743
ZNF691	ADPRHL2	0.09018748818449754
NOC2L	PTCH2	0.09016947316095146
VAMP3	AL121992.1	0.09014217457764549
ASAP3	LRRC42	0.09009604849542233
MTF1	DNALI1	0.0900665640245322
HP1BP3	TMEM35B	0.09001698960485797
MTF1	SRM	0.09000505365315911
GMEB1	ATPAF1	0.08997620809219983
SSBP3	TAL1	0.0899260555553815
MAGOH	UBE2J2	0.08992473402391443
ZNF362	ATP6V0B	0.08987291155995317
ZNF362	KIF1B	0.08987183576322581
SCMH1	PEX14	0.0898624655166272
MTF1	GNB1	0.08985483080424747
HEYL	EFCAB14	0.0898368179887043
NOC2L	FBXO42	0.0898302629090975
AKR1A1	EYA3	0.08979129617825625
HES5	AL031005.1	0.08977486194831368
FOXD2	SLC2A1	0.08971987202997062
ENO1	CSF3R	0.08971779830952295
NFYC	TNFRSF18	0.08969530015382673
HP1BP3	UBXN10-AS1	0.08964765388268953
ASAP3	SCMH1	0.08961350770146778
MYCL	ZCCHC17	0.08960220517259668
HDAC1	NFIA-AS1	0.08958579819483593
ZFP69	ZNF593	0.08954983640258413
KDM4A	ZNF684	0.08951039427193244
ZFP69B	PHF13	0.08950931885643328
CPTP	YRDC	0.08944622603403686
POU3F1	AL096840.2	0.08944126872250757
POU3F1	AL020996.1	0.08943806345639056
HES4	DNAJC8	0.08940968356494491
CPTP	SLC35D1	0.08936529047145786
HDAC1	CD52	0.08936473866735437
RUNX3	AL136985.3	0.08931346818414652
MTF1	USP48	0.08930395807930613
ZBTB17	MFN2	0.08929823295422396
ZBTB40	ZCCHC17	0.08929567554415815
HP1BP3	KDM4A-AS1	0.08923878566938047
MTF1	DHRS3	0.08923219072529225
RLF	AL109811.2	0.08921433468825046
ZBTB40	SSU72	0.08919918723393004
SSBP3	KDM4A	0.08917408787621305
ZNF684	STIL	0.08914882425354849
MAGOH	AL020997.5	0.08910973284087179
ZNF362	ICMT	0.08908847426319269
NFYC	CSMD2	0.08908625592637685
HDAC1	GPR3	0.08905310419813522
GMEB1	AL357078.2	0.08904864105409811
ZFP69	RNF19B	0.08895582874802394
KDM4A	PIK3R3	0.08895309606596688
ZCCHC17	ARHGEF19	0.08894087875412979
PRDM16	AK2	0.08891305343471442
ZNF684	CAMTA1	0.08888128597555321
SMAP2	ZFP69	0.08886617682527752
NFYC	CYP4B1	0.08885249586390978
ZBTB48	HPDL	0.08881604032404233
SSBP3	TNFRSF25	0.08880927799573628
HIVEP3	YBX1	0.08880399763334872
HIVEP3	OMA1	0.08873808678162548
MAGOH	AL662907.3	0.08872003180983659
HDAC1	PUSL1	0.0887153714700829
POU3F1	HYI	0.08870424966772916
FOXD3	AGO1	0.08870128718552685
YBX1	AL627309.1	0.0886940445872468
FOXJ3	BEND5	0.08868770173866503
NOC2L	SKI	0.08867309610630945
TAL1	CDC20	0.08863880993453288
NOC2L	SCMH1	0.08863268765948552
MYCL	AKR7A2	0.08859148461434883
DMAP1	ACOT7	0.088564377570444
PRDM16	BX284668.5	0.0885511953459938
MTF1	STX12	0.08854989333513072
GMEB1	MYSM1	0.08854745356283453
HP1BP3	AL109936.6	0.08854149676773579
ZSCAN20	CLSTN1	0.08848003031498702
FOXD3	OSBPL9	0.08840976863530815
HDAC1	SLC1A7	0.08837400186320371
SMAP2	GPR153	0.08833015688129103
VAMP3	ROR1	0.08831325627312862
AKR1A1	CYP2J2	0.08831111508828222
KDM4A	TCEANC2	0.08831019694551054
SCMH1	CDC42-IT1	0.08827488858950382
MTF1	ATG4C	0.08824253988057554
HIVEP3	AGRN	0.08824252353576634
FOXJ3	PTPRU	0.0882367401429064
ZFP69B	SMIM12	0.08823473759484003
GMEB1	CMPK1	0.08822351838231123
HIVEP3	NBL1	0.08821746892476613
KDM4A	SZRD1	0.08821292487635417
VAMP3	SLFNL1	0.08821282629033239
PRDM16	CLSTN1	0.08817929493656652
SSBP3	AC119674.1	0.08817807543481729
SCMH1	RCAN3	0.08814831814896142
ZFP69B	TAF12	0.08811747402424895
AKR1A1	MIB2	0.08805846889758381
ASAP3	AL606760.3	0.08802351700077511
CPTP	CNKSR1	0.08798917016895223
NOC2L	B4GALT2	0.08794006500650166
EXO5	YBX1	0.08792714469353889
ZSCAN20	RCC1	0.08788387223671189
RLF	MIR4422HG	0.08785730202328944
HES4	AL590822.2	0.08782241637987656
ASAP3	SMAP2	0.08780850909046936
HIVEP3	AL139220.2	0.08778687904660942
LUZP1	AL139423.1	0.08776526686864568
FOXJ3	AL445183.2	0.08773239273041829
ZNF362	ATPAF1	0.08770109232118214
ZNF684	AKIRIN1	0.08769694193474549
ZCCHC17	FNDC5	0.08765586563358517
ENO1	RBP7	0.08764308627693101
KDM4A	AK2	0.08762947552397395
HEYL	AL512353.1	0.08759181092829939
ZNF436	DVL1	0.08755115591073745
CPTP	AZIN2	0.08752229944335445
ZNF684	PRKCZ-AS1	0.08751938411986197
MTF1	YBX1	0.08748257660803767
ZNF684	PUM1	0.08747203771645379
RLF	FNDC10	0.08737129078251213
AGMAT	H6PD	0.08736467626200306
LUZP1	SLC1A7	0.08736169832945596
ASAP3	AL021155.5	0.0873583159038084
HES5	RNF220	0.08727918106563658
VAMP3	PUM1	0.08725963464083974
AKR1A1	CDC20	0.0872433792477571
FOXJ3	EFCAB7	0.08709961893263732
FOXJ3	CCDC24	0.08704677800255173
NFYC	HEYL	0.08702808580583225
ZBTB17	AL590822.3	0.08691455879942578
ZBTB48	NUDC	0.08691108653254329
AGMAT	LUZP1	0.0867706422584459
SCMH1	ZMPSTE24	0.08675115642522592
ZBTB48	DNAJC8	0.0867449905607383
RUNX3	AL357079.1	0.086697297944878
TAL1	CAMTA1	0.08663129902762726
CPTP	KLHL17	0.0866270860451099
ZBTB17	CROCC	0.08662640690555531
HEYL	TMEM52	0.08657828117379124
CPTP	INPP5B	0.08655097628690611
GMEB1	ALG6	0.08652425689841907
FOXJ3	STPG1	0.08650982886791993
ZBTB40	CCDC163	0.08650181938094798
NFYC	SMIM12	0.0864997375050603
HP1BP3	AL020996.1	0.0864868939427492
ZBTB48	FAAP20	0.08646712385605772
HDAC1	ARHGEF19	0.08642918667761174
SSBP3	B3GALT6	0.08642497629438822
ASAP3	HPDL	0.08641908530737832
FOXJ3	ZMYM1	0.08640113312399125
SSBP3	FAM131C	0.08638757156579911
GMEB1	SESN2	0.08636023028298932
PRKAA2	PRDM16	0.08632694882712055
KDM4A	SYNC	0.08631569487951442
RUNX3	B4GALT2	0.08630656267738789
TAL1	KCNAB2	0.08629382031816486
SMAP2	TRABD2B	0.08626342796978187
RUNX3	MOB3C	0.08624925827726877
NFIA	AL137802.2	0.08623042172982194
ZBTB48	VPS13D	0.08614862698165072
FOXJ3	MARCKSL1	0.08614663640565992
ZBTB40	KDM1A	0.08614626228481977
HDAC1	ECHDC2	0.08613591010329426
ZBTB17	HMGCL	0.08607660330577309
ZBTB40	TRNAU1AP	0.08607544159356025
MAGOH	AL034417.3	0.08605830151054289
MYCL	YARS	0.08605738273183722
RUNX3	KIAA1522	0.08600826265760085
VAMP3	AL627309.5	0.0859971927613524
HES4	SPATA6	0.08598761964157971
HDAC1	MMACHC	0.08596797934334796
HES4	MACF1	0.08594664081089638
NOC2L	DNAJC16	0.0859288878442853
ZBTB48	ARHGEF10L	0.08592043794938634
ZNF691	PPP1R8	0.08591781700398507
ZFP69	LINC01135	0.08589896186086092
MYCL	EFCAB7	0.08585247772201604
NFYC	IPP	0.08585187304896373
E2F2	MAP3K6	0.08583296901079293
ZNF684	AL606760.3	0.08574839652548863
ZNF684	FAM131C	0.08566677259912055
HIVEP3	FAM167B	0.08564772482221393
RUNX3	DNAJC16	0.08564292499908192
VAMP3	DLEU2L	0.08563811369190291
EXO5	JAK1	0.08558225626386488
ZSCAN20	PEX14	0.08556957844438479
SFPQ	AL445183.2	0.08556877117843181
TAL1	DDOST	0.08553913662255698
NFIA	AL031602.2	0.08551423759660204
DMAP1	ARID1A	0.08547576891123534
POU3F1	KIF17	0.08545691632576381
HEYL	NECAP2	0.08544241429912801
ZBTB48	KHDRBS1	0.0854406891298756
ZCCHC17	AGO3	0.08543397988873151
ZNF684	CLSPN	0.08541744780951241
KDM4A	KHDRBS1	0.08539086186380243
HES5	AK2	0.0853598049499782
HDAC1	FGGY	0.08532440864697668
CPTP	DNAJC8	0.08531190527384842
ENO1	IFNLR1	0.08531185711167423
SCMH1	AGO3	0.085211958810782
ZNF436	TAL1	0.08514122142193527
KDM4A	YBX1	0.0851289706757089
GMEB1	PLK3	0.08512726871039396
ASAP3	FBXO6	0.08510651895902088
ZNF436	ZNF684	0.08509796995881451
ZNF362	MIIP	0.08508499974606602
HES4	TMEM59	0.08504787195237594
POU3F1	SMIM12	0.08502047514366698
POU3F1	MEGF6	0.08500907068328546
FOXO6	KIAA0319L	0.08496674319628497
GMEB1	LEPROT	0.08489891707909615
ZBTB40	MED18	0.084896593324326
NFYC	SLC2A1-AS1	0.08487439585773582
ZNF691	CYB5RL	0.08483216024691667
MYCL	IFI6	0.08480637792262258
ZNF684	IQCC	0.08480197013659159
RLF	ERMAP	0.08477861916335105
ZNF691	GJA4	0.08476696069266733
ZNF362	PPP1R8	0.08473203582371203
ZBTB40	TNFRSF4	0.08466532308404083
SCMH1	PLK3	0.08462327130573102
POU3F1	UBE4B	0.08461742029482651
ZSCAN20	TCEANC2	0.08460911348131875
ZCCHC17	TESK2	0.08458282811744514
TAL1	DHRS3	0.08456885185791183
TAL1	IFFO2	0.08453246096561809
NOC2L	RPS8	0.08447086304787295
ZBTB17	AL645728.1	0.08443103222647265
ZNF362	PTAFR	0.0844301195911437
ZBTB40	TMEM35B	0.0844233270969257
SMAP2	AL139286.3	0.08442006447161512
RLF	TNFRSF1B	0.08441203234403402
ASAP3	MEAF6	0.08439778018260752
CPTP	WRAP73	0.08435462407230057
ZNF684	LUZP1	0.08433004378131041
SSBP3	SRSF4	0.08431810986458205
MORN1	AKR1A1	0.08431535113900211
KDM4A	ADPRHL2	0.08427955113778167
SFPQ	AL390719.2	0.08425993919141639
POU3F1	PARK7	0.08425397719950806
TAL1	OSCP1	0.08424963979505333
ZBTB40	TINAGL1	0.08424759337660405
ZNF436	GPATCH3	0.08423688064482648
RUNX3	SLC6A9	0.08421833456006553
ZBTB17	PGD	0.08421396088973614
AGMAT	RSRP1	0.08420008461766627
ZBTB48	RCC2	0.08419724947293787
HIVEP3	TMCO4	0.08419162857007041
AKR1A1	DOCK7	0.08418636811201932
ZNF691	EBNA1BP2	0.0841826602921162
KDM4A	CDC42	0.0841552397446635
NOC2L	DRAXIN	0.08415506540467237
HES4	LEPR	0.08414693618461504
ZBTB40	CCDC17	0.08413826581131913
POU3F1	FAM76A	0.08411091060911317
SFPQ	SLC2A5	0.0840797165438558
DMAP1	MXRA8	0.08407013257461517
ZBTB40	FCN3	0.08406147913692034
AGMAT	SKI	0.08405487899396291
MAGOH	FOXO6	0.08404805837040832
EXO5	PITHD1	0.08400980181987817
POU3F1	AC114488.3	0.08399322904574073
ZBTB17	ELOA-AS1	0.08399283767275513
CPTP	MFN2	0.08398997378949291
ASAP3	H6PD	0.08398088352459813
HP1BP3	RNF223	0.08392632507619882
MYCL	SDHB	0.08391653480370159
ENO1	AL590434.1	0.08391403297418705
HP1BP3	SLC6A9	0.08390202659674721
KDM4A	PTCH2	0.08376251660531207
GMEB1	AL645608.7	0.08371761571346115
ENO1	LINC01358	0.08370123608018686
DMAP1	CDC42	0.08369757408979048
ENO1	GJA4	0.08368889310285323
ZNF436	MED18	0.08367443414235587
NOC2L	PHACTR4	0.083647398650988
MAGOH	GJA4	0.0836231797363682
SCMH1	FOXD2	0.08360893173055216
HEYL	AL606760.3	0.08356328020984514
ZSCAN20	ZCCHC17	0.08353852896281776
SSBP3	FBXO42	0.08353211922275297
SMAP2	E2F2	0.08353128613664601
RUNX3	TMEM125	0.08350074425470788
SSBP3	ERI3	0.08343964449875936
HP1BP3	TNFRSF4	0.08343828176014971
ZNF684	THAP3	0.08342550182240441
SMAP2	BMP8B	0.08341199669381232
MAGOH	CCDC163	0.08333240195039956
HEYL	KDM1A	0.08332819291750154
RLF	VWA1	0.08326808356868029
DMAP1	LINC01359	0.08326796795529232
NOC2L	HES5	0.08323128411808563
LUZP1	C1QA	0.08318347320049062
ZFP69B	SRM	0.08318247363477999
PRDM16	SDF4	0.08316211014982211
ZNF684	AL590822.3	0.08315482719256227
ZNF691	NDUFS5	0.08311811954424474
ZCCHC17	P3H1	0.08310702029461152
NFIA	PPP1R8	0.08307346549123566
FOXJ3	COL16A1	0.08306266168977171
SSBP3	UBR4	0.0830601949637568
ZNF436	NASP	0.08302666353054786
HDAC1	ST3GAL3	0.08300239702574078
SMAP2	IPO13	0.08299182274411941
HDAC1	MYCBP	0.0829754658241936
ENO1	TMEM222	0.08296897814957954
LUZP1	LINC01772	0.08292753705118891
FOXD2	SRSF10	0.0829142750520659
GMEB1	ARID1A	0.0829097499918555
FOXD3	B4GALT2	0.08290590410824661
AKR1A1	GMEB1	0.08288191631930746
SSBP3	TM2D1	0.08284155858892812
ZBTB40	VAMP3	0.08284009053506537
ZFP69B	AKIRIN1	0.08282725819307085
ZFP69B	MAP3K6	0.08282302841294291
ZBTB40	CALML6	0.08282171891263931
GMEB1	TARDBP	0.08280589591408462
ZNF362	DDI2	0.0827343322480961
RLF	MTF1	0.08271113640810755
HIVEP3	TSPAN1	0.08269852323725677
PRDM16	ELOA	0.08267088373953359
SMAP2	ZMYND12	0.08264860257188428
ASAP3	SLC45A1	0.08256635049375527
POU3F1	WASF2	0.08255340388550013
ENO1	AL161644.1	0.08253815421219488
FOXO6	ATAD3B	0.08252772962657921
NFIA	CDK11B	0.08252469486006875
ZBTB48	HSPG2	0.08249050915791219
POU3F1	LAPTM5	0.08247879381846553
POU3F1	PER3	0.0824409099185105
GMEB1	TCEA3	0.08239986624684308
NOC2L	AL512353.1	0.08239676077087577
DMAP1	CDCA8	0.08237830683478961
MTF1	NMNAT1	0.08235928280858584
MORN1	ECE1	0.0823592583991035
NOC2L	ZBTB17	0.08234586085691198
HEYL	CCNL2	0.0822971055648746
LUZP1	DLGAP3	0.08226132149640476
PRDM16	AC119677.1	0.08224919910495661
GMEB1	COA7	0.08224630030593026
ZNF684	TCEANC2	0.08222795234804263
RLF	MTFR1L	0.08221539067715405
ZCCHC17	MYCL	0.08221210710951311
ZCCHC17	RCC2	0.08220419299132097
HES4	FBXO2	0.0821700564906554
AGMAT	RCAN3	0.08216325928857726
GMEB1	KDM4A	0.08213669073091963
ZNF684	MED18	0.08212307722176933
SSBP3	DVL1	0.08211462545650305
HIVEP3	TRNP1	0.08210280677703671
MORN1	TMCO4	0.08206173024883583
HES4	ZFP69B	0.08202666273109947
POU3F1	TMEM54	0.08200454949954075
ZBTB40	ATAD3C	0.08194376131798753
ZNF691	P3H1	0.08188641710643818
LUZP1	RCAN3AS	0.0818684439201529
ZBTB40	FAAP20	0.08179933890408853
ENO1	AL109811.1	0.081770112607566
ZNF362	TMEM51	0.08176728848509145
FOXD2	DNAJC8	0.0817158358687367
ZSCAN20	SERINC2	0.08169308619890522
AKR1A1	NADK	0.08165092597043222
HDAC1	FGR	0.08164662842877878
ZNF362	AC099791.4	0.08162912252938673
PRKAA2	SF3A3	0.08162353086829836
LUZP1	AGO1	0.08158893611220577
RLF	ESPN	0.08153363429020961
ZNF684	LRRC41	0.08150420521714158
EXO5	MAP3K6	0.08148890758234402
RUNX3	ATAD3C	0.08148873561287369
TAL1	LINC01358	0.08147119932960295
SCMH1	UBR4	0.08144432446175823
PRKAA2	USP1	0.08143216023994472
GMEB1	FAM110D	0.08143026657190358
HES4	PRKCZ-AS1	0.08139584093180668
CPTP	CDK11A	0.08139309990321299
MTF1	TAL1	0.08136654063486727
ZNF684	KLHL21	0.08132878406289866
ENO1	AL020996.1	0.08130294789201557
ZNF684	FNDC5	0.08128849034908511
EXO5	SRSF4	0.08128551269904713
HDAC1	ATAD3B	0.08127891071460057
HDAC1	KIAA2013	0.08127024127861912
CPTP	KCNAB2	0.08120471211912289
ZBTB17	AL139220.2	0.08119253259490607
MAGOH	PIGV	0.08116158985723708
MTF1	ZYG11B	0.08115235600850507
PRKAA2	AHDC1	0.08114555300665022
HP1BP3	RBP7	0.08113616207372147
ZSCAN20	MED8	0.08108216656881047
TP73	MAST2	0.08108192837871646
POU3F1	LINC01783	0.08108104185502461
SCMH1	AL645728.1	0.08108051341180514
DMAP1	COL8A2	0.0810245248437829
HIVEP3	CYP4X1	0.08099878258265872
GMEB1	RUNX3	0.08098550651293324
ZBTB17	INTS11	0.08098497660356598
ZNF684	ELOA	0.08095949028104907
NOC2L	OMA1	0.08086298685437279
FOXD2	YTHDF2	0.0808502807397128
SMAP2	IL23R	0.08082815016114647
ZCCHC17	ELOVL1	0.08081042088567121
HES5	AKIRIN1	0.08080205105416331
SSBP3	CALML6	0.08078832499871677
HES5	ANKRD65	0.0807814392472423
FOXO6	AL606760.3	0.08077809251867497
VAMP3	HEYL	0.08072926256529218
DMAP1	EPS15	0.08071009780128681
CPTP	ORC1	0.08069263946355384
TP73	CAMK2N1	0.08063690225162727
ZBTB17	TESK2	0.08061312825192435
ZNF684	ATP6V0B	0.08057926999261557
ZNF691	TCEANC2	0.0805539312410836
VAMP3	NCDN	0.08053012217405747
ENO1	DLEU2L	0.0805151779118398
AGMAT	LINC01137	0.08046588420805309
AKR1A1	AL353622.1	0.08041662184620053
POU3F1	TRAPPC3	0.08028641870274497
ENO1	FAAH	0.0802613153327946
HES5	PRDX1	0.08023644321687705
TP73	GJA4	0.08020334353349348
HEYL	CPTP	0.08019567504529201
JUN	AL136115.2	0.08016120069207523
NFIA	ZFP69B	0.08014757097453237
ZBTB48	EFCAB7	0.08012498462753248
NOC2L	SPATA6	0.08009520930074475
MAGOH	PHACTR4	0.08009159837404282
MAGOH	AL390719.2	0.08008891135151096
HES5	PIGV	0.08006353659925228
ZBTB48	AL358075.2	0.08005663517913542
ZNF436	HSPB11	0.08004726130528753
KDM4A	WASF2	0.08003250582451224
ZBTB17	UTP11	0.07999556463521561
MTF1	DHDDS	0.079942804105924
TAL1	C1orf109	0.07993345431135451
VAMP3	SYNC	0.07991517024280906
SSBP3	TRIT1	0.0798968262970148
JUN	AL109627.1	0.0798955909724517
POU3F1	SLC35E2A	0.07986920665964849
ZNF436	DHCR24	0.07986347338376337
HIVEP3	MTOR	0.07985611356123888
ZNF691	MEGF6	0.07984565910642166
HP1BP3	OXCT2	0.0798422841542013
HES4	PER3	0.07982586654455737
ZBTB48	RNF19B	0.07982272508940075
ZCCHC17	PDIK1L	0.07978013531910788
MYCL	RSRP1	0.07977895916357684
MYCL	LRRC42	0.07973935729298519
ZNF691	DNAJC16	0.07971270111006536
POU3F1	MRPL37	0.0797107224834124
NFYC	NDC1	0.07962682852057061
GMEB1	LDLRAD2	0.07958474314095593
DMAP1	WNT4	0.07957042896345705
ZNF691	PNRC2	0.07954621094584752
ZNF684	MORN1	0.07954000696921856
SCMH1	FAAP20	0.0795248469325421
HES4	AL137802.2	0.07947830255723776
CPTP	AL109811.2	0.07946175243176139
ZCCHC17	ATPAF1	0.07940430635989582
VAMP3	AC093425.1	0.07936713881317747
ZCCHC17	CRYBG2	0.07936015539399294
NFYC	DVL1	0.07932965564632803
MAGOH	AL139423.2	0.07932704618197994
DMAP1	SCP2	0.07932488936858267
PRDM16	LINC01359	0.07928513824035209
LUZP1	AL359881.2	0.07928323758531731
HES5	ARTN	0.07925882859059742
TAL1	FAAP20	0.07925082452239034
AKR1A1	ARMH1	0.07920842689535504
ZFP69	CCNL2	0.07920253413864434
NFYC	PER3	0.07919708215581579
NFYC	UROD	0.07919585486837001
HEYL	PRDM2	0.0791865115742415
ZBTB17	SVBP	0.0791756055603634
ZBTB17	DNAJC16	0.07916690055577155
ENO1	TRIM62	0.07916462227324234
MAGOH	LAPTM5	0.07915332031584596
MAGOH	MTFR1L	0.07915248369645382
ZBTB48	PEX10	0.07912563464816726
FOXD2	GPN2	0.07912428418531825
MAGOH	NBPF1	0.07911360068166626
ZBTB17	AKR7A3	0.07907974451117086
HDAC1	AL020997.2	0.0789713336223468
FOXJ3	CNR2	0.07895966930796833
ZBTB40	PHC2	0.07893795917609538
DMAP1	AL049795.2	0.0789200570218388
ZFP69	CDCA8	0.07891783560015199
ZBTB40	CDC42-IT1	0.0789033805957812
YBX1	CLIC4	0.07889717017181241
GMEB1	FAM167B	0.07885840792715382
PRDM16	LZIC	0.07884459341227057
FOXO6	SSBP3	0.07881689341153475
MAGOH	RCC2	0.07881278583201774
ZCCHC17	MED18	0.07881221768086516
MORN1	ATPAF1	0.07875158610056669
TAL1	USP1	0.07874255645324181
POU3F1	FOXD2	0.07872492222349745
ZBTB40	NBL1	0.07872076753861414
DMAP1	FAAP20	0.07871965544159241
NOC2L	H6PD	0.07870171990307423
ASAP3	WDTC1	0.0786856476814647
SFPQ	YARS	0.07866713190595133
ZBTB48	NSUN4	0.07861390234164568
ZCCHC17	NOC2L	0.07856564384005808
ZCCHC17	B3GALT6	0.07855784611771179
SCMH1	PHACTR4	0.07850407295262889
FOXJ3	INTS11	0.07849846685753063
KDM4A	SMPDL3B	0.07848450672202915
SCMH1	CYP4B1	0.07845700295923391
ZNF362	POU3F1	0.07845663712897236
SFPQ	RCAN3AS	0.07839314348382431
NFIA	AC098484.4	0.0783920243548004
ASAP3	CROCC	0.07837928380141457
ZNF436	SKI	0.07836556688314707
LUZP1	TNFRSF14	0.0783537790748804
HES4	ZNF436	0.07831684935981009
HES5	RBP7	0.0782835987916272
ZFP69B	PRKAA2	0.07825768910290196
CPTP	NCDN	0.07820425962567037
ZCCHC17	AL606760.3	0.07816681924439213
ZBTB40	ZMYND12	0.07815435451412842
DMAP1	MED18	0.07814509874052239
FOXJ3	AL445248.1	0.07812570810504246
ZBTB48	UROD	0.07811649192648655
FOXJ3	MEGF6	0.07804939168660555
LUZP1	CASP9	0.07803695611675929
GMEB1	OTUD3	0.07802348889733116
ZNF691	RNF19B	0.07801430851359256
DMAP1	TMEM52	0.07801312792569365
KDM4A	USP48	0.07797277903572604
ZBTB17	TNFRSF14	0.07793193856978296
ZNF684	AURKAIP1	0.07792438633774927
AKR1A1	SESN2	0.0779140481154127
RUNX3	KIF2C	0.0779077786897246
ZNF691	C1orf50	0.07790421911001419
RLF	LINC01715	0.0778820934091771
RLF	MYSM1	0.07780696321740094
RUNX3	TNFRSF8	0.07779974949116725
GMEB1	MAP3K6	0.07779701776616713
GMEB1	VWA1	0.07779407900324074
KDM4A	CPTP	0.07777069753217306
ZNF436	PEX10	0.07777005290813567
MAGOH	RIMS3	0.0777366105049866
DMAP1	PER3	0.07773521781438382
PRKAA2	ELOVL1	0.07770540621543645
AGMAT	RNF220	0.07769359759965626
ZNF684	FAM41C	0.07768064262706623
HES5	PIK3CD-AS2	0.0776779633504652
NOC2L	RERE-AS1	0.07766838813115705
AKR1A1	CAMK2N1	0.07764939583551332
SSBP3	DHRS3	0.07763909462255643
MTF1	PLK3	0.07762627603585041
MAGOH	LRRC42	0.0776153439012717
KDM4A	YRDC	0.07760367159992523
MTF1	TNFRSF1B	0.07757418478000819
TAL1	ZNF436	0.07755845034794961
TAL1	MRPL20-AS1	0.07752640447393264
POU3F1	ZMYM1	0.07749470170135847
KDM4A	TMEM35B	0.07747431643913738
ZNF684	ZNF593	0.0774216116003318
RLF	UTP11	0.07741518185421264
ZNF436	JAK1	0.0774065767491056
SSBP3	LINC01359	0.07736841726175629
AGMAT	PARK7	0.07736097027197167
PRKAA2	TRABD2B	0.07733295020989134
RUNX3	PHF13	0.07731972601049915
ZBTB17	CC2D1B	0.07731891650058292
CPTP	STK40	0.07728871407159535
HDAC1	WDR78	0.07728583668555969
PRDM16	FBLIM1	0.07727598812009576
ENO1	GABRD	0.07724828668816777
ZNF362	BX293535.1	0.07724633486937972
ZBTB40	AC099791.2	0.0772336357025951
AKR1A1	PAFAH2	0.0772188918861722
HES5	AC099791.4	0.07715204605728822
ZNF691	PABPC4	0.077144424612723
PRDM16	CLIC4	0.07713671236572718
SFPQ	MAST2	0.07710822878486451
VAMP3	UBE4B	0.07707069810334859
HIVEP3	AL136115.2	0.0770182173083046
AKR1A1	DFFB	0.07700424365360027
NFIA	FBXO42	0.07698850775856897
ZFP69B	PAFAH2	0.07697457419455894
MAGOH	LINC02777	0.07692792007529836
FOXJ3	UBXN11	0.07692470042784447
LUZP1	NOC2L	0.076893230771423
GMEB1	ZSWIM5	0.07683715063074043
ZNF436	MYCBP	0.07680171115591701
SSBP3	TMEM59	0.07679906449010492
ZNF362	MAP7D1	0.07676814926470037
ZNF362	ISG15	0.07673801391926112
KDM4A	MRPL20	0.07673594203825299
ZBTB17	BTBD19	0.07671423529429418
ZNF691	TCEA3	0.07663667586072331
NOC2L	AL031005.1	0.07662734092698847
AKR1A1	AL645608.7	0.07662528646113652
FOXJ3	MAST2	0.07659967694783909
MTF1	GNL2	0.07658940939265654
ZBTB17	MRPL20-AS1	0.07656530988467505
EXO5	AKR1A1	0.07656432668205608
HES5	INTS11	0.07654504994119923
ZBTB40	AL645728.1	0.07653318731307851
HDAC1	OSCP1	0.07652315133473737
AKR1A1	FOXD2	0.07651520059682627
ASAP3	AL645608.7	0.07651342176682223
HIVEP3	NUDC	0.07649179801401249
SSBP3	ORC1	0.07644493009302657
CPTP	CCDC163	0.07642198643329667
HDAC1	CSF3R	0.07642125335999636
POU3F1	PTAFR	0.07636048742024816
AKR1A1	ZDHHC18	0.07635459400938335
JUN	AL031283.2	0.07634747960810094
YBX1	MFN2	0.0763431762599687
KDM4A	SLC1A7	0.07634246245764084
SSBP3	CACHD1	0.07634133572396427
NFIA	TNFRSF14	0.07632365808906577
ENO1	ALDH4A1	0.07631866398589267
RUNX3	AGO1	0.076291962362553
ZBTB17	C1orf159	0.07627371331916014
PRKAA2	NFYC	0.07626779450993337
GMEB1	ZC3H12A	0.0762294508034622
POU3F1	ARHGEF10L	0.07622577783235815
EXO5	SYF2	0.07622272261441096
ZNF691	AL050343.2	0.07620525234147574
ZNF684	MICOS10	0.07615605354800106
ZNF691	SDHB	0.07615601836138286
ZNF684	AL645728.1	0.07614593964755577
ZNF691	SESN2	0.07609887664972248
YBX1	PLPP3	0.07604712473885536
MYCL	AL020997.2	0.07601932520873012
POU3F1	AL049795.2	0.07600513269229615
HES4	WRAP73	0.07596982438429295
ZBTB48	AL031283.2	0.0759636810188833
FOXD3	ZFP69B	0.07595793190346893
VAMP3	BTBD19	0.07593362105566222
SSBP3	SVBP	0.07592638459281172
MTF1	FHAD1	0.07586518957392702
RLF	HES4	0.0758410168851721
ZFP69	SRRM1	0.07584053264999724
ZBTB48	MAP3K6	0.07583976060444257
HDAC1	PAFAH2	0.07582074734088287
ZBTB17	SLC66A1	0.07578819133219723
CPTP	AL021155.5	0.07576468421844669
HES4	SELENON	0.07574762275735218
SMAP2	IFNLR1	0.07572774742994953
HIVEP3	HMGN2	0.0757232850432969
LUZP1	SLC35E2B	0.0757138455397484
HES4	ZNF691	0.07568945868597163
HDAC1	EYA3	0.07565821912774187
SCMH1	YRDC	0.0756266160058582
HP1BP3	FBLIM1	0.07559836222448839
AKR1A1	RPL22	0.0755913010251569
AKR1A1	HSPB11	0.07558013864233404
HES4	PPCS	0.07554499157756112
NFIA	ALG6	0.07553969585956886
ZNF362	EYA3	0.07551759998123227
ZNF684	TMEM50A	0.07551659644918324
HES5	TMEM59	0.07551552796677308
HES4	DDI2	0.07548311111051338
RLF	MFSD2A	0.07546550554327447
SSBP3	AL353622.1	0.07545954789883004
ZBTB48	FAF1	0.07543308536340607
HP1BP3	BMP8B	0.07542283542941877
DMAP1	AGMAT	0.0754074020366508
MAGOH	AL450043.1	0.07538297193603664
HP1BP3	ANKRD65	0.07538027850986269
SSBP3	AL513327.1	0.07535995548660109
DMAP1	IQCC	0.0753581140515013
ZFP69B	OSBPL9	0.07535637074363986
AKR1A1	BX293535.1	0.07534947113833826
HIVEP3	CZIB	0.07534775203689621
HIVEP3	TESK2	0.0753132235524479
MTF1	ZBTB8A	0.07531161504667098
ZCCHC17	LDLRAP1	0.07525867594305945
ZNF362	AL021155.5	0.07525568723038445
DMAP1	TTC4	0.07519846692746081
ZBTB17	CAMTA1	0.07515902511237124
ZNF691	AL645608.7	0.07511919156562381
ZFP69	GMEB1	0.07511260991817247
CPTP	SERINC2	0.07509562561508432
ZNF436	PGM1	0.07506234779550504
CPTP	UBIAD1	0.07505400159940684
TAL1	TXNDC12	0.07493913184726912
ZBTB40	CCDC28B	0.07493649843597384
SSBP3	ATAD3B	0.07490156482453425
NFIA	AL031283.1	0.07486053630706203
TAL1	AL136115.2	0.07484077531861466
HDAC1	AL139424.1	0.07482116713476557
ZSCAN20	MRPS15	0.07481186216501069
ZBTB48	DISP3	0.07481089949242796
DMAP1	PATJ	0.07478207543777557
ZBTB40	PRKCZ-AS1	0.0747774742838773
HES4	ALG6	0.07477267272961431
RLF	TMEM35B	0.0747677140684127
MAGOH	ALDH4A1	0.07476216370841952
MTF1	CITED4	0.07475579312844638
EXO5	PEF1	0.07472119395748975
TAL1	CLCN6	0.0746625043687465
PRDM16	THAP3	0.0746450976947647
ZNF362	KIF17	0.0746446176447239
HIVEP3	AL021155.5	0.07463535128970869
ZBTB17	LEPR	0.0746137795999485
DMAP1	ZC3H12A	0.07460677540663736
LUZP1	ARHGEF16	0.07459295734894103
POU3F1	TMEM200B	0.07458126577959893
ZNF362	PINK1-AS	0.07456283590510768
SCMH1	AGTRAP	0.07455604653650268
ZFP69B	SLC6A9	0.07454406136033959
POU3F1	SLC9A1	0.07452910877900891
HES4	ZNF593	0.07452368169121233
FOXJ3	CPLANE2	0.07448106479127393
ZBTB48	UBE4B	0.0744714517956584
HES5	ELOA	0.07447044715616535
FOXJ3	SNIP1	0.0744652445907604
FOXJ3	ZBTB8A	0.0744570538716157
ZFP69B	EPS15	0.074437014453835
MORN1	GPBP1L1	0.07443128244292611
ZNF436	AC119674.1	0.07441260348830502
NFYC	CDC42-AS1	0.07439796041752458
LUZP1	OXCT2	0.07438063475039039
KDM4A	PLPP3	0.07434025366776546
KDM4A	MIIP	0.07418832085258129
HDAC1	PABPC4-AS1	0.07417713880690378
TAL1	MED8	0.07415963462554757
ZSCAN20	CPLANE2	0.0741564403297298
PRDM16	MAGOH	0.0741551179867267
HP1BP3	LINC02574	0.07415456682626352
ZBTB17	GPATCH3	0.07410387015984998
ZFP69	SERINC2	0.07409005730556621
MTF1	SELENON	0.07407595850882287
PRDM16	COA7	0.07404968948623775
ZNF684	SF3A3	0.07404591587876462
ZCCHC17	AL445248.1	0.07400027146833965
HDAC1	DNAJC11	0.07397824370862582
SSBP3	YTHDF2	0.07393797107761974
HES4	CLCN6	0.07392402676403513
MTF1	LDLRAP1	0.07390785478032251
ZCCHC17	PINK1-AS	0.07382140041318017
NOC2L	MYCL	0.07381246598484555
ZNF691	LAPTM5	0.07380055881900298
SMAP2	FOXD3	0.07379708204296799
HIVEP3	AL139246.3	0.07379134750669017
ZBTB40	EMC1	0.07377905381319215
ZNF436	TNFRSF18	0.07377253993618012
ZBTB17	AL590438.1	0.07370188394394403
SFPQ	FBLIM1	0.07370050771039825
FOXD2	MOB3C	0.07370007731871263
RUNX3	AL031432.5	0.07365384422101032
NOC2L	ZNF684	0.073619893665805
AKR1A1	SNHG12	0.07360782451255656
KDM4A	MAST2	0.07359654943562627
NOC2L	AL390719.2	0.07346410970222136
RLF	SLC25A34	0.07344724658585487
ZNF684	ELOVL1	0.07342093776477777
SSBP3	PHACTR4	0.0734067469485618
RUNX3	PAFAH2	0.07340554710900318
ZSCAN20	PPT1	0.0733947484209483
GMEB1	BSDC1	0.0733509156836331
KDM4A	CDC42-IT1	0.07333679747323432
ZBTB48	UBE2J2	0.07331472707729386
POU3F1	CDA	0.07327754621617205
PRDM16	MKNK1	0.07325877699897865
ZNF691	TIE1	0.07323327199465876
AKR1A1	SH2D5	0.07323256094619342
SSBP3	MATN1-AS1	0.07322371497627661
HIVEP3	TTLL10	0.07319971044364658
ASAP3	KAZN	0.07314544723130313
DMRTA2	SDF4	0.07313539285623719
NFIA	HPCAL4	0.07313043695445351
RLF	BEST4	0.07312709049603545
AGMAT	PTP4A2	0.07311817581277115
NFYC	DFFA	0.07311630181137915
ZNF684	TNFRSF18	0.07307922195090609
SMAP2	AL445248.1	0.07307055116176879
FOXJ3	NRDC	0.07306805658154873
YBX1	CASP9	0.07304197911358414
NFYC	TCTEX1D1	0.07302825780358908
ZNF362	AL031432.4	0.07296225893294907
AGMAT	PRDX1	0.072958992331529
ZNF684	MRPL20	0.07294635932992104
ZBTB17	NASP	0.07288374479840187
HES5	B4GALT2	0.07285617847270462
NFYC	CNKSR1	0.07283812862057522
HDAC1	RSRP1	0.07280541135639465
POU3F1	ALG6	0.07278759150034105
GMEB1	AKR1A1	0.07276804565012411
PRKAA2	WRAP73	0.0727349011733386
MAGOH	PATJ	0.07268803415142835
NFYC	ARHGEF16	0.07268666493065123
ZBTB48	MEAF6	0.07266521370635183
MAGOH	GPR157	0.07264338747171044
HIVEP3	OSCP1	0.07262392509076256
CPTP	PPP1R8	0.07260872020766124
DMAP1	EIF3I	0.07259601239472875
ZBTB40	LINC01355	0.07256525281015254
GMEB1	LNCTAM34A	0.07256448204430682
POU3F1	ZMYM4	0.07254734975404732
PRDM16	NMNAT1	0.07249522403095474
POU3F1	UBE2J2	0.07249420844278133
ZNF684	H6PD	0.0724868170446484
HDAC1	TNFRSF8	0.07248362508307442
MAGOH	ACAP3	0.07247239363183912
HEYL	PIK3R3	0.07245457101235732
NFYC	AC004865.2	0.07241391085925317
KDM4A	AC119674.1	0.07237991308146577
ZBTB48	ATAD3C	0.07235696507658246
POU3F1	B4GALT2	0.07235068226756837
ZBTB40	AL645608.7	0.07234206475640731
DMAP1	ERI3	0.07228201093286998
KDM4A	KIF2C	0.07227088899734606
TAL1	SRSF10	0.07226783984698461
ZNF684	AL020997.2	0.07222548322262264
VAMP3	CLCN6	0.07220800671170863
NFIA	SLC35E2B	0.07219848858843586
FOXD2	LUZP1	0.07216813892579925
HES5	ZBTB17	0.0721663884366923
NFIA	CDC42-AS1	0.07215087397685865
PRKAA2	ZDHHC18	0.072146484770991
ZBTB48	ATP6V0B	0.07208381152384387
PRDM16	EIF2B3	0.07205366808793653
FOXO6	TACSTD2	0.07200718012491306
SSBP3	KDM4A-AS1	0.07199590586713048
MAGOH	TNFRSF14	0.07199397939184256
LUZP1	EPB41	0.07196075046949896
MTF1	KHDRBS1	0.07195745419772083
HP1BP3	LINC01635	0.07195537635861154
HEYL	PHACTR4	0.07194960311277375
ZBTB17	PIK3CD-AS2	0.07192890703277192
ZCCHC17	DLEU2L	0.07191475399207574
TP73	IPO13	0.07189338239010856
ZNF684	GJA4	0.07185559470250598
CPTP	TTLL10	0.07183477699806794
HES5	NSUN4	0.07177883534053331
NFIA	KDM4A-AS1	0.07174552106509538
RLF	AL109936.6	0.0717114332070075
VAMP3	AL513218.2	0.07170853570877359
ENO1	CTRC	0.071694886812014
FOXJ3	LZIC	0.07169004516623645
VAMP3	NDUFS5	0.07168402951710598
ZCCHC17	TTLL10	0.0716659915804544
ZNF436	PRDM2	0.07164949773425193
ZNF436	FABP3	0.07164649018772723
HES5	FBXO2	0.071630336166407
PRKAA2	PEX10	0.07163004245194388
ZNF436	FBXO6	0.07162117189399472
ZSCAN20	CROCC	0.07157865032542189
ZNF684	ID3	0.0715667611788327
MAGOH	MMP23B	0.07155232184796395
GMEB1	FOXD2	0.07152636265679395
TAL1	PIK3CD-AS2	0.07148984439447867
SSBP3	HPCA	0.07148207632652209
SMAP2	AL034417.3	0.07146205011012073
SFPQ	AL512408.1	0.07144544305588693
POU3F1	AL450998.2	0.07140776409225749
HP1BP3	PUM1	0.07138871896318667
MYCL	EFHD2	0.07138094350104482
ZFP69B	SYF2	0.07137567688859835
FOXD2	MICOS10	0.07134906391650442
DMAP1	SNIP1	0.07131188057048424
LUZP1	AL031005.2	0.07130062356510802
ZBTB40	SMIM12	0.0712876634482334
YBX1	UBE2J2	0.07122660713033802
HP1BP3	DNAJC6	0.07120227476782587
ZCCHC17	TCTEX1D4	0.0711595235262448
MAGOH	GABRD	0.0711500669223779
FOXJ3	OSBPL9	0.07113205845737301
FOXJ3	NFYC-AS1	0.0711249347707326
MAGOH	CAMK2N1	0.07111294591782574
HES4	MIR34AHG	0.07108357497851486
AKR1A1	PDZK1IP1	0.07105088787839232
ZBTB48	TNFRSF8	0.07101602275776314
ZNF684	GPR3	0.07101014154222739
MYCL	ZC3H12A	0.07100902544869146
CPTP	PNRC2	0.0709571603338721
FOXJ3	AL020997.2	0.0709497750012843
YBX1	AC098484.4	0.07094437909757134
PRDM16	ECE1	0.07093831333683734
DMAP1	PEX14	0.07093627999394894
ZCCHC17	AL020997.2	0.0709159395113381
ZBTB17	CCDC30	0.07090216599680965
JUN	PLA2G5	0.0708843374486387
VAMP3	AL603839.3	0.07085836501672256
ZCCHC17	EXOSC10	0.07085108953097041
SSBP3	NDC1	0.07084250629364912
RLF	VPS13D	0.07084199469535239
DMAP1	TARDBP	0.07083363102902189
POU3F1	SNHG3	0.07081285905417947
FOXJ3	CSMD2	0.07079303985459937
HDAC1	TMEM54	0.07074688840651713
HES5	ASAP3	0.070725150019549
CPTP	SLC35E2B	0.07072395058017668
ZNF691	EVA1B	0.07070610102856484
E2F2	C1orf50	0.07069637099250765
ZNF436	SAMD11	0.07068427447327882
POU3F1	PANK4	0.07065594664435523
HES5	AC114488.3	0.07065176118923569
SSBP3	POMGNT1	0.07065005823302788
ASAP3	LURAP1	0.07062143448970908
ZSCAN20	SSBP3	0.070588462665849
HES4	IPP	0.07054667953196607
SSBP3	SFN	0.07054173449218396
CPTP	ACOT11	0.07053749829246295
PRDM16	ARHGEF10L	0.07051465054129655
ZBTB40	RERE-AS1	0.0704515368801922
GMEB1	TMEM59	0.07039789564736945
DMAP1	ATPAF1	0.07039481739888843
ZNF684	LCK	0.07038067938215728
NOC2L	CTRC	0.07037897026771912
NFYC	EMC1-AS1	0.07036363273118164
FOXD2	CACHD1	0.07035969590073642
ZNF684	PRDM2	0.07035305586807343
ZBTB17	VWA1	0.07033501353129895
FOXD2	ZC3H12A	0.0703345119012052
KDM4A	MRTO4	0.07027066916235696
GMEB1	AL034417.4	0.07026100874957321
ZBTB48	MIR34AHG	0.07025878720671717
NFIA	BX284668.6	0.07024304020784436
ZBTB48	ACOT11	0.07022564353931159
SCMH1	CLSPN	0.07021702204747833
ZNF684	KCNAB2	0.07021254908131758
ENO1	AL627309.1	0.07016083516819774
EXO5	MAGOH	0.07009805161376759
KDM4A	TNFRSF25	0.07008601064004986
FOXO6	OSBPL9	0.07002669132291255
SCMH1	LINC01137	0.07000453812911256
ZNF684	HSPB11	0.07000362356282663
RUNX3	ASAP3	0.06997915874264847
AKR1A1	UBE4B	0.069965913974083
RLF	TCEANC2	0.06994612455946074
ZNF684	NFIA	0.06985992947312461
AGMAT	MDS2	0.06983590954801701
SFPQ	RIMKLA	0.06978102886748412
YBX1	CSF3R	0.06965434967147871
SSBP3	PRKCZ-AS1	0.06962697342046943
DMAP1	STK40	0.06959036585305356
NFIA	AL139246.3	0.06958813745614947
SSBP3	IFI6	0.06957135148884439
SCMH1	COA7	0.0695659859976832
ZBTB40	MKNK1	0.06955597465161614
SSBP3	NIPAL3	0.06952911009719763
CPTP	MFSD2A	0.0694799857938397
FOXJ3	EPHB2	0.06946685611627591
VAMP3	AL139424.3	0.06943073790958935
ZCCHC17	FAM76A	0.06941955848006669
MTF1	C1orf122	0.06938679740784151
GMEB1	YIPF1	0.06937554633180779
HES4	LAPTM5	0.06933789584520805
LUZP1	AGO4	0.06930974555588228
ASAP3	AL606760.1	0.06929853611259587
TAL1	OXCT2	0.06926818735328168
NFYC	ALG6	0.0692384154513474
ZNF684	ARMH1	0.06923146996085665
ZBTB48	RSRP1	0.06920482183047372
HDAC1	C1orf174	0.06920004975344608
HP1BP3	UBR4	0.06919310875144437
FOXJ3	AL139424.1	0.06919044243493647
LUZP1	AL590822.2	0.069190242379653
MORN1	RBBP4	0.06916186506177388
MTF1	ENO1	0.06913504376463374
PRKAA2	SZT2	0.06909111831396302
HES5	TP73	0.06908561583565147
RUNX3	IPP	0.06907905506279172
MAGOH	ATPAF1	0.06907904260386927
TAL1	ZNF436-AS1	0.06906909690877157
ZBTB17	PINK1	0.06905445983073301
ZNF691	NADK	0.06902484711048035
FOXD2	TAL1	0.0689715934146499
EXO5	UTP11	0.06894643959112158
TAL1	RSRP1	0.06890075353974083
NOC2L	FHL3	0.06889257892190925
HES4	DAB1	0.06888189459394486
TAL1	RPL22	0.06887280545990404
LUZP1	AC254633.1	0.06886140934304466
VAMP3	PLCH2	0.06885541218162063
TAL1	TNFRSF18	0.06885437688918487
ZNF691	LINC01137	0.06883500067642624
VAMP3	EXOSC10-AS1	0.06881305434375158
ZBTB17	LINC01355	0.06876052795380912
MYCL	NSUN4	0.06875143189605219
ZNF684	AL031432.3	0.06874732979790486
MORN1	FO704657.1	0.0687418116918177
ZBTB17	SMIM12	0.06873170918964983
SCMH1	LRP8	0.06871206946129751
DMAP1	SLC35E2B	0.068707930541043
HEYL	SMIM12	0.06867836905724257
KDM4A	ANKRD65	0.06864083244756952
DMAP1	VWA1	0.06863304076509628
KDM4A	GNB1	0.0686020186203434
EXO5	S100PBP	0.06856135035551679
ENO1	AL139246.3	0.0685565314075517
ENO1	AL033528.2	0.06851662270872927
ZNF684	AL034417.3	0.06850370083236217
ZNF684	TMEM59	0.06850095555244226
ZCCHC17	HPCAL4	0.06849561543365737
TAL1	SYF2	0.06842545304128406
SSBP3	ZSWIM5	0.06842231203038326
FOXJ3	TMEM53	0.06839402058023158
CPTP	CDC20	0.06837675925070513
AKR1A1	AGRN	0.06836374802341919
NFYC	AUNIP	0.06828902954416292
POU3F1	FOXO6	0.06827276469933367
NFYC	SLC25A34	0.06826098594077794
ZNF691	IFI6	0.06825506794620904
SSBP3	UBE4B	0.06824777949466888
ZBTB17	TMEM39B	0.0681393984963604
NFIA	ZMYM6	0.06812920169438734
ZBTB17	EPHA2	0.06811827400491012
HIVEP3	NIPAL3	0.0681067835581146
FOXJ3	NUDC	0.06809227443343553
NFYC	ZNF684	0.06808333076416537
RUNX3	ZFP69	0.06807772680215006
ZNF684	FAM76A	0.06801559804305894
MTF1	ATPAF1	0.06799750784593019
ZNF691	NECAP2	0.06798212113267757
ZNF436	MRPS15	0.06792484521949282
ZNF362	MAP3K6	0.06790609475122565
PRKAA2	AL137802.2	0.06788939645376253
ZFP69	ZBTB17	0.06787630036426084
NOC2L	CYP4B1	0.06786779097568242
ZBTB17	ZMPSTE24	0.06786404404332826
HDAC1	ITGB3BP	0.0678629478697455
LUZP1	CDC42-AS1	0.06784151593220561
CPTP	FOXJ3	0.06782196016017422
NFIA	AL513218.2	0.06781352222619302
PRKAA2	SLC6A9	0.06781334243651406
MAGOH	TTC22	0.06779171830094409
ZFP69	JAK1	0.06777468773831632
RUNX3	CTNNBIP1	0.06775609406315107
MYCL	ZBTB8OS	0.06774480908756114
ZBTB40	KIF17	0.06771282160101055
SMAP2	LINC01770	0.06771057360465343
HIVEP3	UQCRH	0.06770297411858242
ZNF684	SAMD11	0.06767648683349684
ZNF436	AL050343.3	0.06767476051977724
HIVEP3	KDM4A	0.06767402782338526
DMAP1	KDM1A	0.06767307873979674
ZFP69B	TTLL10	0.06764413039934979
ZNF684	ZSWIM5	0.06756138651189159
PRKAA2	ZCCHC17	0.06754820221951864
FOXO6	NCDN	0.06753673174954082
ENO1	GPR153	0.06747772531543057
ZFP69B	NUDC	0.06747033197804507
HDAC1	FBLIM1	0.06744780057742945
KDM4A	DVL1	0.06744768379315244
ZCCHC17	SH3D21	0.0674423853639018
RLF	CCDC24	0.06741943368983175
ZBTB48	AZIN2	0.06739753250099166
MYCL	CCDC17	0.06735867898919748
DMAP1	RPS6KA1	0.0673448103251716
DMRTA2	MUTYH	0.06733483228367201
NOC2L	SMIM12	0.06732332341920998
FOXJ3	ERI3	0.06732157433561106
ZNF436	ECHDC2	0.06731843501367288
RLF	PUSL1	0.06730462030291617
ZNF362	KHDRBS1	0.06727048355576683
ASAP3	HNRNPR	0.06725225440586512
ZBTB40	SCP2	0.06720796353923371
E2F2	PLEKHM2	0.06720600974653244
DMAP1	ZSWIM5	0.06719084944412919
VAMP3	FOXO6	0.06717261723616877
ZNF362	MRPS15	0.06715652762974612
YBX1	TAL1	0.06714616084088057
POU3F1	SPEN	0.06714277459917031
MAGOH	LINC01135	0.06714038081707278
NFYC	TENT5B	0.0671275302130989
ZSCAN20	TMEM54	0.06710951628330843
CPTP	TUT4	0.06710779517785002
ZBTB40	SCMH1	0.06705400522235283
YBX1	EFCAB14	0.06702121603368232
RUNX3	PRDM16	0.0670117810233395
ZBTB40	MTOR	0.06701104427873207
MAGOH	PTPRF	0.06700157627716234
NOC2L	HMGCL	0.06698689091492696
FOXD3	NBPF1	0.06695542416153177
HES4	MIR4422HG	0.06695373138588923
HIVEP3	AC254633.1	0.06692696564415904
HDAC1	PGD	0.06690418283737135
SFPQ	CA6	0.06689635242411991
HDAC1	P3H1	0.06688769792848673
ZSCAN20	GALE	0.06684954351067977
KDM4A	PHC2	0.06683497316535461
PRKAA2	ERRFI1	0.0668317829464728
HES5	HMGN2	0.06682687821193495
AKR1A1	WDTC1	0.06682584757928077
NOC2L	ROR1	0.06681904596084554
RUNX3	IQCC	0.06681446587977408
HES5	AGO4	0.06680041943473725
ZNF684	SRM	0.06679585968903874
ZNF684	PLEKHM2	0.06674306043378543
AKR1A1	MMP23B	0.06670680955175845
MORN1	SRSF4	0.06668175728288615
MAGOH	AL513493.1	0.06667270459356517
ZNF362	MFN2	0.06665470482216218
EXO5	HNRNPR	0.06665285761999343
MAGOH	WDTC1	0.06665194303314834
RLF	PLA2G2C	0.06664713322678636
VAMP3	ARID1A	0.06659892485314675
HES5	ZMYM4	0.06656469632830472
HES4	SLC25A33	0.06649568232451718
FOXJ3	MRPL37	0.06649393104830253
AGMAT	TMEM222	0.06645433547634516
POU3F1	PTPRF	0.06644734869626465
ZBTB17	MKNK1	0.06644424090080693
MYCL	BX284668.5	0.06644354379950344
MTF1	UTP11	0.0663560978943756
ZNF436	NDUFS5	0.06633996942314149
CPTP	MAN1C1	0.06633112453078971
RUNX3	LINC02812	0.0662855858693569
POU3F1	EIF3I	0.06627004929754032
RUNX3	TARDBP	0.06626364396295048
NOC2L	ATP6V0B	0.06625675108951941
MTF1	ITGB3BP	0.06625133735884084
SMAP2	BX284668.2	0.06623274673804624
VAMP3	CPT2	0.06622371723883498
DMAP1	NFYC-AS1	0.06622201125584608
TAL1	CEP104	0.06619279028353772
NFYC	PINK1	0.06617004656441478
PRDM16	AL450998.2	0.06615894528969574
MORN1	AL590822.2	0.06612111478484073
HIVEP3	EIF2B3	0.06610645399698475
FOXJ3	WDR78	0.06608142952848611
TAL1	RNF207	0.06607339823606725
SSBP3	CTNNBIP1	0.0660638226730741
HIVEP3	KDM1A	0.06604617401614778
ZNF691	CORT	0.06604445375595958
ZNF691	RERE	0.06601887613807476
ZNF362	EXOSC10	0.06601331755829312
ZBTB40	CACHD1	0.06599032665544755
RLF	PTPRF	0.06598736623583958
MTF1	MYCBP	0.06595633546383378
POU3F1	FHAD1	0.06594727935264727
FOXJ3	GMEB1	0.06593919405783247
KDM4A	FUCA1	0.06592747444307914
ZFP69B	DHRS3	0.06589510955871751
DMRTA2	ERI3	0.0658611996471667
GMEB1	UBE4B	0.06585562166518526
ZNF436	CAP1	0.0658121341237038
ZNF362	LINC01135	0.0658034455628998
SSBP3	DRAXIN	0.065762137452666
ZBTB48	SCP2	0.06573081222500106
NFYC	VAMP3	0.0657282107259494
ENO1	CC2D1B	0.06566688755542174
NFIA	SLC2A1-AS1	0.06565557420492188
KDM4A	INTS11	0.06565550354823897
POU3F1	EMC1-AS1	0.06564191842981552
DMAP1	CASZ1	0.06560425115328268
ZNF691	VWA1	0.0656035265466811
DMAP1	PLEKHG5	0.0656013765790848
SSBP3	TTC34	0.06558713630295882
TAL1	PEX14	0.06554890735678724
MYCL	ZNF684	0.06554100760005604
SFPQ	MMACHC	0.06553687588153884
FOXO6	MIIP	0.06550503901075197
DMAP1	UROD	0.06548570665120357
HES4	SPSB1	0.06548082671402586
HES5	SDF4	0.06545548748613442
MYCL	NUDC	0.06545416958060339
FOXJ3	LINC01771	0.06538378858859424
KDM4A	AL020996.1	0.06537994885802226
DMAP1	AL645728.1	0.06537632367789817
FOXD3	ZDHHC18	0.06536834045353988
PRDM16	SELENON	0.06533788373747178
ZSCAN20	NMNAT1	0.06530710785020086
HDAC1	PTPRF	0.06530135856236104
ZBTB17	KIF1B	0.06521554248495427
SFPQ	AL161644.1	0.06521124201008738
HIVEP3	ALDH4A1	0.06520740992656347
POU3F1	SMAP2	0.06520428608448708
ZNF436	UBIAD1	0.06515698629366702
ZCCHC17	AGO1	0.06514812255378881
PRDM16	MTHFR	0.06514032517521938
HDAC1	CELA2A	0.06508520697896372
CPTP	HEYL	0.06506985934777082
NFYC	FAM110D	0.06506640878532016
ENO1	EVA1B	0.06504900737793372
TAL1	TIE1	0.06504265914609494
MAGOH	TFAP2E	0.06499555258875961
ENO1	AGO3	0.06499285345828847
ZNF436	KLHL21	0.06495389106237213
FOXD2	FCN3	0.06493667731011456
LUZP1	HSPB11	0.06493393774226497
AGMAT	NBPF1	0.06490613794167849
HDAC1	CTPS1	0.06489753762679239
CPTP	ATP5IF1	0.0648952948678435
ZCCHC17	AL139424.1	0.06486495013868764
SCMH1	COL16A1	0.06485668762496909
AKR1A1	E2F2	0.06483359062601346
KDM4A	HNRNPR	0.06483018053399417
ZNF362	BEND5	0.06481654488615705
PRKAA2	GPBP1L1	0.0647910925038978
PRDM16	MRTO4	0.06478970865463067
KDM4A	SHISAL2A	0.06478241557345273
AKR1A1	LINC01135	0.06477974918770886
MTF1	SNRNP40	0.06477505401407879
MAGOH	CLCN6	0.06477324392910817
JUN	SLC1A7	0.06475152072761582
NFYC	HTR6	0.0647374078708569
MORN1	CLSTN1	0.06471799502267994
SSBP3	ST3GAL3	0.0647007227588244
SSBP3	TNFRSF14-AS1	0.06466998625977458
ZNF436	ZMYM4	0.06459957144204177
MTF1	AL139246.3	0.0645592912963229
PRKAA2	CYB5RL	0.06455076221879046
AGMAT	EXO5	0.06454835694691018
NFYC	SLC35E2B	0.06454077688473067
NFIA	INPP5B	0.0645111090275549
CPTP	MACF1	0.0644971607615039
ZNF436	TUT4	0.06449577725771802
EXO5	ZBTB17	0.06444511743855849
NOC2L	SNRNP40	0.06444334242434521
ZFP69	ENO1	0.06443594461366862
MYCL	RCC2	0.06441873133966819
YBX1	TIE1	0.0643483824655807
RUNX3	MECR	0.06425643341042864
ZBTB17	UBR4	0.06420722127064235
HDAC1	LINC01226	0.0641886121795277
ZNF684	DPH2	0.06412414528364567
ASAP3	AHDC1	0.06407759255473516
POU3F1	HNRNPR	0.06406646878393739
ZCCHC17	LRRC47	0.06404065209511928
ZFP69B	MFSD2A	0.06401692239255573
HP1BP3	IPP	0.0640007538863953
ZBTB48	SDC3	0.06398622651480901
ASAP3	THRAP3	0.06398177934561713
NFYC	ZNF362	0.06393300392515787
CPTP	EIF4G3	0.06392084777552161
KDM4A	FOXJ3	0.06391017609804477
ZBTB40	UBE2J2	0.06388052302902543
HES5	ERI3	0.06385188449174152
ZNF436	KIF1B	0.0638467284727369
HIVEP3	CC2D1B	0.06383257952699603
ZBTB48	WDR78	0.06380457871875946
SCMH1	USP24	0.06380004950924731
FOXJ3	PGM1	0.06378043804660552
SCMH1	CEP104	0.06375333910916756
RUNX3	MKNK1	0.06375281258441245
RUNX3	CLSPN	0.06374664630490955
ZBTB48	MRPL37	0.06372687680284628
ZBTB40	SVBP	0.06370865866375257
NOC2L	HOOK1	0.06370386356839008
E2F2	AGTRAP	0.06369689035829856
ZCCHC17	AL136985.3	0.06368920046083834
ZBTB40	LRP8	0.06366338673928974
ZFP69	HP1BP3	0.06365911533249223
MYCL	MFSD2A	0.06364626001850919
HES5	THAP3	0.06361039364350375
TAL1	LINC02574	0.06355579682559145
LUZP1	AL109627.1	0.06348132821979163
PRKAA2	AGO4	0.06347493394139268
LUZP1	CLCN6	0.06345366324720549
TFAP2E	CAP1	0.0634352067348831
YBX1	GABRD	0.0634296051992096
HES5	IPO13	0.06342906500063661
SSBP3	FBLIM1	0.06340211522431442
ZNF691	NSUN4	0.06338371942358856
ZNF684	TMEM51-AS1	0.06337486993822661
ZCCHC17	CLSTN1	0.06335984866092124
ZBTB40	SNHG3	0.06335973743464736
LUZP1	COL16A1	0.063340793297746
SMAP2	AL357140.1	0.06332374282389902
POU3F1	TXLNA	0.06331528408504347
VAMP3	LURAP1	0.06324464552732838
ZBTB40	PDE4B	0.06315946853380092
RLF	AL050341.2	0.0631493353964351
AKR1A1	COL16A1	0.06314125041507725
DMAP1	CEP85	0.06313629987576179
ZNF691	MACF1	0.06309873448519326
RUNX3	PTPRF	0.06304323098475324
MYCL	TRIT1	0.06302526586643745
NFYC	PDE4B	0.06301872447963837
HDAC1	SLC66A1	0.06299126178959895
ZFP69	EIF4G3	0.06296089893726647
HP1BP3	C1QC	0.06293693063184269
GMEB1	EFHD2	0.06292737119480951
PRDM16	HECTD3	0.062925442846824
ZBTB40	TMEM200B	0.06290717058200745
HP1BP3	AL139286.3	0.06290463386956768
ZNF362	STMN1	0.06288063573909922
ZNF362	RRAGC	0.06286363489644825
NFYC	NUDC	0.0628599926082026
MORN1	TACSTD2	0.06285062754243824
CPTP	AL031848.2	0.06284475682243335
NFYC	FAM87B	0.06283879670903932
FOXJ3	ZNF691	0.06283125811948041
GMEB1	LUZP1	0.06282411283541771
AKR1A1	ALDH4A1	0.06279346485360893
FOXJ3	THEMIS2	0.06275832257292054
FOXJ3	HECTD3	0.06271020084185379
HES5	ERMAP	0.06270004346057402
TFAP2E	ECHDC2	0.0626905537838286
NOC2L	KANK4	0.06267416576701243
MYCL	SYTL1	0.06266462648389874
FOXD2	CAMTA1	0.06261838324806385
RLF	MIR34AHG	0.06260363476521552
ZBTB40	ALDH4A1	0.06259711366547105
MTF1	CLIC4	0.06252689247937186
ZBTB17	AL020997.5	0.06251187205320236
CPTP	FBXO44	0.06250755023175979
MORN1	AL513218.2	0.06250421432868843
HES4	KLHL21	0.06244384572702796
HES5	OSCP1	0.06242039776478489
MAGOH	SLC66A1	0.06241506345375874
VAMP3	PUSL1	0.062406524389298564
HES4	E2F2	0.06236308952635654
EXO5	AK2	0.06236028441685315
HES5	COA7	0.062359829808924266
HP1BP3	TCTEX1D4	0.06232576311671765
ZNF436	NOC2L	0.06232401290436391
HEYL	AC099791.4	0.06229695907866383
SSBP3	FAM76A	0.06228746775988263
RUNX3	SGIP1	0.062266337135350965
VAMP3	EPHB2	0.0622523318919096
HDAC1	CYP2J2	0.06225121813283385
HDAC1	AC119674.1	0.062218392148008964
DMAP1	MICOS10	0.062214863855436495
SCMH1	PANK4	0.06221378898408066
MTF1	ZNF684	0.062206085983700664
ENO1	SLFNL1	0.06219500270385353
ZBTB40	NPHP4	0.06219436828652127
CPTP	C1orf159	0.06212634557403022
POU3F1	CCDC17	0.06212533563555837
DMAP1	SLC25A34	0.06211194608597231
NFIA	RNF11	0.06211006987464559
ASAP3	MAGOH	0.062066514576305847
GMEB1	CD52	0.062049549510321614
HES4	XKR8	0.062044821535175
ZBTB17	PDE4B	0.06204319624965979
NFIA	TCTEX1D4	0.06200735065548636
RLF	KIAA2013	0.06200114217959957
NOC2L	PTAFR	0.061963790081490465
ZBTB48	ZBTB40	0.061959258318680065
HIVEP3	LDLRAD2	0.06195520024071777
ZBTB40	AL109811.2	0.06195360304508573
MYCL	DHDDS	0.06195046364714184
DMAP1	AL096840.2	0.06194878660904608
NOC2L	OXCT2	0.06193708982489128
NOC2L	ZCCHC17	0.061888287531440975
LUZP1	WDTC1	0.061884027125669185
ZBTB40	BSDC1	0.06187794006705577
YBX1	HPCA	0.06186497102276074
NFYC	DNAJC16	0.06184816958095206
KDM4A	ZSWIM5	0.06183696379339244
MAGOH	ARTN	0.06182454218145158
ASAP3	KDM1A	0.061808703582166474
PRKAA2	TRAPPC3	0.06180712959729034
EXO5	WDTC1	0.061767617729939855
ZNF691	PARK7	0.06176706861931114
KDM4A	ZFYVE9	0.06172768831337662
TP73	YIPF1	0.06171396790345662
ASAP3	TCEANC2	0.06170453004693873
HDAC1	AL020997.5	0.06165068599283493
POU3F1	PRXL2B	0.06163131501694944
RLF	LINC02777	0.06161828396071996
HES5	NOC2L	0.061586486356391815
ZNF691	LRRC41	0.06155529392578975
SCMH1	EXOSC10	0.06154634011048831
POU3F1	ASAP3	0.06153385032378367
SCMH1	MRPS15	0.06153184480535786
HES5	AL050341.2	0.06148739037957774
RUNX3	TMEM222	0.06147209188910332
EXO5	YRDC	0.061418307990324064
ZBTB48	NFIA	0.061382861732301494
MTF1	NFIA	0.06137989367024866
HIVEP3	TMEM59	0.06137805674458772
GMEB1	SCP2	0.06137672602857015
NFIA	LINC00115	0.06134079860978277
ZBTB40	TMEM69	0.06133958843461887
SCMH1	FOXJ3	0.06131667586222017
ZBTB40	TTLL10-AS1	0.061309094140063816
SMAP2	LINC00339	0.06127909680905541
AGMAT	INTS11	0.06125974381901526
SSBP3	TMEM240	0.06125345015204326
GMEB1	LEPR	0.061225395593346346
HES5	NDUFS5	0.06120017450201478
CPTP	PRDM2	0.06118190462942382
ZBTB40	EXOSC10	0.06117298160670372
ZNF691	HP1BP3	0.06116295479163032
ZNF362	CROCC	0.06115663483583016
JUN	FOXD2-AS1	0.0611519931159069
GMEB1	DDOST	0.061141341211929726
GMEB1	PRKCZ	0.06113495667132022
ZBTB48	AL590822.2	0.06113183580683403
SMAP2	IPP	0.06110415123948739
GMEB1	AL050341.2	0.06108838531981182
DMAP1	TNFRSF8	0.061070536025475235
FOXJ3	NFIA	0.06106981444840319
SFPQ	TMEM269	0.061060160109174366
MAGOH	LINC01771	0.06104294116939156
TAL1	EFCAB14	0.0609958129824014
ZNF691	PLEKHG5	0.06099229719850873
AKR1A1	C1QC	0.06097674600054054
POU3F1	ZNF593	0.06096581580203794
RLF	AL603839.3	0.060935759512975314
EXO5	AL031280.1	0.060833844177861376
HDAC1	GPR153	0.06080984903263176
GMEB1	CCDC24	0.0607912323471051
RUNX3	HECTD3	0.0607857470868589
HP1BP3	PLEKHG5	0.0607830514555622
GMEB1	ATP13A2	0.060781915725817946
HEYL	TXLNA	0.060768834594395825
VAMP3	SMIM1	0.06075905435121343
ZNF436	NBPF1	0.060750176111837
ZBTB48	STX12	0.06074173173895151
ZBTB17	AC099791.2	0.06073692186251932
JUN	CSF3R	0.06072259484685547
ZCCHC17	EMC1-AS1	0.06071090725083934
ASAP3	TINAGL1	0.060694790183316416
ZNF436	FBXO44	0.06066906476709116
RLF	AL604028.1	0.060655292693185404
HES5	TTLL10	0.06062637133699435
ZBTB40	GPR157	0.06059192697751697
ZNF362	UBE2J2	0.06057513077851859
SFPQ	AL662907.3	0.06056088160940328
PRDM16	RPA2	0.060555059209013315
ZFP69B	LINC01137	0.060551646459936326
MORN1	PARK7	0.060523109187830076
SFPQ	LINC02777	0.060522253274369005
AKR1A1	NRDC	0.06050608553289121
RLF	DNAJC11	0.06049193874574397
HES5	TMEM69	0.06048490915073586
HDAC1	AL137802.2	0.06048420668355006
ZBTB40	P3H1	0.06047415500161234
NFIA	TMEM52	0.060464680490823375
GMEB1	CA6	0.06042633029945141
ZBTB40	STMN1	0.06040934425690279
FOXO6	SVBP	0.06039802578371484
RUNX3	AL109627.1	0.06038276215396038
MORN1	PLPP3	0.060377529943925166
TAL1	AL356055.1	0.06036891804472135
ZBTB48	PDE4B	0.06032142264898021
POU3F1	GPR3	0.06031039190274752
HP1BP3	DAB1	0.06030985159672105
NFYC	RHBDL2	0.06028158201060976
ZNF684	PANK4	0.06027071198746375
SCMH1	ID3	0.06024438995862811
CPTP	TTLL10-AS1	0.06022342796847838
KDM4A	THEMIS2	0.06021281050018561
RUNX3	SDC3	0.060190393339854105
HIVEP3	XKR8	0.060186363787381715
GMEB1	PATJ	0.060166257302456796
ZNF684	ASAP3	0.06014912321195713
GMEB1	NSUN4	0.06013945341306858
HES4	ZDHHC18	0.060119823506054694
HES5	RERE	0.06002734928840442
PRDM16	AL021155.5	0.06001299291405558
JUN	ARHGEF16	0.06000115693435287
AGMAT	AKR1A1	0.059977313492909176
MTF1	RNF19B	0.059975515402425635
ENO1	MED18	0.05994153013391143
LUZP1	AL513477.2	0.059934127847156765
MORN1	ELOA	0.059920860503211014
SCMH1	NFYC-AS1	0.059915830384171295
HIVEP3	PIK3CD	0.059908892131585234
ZFP69	EMC1-AS1	0.05990406474632508
CPTP	TOE1	0.05985672057078202
SSBP3	RPS8	0.05985570752552134
HDAC1	AGRN	0.059806003491305784
NOC2L	S100PBP	0.05979655426273332
RLF	COA7	0.05979250925748744
HIVEP3	ZBTB8A	0.05979161943024393
ZBTB48	MXRA8	0.059778739532306856
FOXJ3	DAB1	0.05976053843531466
GMEB1	TMCO4	0.059751097922331776
AKR1A1	AL357140.1	0.05965489083119711
FOXJ3	AL353622.1	0.059652195919910764
MTF1	ICMT	0.05955230156131399
NFIA	HPDL	0.0595162107025594
ZNF362	AK2	0.059513694099522126
KDM4A	AURKAIP1	0.059506358357406405
DMAP1	FAF1	0.05950236111186321
LUZP1	CDKN2C	0.059501460969576286
GMEB1	TRNAU1AP	0.059449388208447175
YBX1	EPHA10	0.05944523030911598
TAL1	ZSWIM5	0.05942798396630618
ENO1	KLHL17	0.05942085143301073
RLF	KTI12	0.059379359695054215
HIVEP3	OSBPL9	0.05937375320914285
SCMH1	PHC2	0.05933234663606468
RUNX3	TMEM200B	0.05932743624770637
POU3F1	CTRC	0.059313235578930035
ZNF684	ATPAF1	0.059299995821569966
ZCCHC17	RNF220	0.05928932505833859
TFAP2E	SCP2	0.05927310009979318
CPTP	AL606760.3	0.05919645618950993
GMEB1	UROD	0.05918717087000372
MAGOH	CDCA8	0.05917462745578918
ZBTB17	LEPROT	0.059153941272890496
POU3F1	RERE	0.05915240856233687
PRDM16	SPSB1	0.0591285904917354
VAMP3	KLHL17	0.059112156608633594
SFPQ	AL590822.1	0.05907915034960602
GMEB1	PDE4B	0.05904963039238292
ZCCHC17	KAZN	0.05903253470817151
ZNF691	SLC25A34	0.059028051499213516
FOXJ3	PLA2G2C	0.05901180192411012
MTF1	EBNA1BP2	0.05900029691729341
MTF1	SCP2	0.05899441613258399
HES4	NDC1	0.058992022959955315
ZBTB40	USP1	0.05898071330683988
LUZP1	AL645728.1	0.05897851897426616
SCMH1	PPIH	0.05896186867739026
RUNX3	ZNF684	0.05896110105205885
LUZP1	FNDC5	0.05893068656803481
PRKAA2	ITGB3BP	0.05892598344332723
VAMP3	BX284668.2	0.058925030120939394
AKR1A1	ALPL	0.058919686838093135
EXO5	MARCKSL1	0.058901039165763155
DMAP1	ZNF362	0.05886911712260725
ZNF691	ZMYM6	0.0588260509439758
ZBTB48	TNFRSF4	0.05882533176342562
LUZP1	AL390719.2	0.058757605230564385
SSBP3	SLC25A34	0.0587352461379534
ZBTB48	UBR4	0.0587213475763737
ZNF684	CLCN6	0.05868715152080467
ZBTB48	TMEM234	0.05867999818872345
ZBTB48	ANKRD65	0.058670608153248885
YBX1	CD164L2	0.05860183937502906
AKR1A1	AL360012.1	0.05859560227742498
ZNF691	IQCC	0.058591802065989726
LUZP1	AL603839.3	0.05855952421706317
ZNF691	NFYC	0.05855935847310695
KDM4A	COL16A1	0.058554639347105544
MAGOH	SCNN1D	0.05854632320884299
HIVEP3	BX284668.5	0.05853510095626403
MAGOH	MIIP	0.058530508442159006
MAGOH	LINC00115	0.058489953275159746
FOXD2	MACF1	0.05848033080472589
FOXJ3	LINC01135	0.058468232203789515
DMAP1	KANK4	0.05843441009166025
POU3F1	KAZN	0.058430622674208184
MORN1	TMEM50A	0.05839367959901244
POU3F1	NCDN	0.058384289336248306
TP73	PLOD1	0.05837381221612622
HP1BP3	KIF2C	0.05837339108568835
ZNF691	EIF3I	0.05834997795907464
MYCL	CC2D1B	0.058336724911000844
ASAP3	AURKAIP1	0.0583186134433478
LUZP1	FHL3	0.05829464911688129
PRKAA2	ARID1A	0.0582931458169211
RUNX3	AL137802.2	0.058286090426305795
CPTP	EXOSC10-AS1	0.05827968839063981
MAGOH	CRYBG2	0.0582567734777948
PRKAA2	PINK1	0.058247789126521676
LUZP1	NBPF3	0.05823563070832956
MAGOH	AL139424.2	0.058233936612098525
KDM4A	CLSTN1	0.05822729526662856
JUN	C1QA	0.05821780898746938
CPTP	GPBP1L1	0.058211496536207406
SSBP3	CC2D1B	0.05819157854759367
FOXJ3	AL139424.2	0.0581717335252098
HES5	TNFRSF18	0.05815499242091449
ZNF691	TXNDC12	0.05814876287528043
HIVEP3	PEX10	0.05811430372285383
ZBTB40	PER3	0.05810505740368837
ZNF436	TMEM69	0.05808752787596973
ZNF684	YTHDF2	0.058077342197149426
GMEB1	HSPG2	0.0580476757104175
HES5	TESK2	0.05804233216124546
SSBP3	TRAPPC3	0.05803003788002277
GMEB1	DPH2	0.058028661900906685
ZNF436	PAQR7	0.0580080682765751
EXO5	LUZP1	0.0580041680524661
ZBTB40	CROCC	0.05798446197202167
TAL1	HNRNPR	0.057969676260732406
ZBTB40	TMEM50A	0.05796126643333625
HIVEP3	MAN1C1	0.05795741420836708
ZSCAN20	PTP4A2	0.05791151707842185
GMEB1	TENT5B	0.05787203189902328
TAL1	HMGN2	0.057867978937374547
RUNX3	C1QB	0.057847653466763606
VAMP3	PLA2G5	0.05783854519486671
FOXJ3	GJA9	0.057810981752048025
SCMH1	LZIC	0.05780800862907719
EXO5	RCC1	0.057780095222694214
LUZP1	ZNF436-AS1	0.05777321303878797
VAMP3	PIGV	0.057769697577351106
ZBTB17	TSPAN1	0.05774928898540122
SCMH1	GPX7	0.05771825936853289
MAGOH	AL358075.2	0.05767027884357543
PRDM16	CITED4	0.057655076578480915
ZNF684	THRAP3	0.05765345362091559
FOXJ3	ANKRD65	0.057648838839580316
DMAP1	GPX7	0.057623161866035916
HIVEP3	PDE4B	0.05760086520382144
MORN1	AL031005.1	0.05760041597927072
RUNX3	ACOT11	0.057572255796302645
HP1BP3	AL139424.3	0.05756811534677674
PRKAA2	GNL2	0.05755827794882695
HEYL	FGGY	0.057552613018836726
RLF	AL390719.2	0.05745183454701166
FOXD3	THRAP3	0.057433936484772706
ENO1	DISP3	0.05742804027447279
KDM4A	AL606760.1	0.0574186588557877
MORN1	TNFRSF4	0.057408656090560194
CPTP	TNFRSF14-AS1	0.05740443566843962
FOXJ3	AL031005.2	0.0573348587243264
VAMP3	SZRD1	0.05732877332595961
HES4	KDM4A-AS1	0.057312823688405935
RLF	CDC42-AS1	0.05728662825011342
PRDM16	MIIP	0.05728560894387777
ZNF691	PIK3CD-AS2	0.05728074402267924
KDM4A	HSPB11	0.05726163216313654
HEYL	ERI3	0.0572591849340611
AGMAT	TCEA3	0.05725311694810241
ASAP3	ACOT7	0.05721842265691137
DMAP1	PIGV	0.057184299199832624
RLF	AL590822.3	0.05718030920651917
ZNF684	KIAA0319L	0.057165901237617625
ZNF684	EFCAB7	0.0571654132422762
MTF1	LRRC47	0.05715274282084931
HIVEP3	BSDC1	0.05713348964900089
NOC2L	SLC25A34	0.057127146442484934
SSBP3	SH3D21	0.057126408479730564
MTF1	FAF1	0.057090747820312766
ZSCAN20	FNDC5	0.057087334340033005
GMEB1	THAP3	0.05707809186416509
ZNF436	SCP2	0.057075652547907654
SMAP2	PABPC4-AS1	0.0570736454951694
ZNF436	SFPQ	0.05703200622515391
ZNF362	HSPG2	0.05700853232270996
ASAP3	ELOA-AS1	0.056999910950840414
ASAP3	BX284668.6	0.056955339401420384
NFYC	SH3BGRL3	0.056948916316563604
MORN1	ASAP3	0.056926788311925984
ZBTB17	KDM4A	0.05690182386270903
RUNX3	AL031283.2	0.056898142725362935
MORN1	CZIB	0.05689409821242514
HDAC1	LCK	0.056888007000894594
NFIA	CEP104	0.056858099304160026
POU3F1	PINK1	0.05681801781907738
HIVEP3	RCAN3	0.0567976435942381
GMEB1	AL139286.2	0.05675264982122944
HIVEP3	ECHDC2	0.056730219786645185
NFIA	MAN1C1	0.05666540649581147
ZNF684	TMEM234	0.056639232004062845
JUN	EFCAB7	0.056632733423801124
HIVEP3	LINC02606	0.05659745886436833
RLF	LINC01772	0.05659338338032294
ZBTB17	RPS8	0.05656976124559945
GMEB1	SYNC	0.05656104810500132
ZFP69B	ECHDC2	0.056558840528032166
JUN	LINC01144	0.056551351563536245
ZNF436	ATP6V0B	0.05654733380868364
ZCCHC17	LINC01135	0.056543389954184606
ENO1	LINC02606	0.056542812751136665
GMEB1	AL034417.3	0.05653640395452601
ZBTB17	MTOR	0.056534648194482416
PRKAA2	SMIM1	0.05652010209940192
ZCCHC17	AL020997.5	0.056519501914520966
RLF	AUNIP	0.05650756220546488
HIVEP3	DDOST	0.05650323428436525
POU3F1	CCDC24	0.056471102629933885
ZCCHC17	MRPL20-AS1	0.05646920762013492
TP73	CTNNBIP1	0.05644685699634642
NFIA	LNCTAM34A	0.05642690829980368
ZBTB48	PINK1	0.0564158254614985
MAGOH	DNAJC11	0.056375689200928364
AGMAT	MOB3C	0.05636685887634345
CPTP	AC099791.2	0.05636205179318245
ZBTB17	SSBP3	0.05635259999170798
HDAC1	AL445248.1	0.05634407016682538
HIVEP3	TXNDC12	0.056339971610836447
FOXJ3	PANK4	0.056301846508877915
ZBTB48	FBXO6	0.05626529113360534
SSBP3	SPEN	0.05626527928753493
HIVEP3	TMEM50A	0.0562518668878878
AKR1A1	AL050343.3	0.05621215763379693
ZNF362	PIK3CD-AS2	0.05617705095173786
HDAC1	CPT2	0.056172077096541144
VAMP3	ZSWIM5	0.056143873508366894
MYCL	B4GALT2	0.056142396875567595
ZNF691	MTHFR	0.05613661553263567
ZSCAN20	NOC2L	0.056111527423031486
LUZP1	AL050343.2	0.056094541525411636
NFYC	CZIB	0.056093450916306006
PRDM16	FAM167B	0.05609080779808649
HIVEP3	PHACTR4	0.05609065778983876
HEYL	TNFRSF25	0.05607556155077702
KDM4A	FBXO6	0.05605063894517262
KDM4A	VAMP3	0.056046083312179806
CPTP	COL8A2	0.056043933379413394
AGMAT	PNRC2	0.05595422619907406
HDAC1	UBXN10	0.055947520668973884
ASAP3	MIIP	0.05594729897626116
ZNF691	YRDC	0.05594112003506241
NOC2L	TXLNA	0.055933775463840714
HDAC1	BEND5	0.05586771806729221
KDM4A	UTP11	0.05585933158553442
ZCCHC17	TTLL10-AS1	0.05584767584741102
ZBTB48	SZT2	0.055817687237870575
ASAP3	AGO3	0.05578291818646563
ENO1	TNFRSF8	0.055755540919948346
RLF	EPHA10	0.05572040115893663
ZNF436	LINC01772	0.05571416305290426
HES5	OXCT2	0.0557114481384559
HDAC1	MACF1	0.05570294602281494
HDAC1	MYSM1	0.05569211237192478
E2F2	TMEM51	0.05567814462504847
SSBP3	MAST2	0.055672412956330866
ASAP3	EIF4G3	0.05561545884071352
ZFP69B	FAM167B	0.05559485680007715
KDM4A	PPIH	0.055585338869234925
ZFP69	TINAGL1	0.05558060534702366
ZCCHC17	AL606760.2	0.05556611039989296
MTF1	SDHB	0.05555686272708062
E2F2	C1orf122	0.05552936881963087
HEYL	ALPL	0.05550929617113155
DMAP1	ERRFI1	0.05547367023833327
PRDM16	FHL3	0.05543649423177818
PRKAA2	CACHD1	0.05543317932969966
RLF	MANEAL	0.055421252258845526
FOXD3	CDK11A	0.05540244551688383
RUNX3	AL137127.1	0.05539882985163546
SSBP3	THAP3	0.05538388654560941
FOXO6	PABPC4	0.05537339891987286
NFIA	PLCH2	0.055314328964181064
ASAP3	PRDM2	0.05530929254478138
CPTP	EXOSC10	0.05529591546934027
POU3F1	SERINC2	0.05529309288598786
POU3F1	ZNF691	0.05525810626696481
LUZP1	AL139286.3	0.05524052748139217
AKR1A1	RERE-AS1	0.05519167792400943
RUNX3	AL590434.1	0.05517655235059589
ZBTB48	TNFRSF18	0.05515865624803776
NFYC	TMEM222	0.055135104100493604
ZCCHC17	AL356055.1	0.05512966094327745
ZNF684	MECR	0.055116003454120224
ZNF691	NFIA	0.05509850258470633
LUZP1	MATN1-AS1	0.055081428408190615
PRDM16	PTPRF	0.055073599115776806
DMAP1	ZNF436-AS1	0.055063697268964255
ZNF684	ZBTB17	0.05506241643927594
NOC2L	TMEM201	0.05505777890168077
ZNF362	TM2D1	0.05500197521133175
ZNF362	AL358075.1	0.05498515423148979
HDAC1	PDZK1IP1	0.05498447765185558
HEYL	ARID1A	0.05498110337330119
YBX1	ZBTB48	0.05497233194258146
SSBP3	CTRC	0.05496930139568974
ZCCHC17	UTP11	0.05495024106283822
KDM4A	PRDM16	0.05493739192613664
MORN1	NBL1	0.05493451928131269
CPTP	AL020997.5	0.05490599673245863
ZBTB48	AKR7A2	0.05487238634947398
JUN	CRYBG2	0.05484613048959737
ZFP69B	HNRNPR	0.05480577743473002
SCMH1	IFFO2	0.05479003574680188
DMAP1	DOCK7	0.054775078629542534
FOXJ3	FAM110D	0.054768722361281
HIVEP3	KIAA1522	0.05475054844791985
ZNF691	AKIRIN1	0.05474007004615147
HP1BP3	AL109936.2	0.05471008016060728
HES4	DHDDS	0.05468889565390581
ZNF684	RNF220	0.054614783641793646
POU3F1	AL034417.3	0.05461324265138423
NFYC	NOL9	0.054594361214259084
HDAC1	RHCE	0.05459379468341825
SSBP3	KCNAB2	0.05457713078323896
SSBP3	EXO5	0.054556295489202405
TAL1	PDIK1L	0.05454265715947905
FOXD2	EIF3I	0.05453896575158785
KDM4A	EPHA10	0.054456421645392855
GMEB1	EFCAB14	0.05443840708790952
GMEB1	FGR	0.05442948731161197
ZNF436	LINC01359	0.05442674878421855
AKR1A1	CCDC24	0.05441781295121655
NFYC	PRDM16-DT	0.05439032987145345
ZNF362	SRSF4	0.05438792522625895
NOC2L	TMEM53	0.054384499308788053
HES4	RAB42	0.05436719398449062
CPTP	MAP3K6	0.05436329582822629
SFPQ	AC254633.1	0.05435372113295786
ENO1	AL445183.2	0.05434446857884763
NFYC	SFN	0.05429934448987195
HDAC1	FBXO44	0.05429379330534037
FOXD2	PLK3	0.05428109714113304
PRKAA2	STK40	0.05427866848534345
FOXJ3	WASF2	0.05427467836195522
ZFP69	AL021155.5	0.05426266246151794
RLF	AKR7A2	0.05425104721889867
ZBTB17	GMEB1	0.054208246029867006
SCMH1	RCC1	0.05412412304581263
HES4	BEND5	0.05409509358618528
HDAC1	SHISAL2A	0.054079617322442326
ZBTB48	CASZ1	0.054066998407061376
NFYC	ATAD3B	0.05406056363209071
NFYC	PGD	0.054035645505191215
MTF1	COA7	0.054023864431075555
CPTP	MXRA8	0.05401487155129555
HES5	SKI	0.05401016681439497
TAL1	TRABD2B	0.053968188443299904
ZNF684	EVA1B	0.053937395934628776
SSBP3	TSSK3	0.05392083608812344
AKR1A1	BMP8B	0.05387218145076608
SMAP2	AL031005.2	0.053863261186034836
NFIA	AL353622.1	0.05385516936425121
ZNF691	PDE4B	0.05383602641251341
NOC2L	LEPR	0.05383278720143169
RUNX3	MMP23B	0.05382853916300343
ZBTB48	WRAP73	0.05381954155556537
TAL1	EFCAB7	0.05380192533602083
SCMH1	AL139246.3	0.05379921462544895
HES5	UBE4B	0.053793725580311126
HIVEP3	MMP23B	0.0537824788226917
DMAP1	LEPROT	0.05373998315905388
NFYC	AHDC1	0.053717721976732365
DMAP1	SH3D21	0.053716793854412366
E2F2	C1orf174	0.05370951665600059
SMAP2	SLFNL1	0.053704998100187355
SFPQ	TCTEX1D1	0.05368608661470229
MORN1	PSMB2	0.05366261268770252
ZNF362	KCNAB2	0.05360861127883728
ZSCAN20	CAP1	0.053605953219086046
HP1BP3	AL034417.3	0.05359200132524259
NFYC	CENPS	0.05358640779970018
ZCCHC17	AL139286.2	0.05358259653717675
JUN	ICMT	0.05357371477956193
ASAP3	AL590822.2	0.05356653901921255
RLF	AL627309.1	0.053564178255920254
ZFP69B	NADK	0.053562410912019076
NFIA	TAS1R3	0.05355549992893598
ZBTB40	VPS13D	0.05352255653727535
ZFP69B	JUN	0.05351522114158506
NFIA	SLC2A5	0.05351123487821482
PRKAA2	IFI6	0.053509267052353315
E2F2	NBL1	0.05350326785334894
ENO1	IL23R	0.053427312141444895
KDM4A	PPIE	0.05341527213261872
ZFP69	ARID1A	0.05336110344626373
POU3F1	FBXO44	0.05333445543226288
POU3F1	ZNF436	0.053283089116870075
ZBTB40	SLC35E2B	0.05326513657251566
PRDM16	CDK11A	0.053216324059737044
ZBTB40	ZNF436-AS1	0.05320020357068863
PRDM16	C1orf174	0.053180695661748385
AKR1A1	SZT2	0.053151826470548065
NFYC	AL020997.2	0.053150727390102945
NOC2L	TNFRSF4	0.05312035564275464
ZBTB17	NFYC	0.05308714220563288
HES5	GPR3	0.05303784018885454
FOXJ3	AL358075.2	0.05303093591378408
DMAP1	LINC00339	0.05300871890665746
ZFP69B	PUSL1	0.05297984407537288
VAMP3	CASP9	0.05296118315078186
RUNX3	AL162430.2	0.05295012680732004
HEYL	RRAGC	0.05293677897492946
MYCL	MARCKSL1	0.05293416601981542
AKR1A1	XKR8	0.05290410745620438
NOC2L	PRDX1	0.05288818749507827
KDM4A	TTLL10	0.05286451421037444
ZNF436	MEAF6	0.05285620910846673
AGMAT	LINC02596	0.052754983658033903
PRDM16	SCP2	0.05272593009607379
ZBTB17	CCDC17	0.052701228669930676
ZNF684	PARK7	0.052685125312538335
POU3F1	MXRA8	0.05268367348043979
FOXD2	COL16A1	0.05265481243243332
MORN1	CAP1	0.052650697241634466
MORN1	MED18	0.05263318598909796
HIVEP3	PTCH2	0.05263129413002563
ZNF436	TMEM125	0.05260000110138267
POU3F1	LUZP1	0.05245103998179481
AGMAT	NSUN4	0.052428298555535435
ENO1	RAB42	0.05239948602796061
LUZP1	FAM43B	0.05239911957558053
FOXD2	MUL1	0.05237096905519984
MYCL	TXLNA	0.05233105588625945
HDAC1	CELA2B	0.052324046764639004
RLF	FOXO6	0.052312836870520046
DMAP1	SGIP1	0.052245583034826085
NFYC	AL139220.2	0.05223054294309465
ZFP69B	TRIM62	0.052224983925403826
AGMAT	MAP7D1	0.05220012987010626
ZNF436	PARK7	0.05218299990241093
AKR1A1	DDI2	0.05217679079996208
ZNF691	C1orf174	0.05217602638903857
SSBP3	FOXD2	0.05216338695467291
ZBTB17	PRDM16	0.05215849454820964
TAL1	TRIT1	0.05215607812644662
HES4	STPG1	0.0521323327550087
LUZP1	CCDC17	0.05213048407052381
PRDM16	FBXO42	0.052100549267591036
ZSCAN20	MFN2	0.05208190755083007
ZBTB40	IFI6	0.05205610943616229
PRKAA2	H6PD	0.052052929745192565
ZSCAN20	VAMP3	0.05203503563873417
PRDM16	PLEKHG5	0.05203060339447523
GMEB1	KTI12	0.052027445971011894
RLF	PAQR7	0.051963275992803225
TAL1	SELENON	0.05194868971495421
FOXO6	TMEM69	0.05188195913855189
ASAP3	MICOS10	0.05187620102395584
ZBTB48	LINC01128	0.051875108033380114
KDM4A	H6PD	0.05186937839737858
RUNX3	TTC34	0.051867152382194755
NFYC	SF3A3	0.05185548562967163
VAMP3	ZFYVE9	0.05184056116427545
E2F2	TNFRSF1B	0.05183448871193753
HDAC1	INPP5B	0.051794703826050864
RUNX3	AL121992.1	0.05177643990279272
ASAP3	CCDC163	0.051727096686714484
ASAP3	TPRG1L	0.05171986874269346
ZBTB48	ZBTB8OS	0.05169486765682911
NOC2L	AL136115.2	0.051677423703899134
NFYC	CITED4	0.05167128377110386
CPTP	GABRD	0.0516690534183581
HDAC1	TMEM59	0.051635043242158264
LUZP1	NSUN4	0.05161858389494549
AKR1A1	CCDC30	0.051601862555206233
HES4	ZBTB40	0.051593968309038125
PRKAA2	TINAGL1	0.051590627975442435
GMEB1	TTC4	0.05156519615557733
ZBTB48	MIIP	0.05154311502964824
ZBTB48	EYA3	0.051530514379180686
ZNF691	COA7	0.05150665861946816
ZFP69B	LINC01358	0.05148342333022017
E2F2	PEX10	0.05147961005329822
ZNF362	LRRC47	0.05147913240593342
HIVEP3	CCDC17	0.05143444186011324
ENO1	TCTEX1D4	0.05140132606196166
MYCL	NOL9	0.05138307657758261
KDM4A	KPNA6	0.0513823393815073
POU3F1	NFYC	0.0513763167536357
TFAP2E	ENO1	0.05137022993225424
HEYL	AK2	0.05133425534878987
SMAP2	LINC01355	0.05131970651575937
NOC2L	PIGV	0.05131887850357926
FOXJ3	STMN1	0.051314755605288837
ZNF436	TNFRSF4	0.05130709886512191
ZNF684	DDOST	0.05130286490824182
CPTP	KANK4	0.0512384613347692
ZNF362	UROD	0.051227337837867856
GMEB1	SYTL1	0.05121581882509205
SCMH1	FAF1	0.05120354501393274
HEYL	LEPROT	0.05120165357688065
POU3F1	AL031848.2	0.051177127617356134
ZNF362	CD52	0.0511753064923106
HDAC1	TXLNA	0.05113775128457197
PRDM16	LEPROT	0.05111071799973453
VAMP3	PRKAA2	0.05106003255739922
GMEB1	AC254633.1	0.05104721985139308
HIVEP3	PLPP3	0.05104667614932001
PRKAA2	TMEM59	0.05104274486313537
MYCL	PPIH	0.0510214104500151
ZNF436	CCDC24	0.0510148857983638
ZFP69	BX284668.6	0.051010413323106414
NOC2L	ATAD3C	0.051003776127280964
RUNX3	CNKSR1	0.05100359535697577
NOC2L	DHCR24	0.05099315805617158
ZCCHC17	KDM4A	0.05097846435686555
SMAP2	AL662907.3	0.050937466765982764
ZBTB17	GPN2	0.05090185391739091
HP1BP3	FOXD3	0.0509014797900911
ZBTB48	L1TD1	0.05089457113457988
AKR1A1	HCRTR1	0.05086984028866147
NOC2L	ZMPSTE24	0.050858950015173224
NOC2L	ECE1	0.050818614366093216
ASAP3	CASP9	0.05079030439077994
NFYC	FOXD3-AS1	0.05078420827155571
HES4	MUL1	0.050776032943624594
SSBP3	PPP1R8	0.05077118899615963
ZCCHC17	MMP23B	0.05074906177658495
ZNF362	PHACTR4	0.05072957592501023
MAGOH	AL590438.1	0.05069402360191745
EXO5	TTC4	0.05065475571274501
FOXJ3	ENO1-AS1	0.05065249485275919
MAGOH	TMEM51	0.05064833483804041
SCMH1	TMEM50A	0.05062559386041393
VAMP3	SSU72	0.050587722561426365
GMEB1	TACSTD2	0.05055029960264751
NOC2L	NIPAL3	0.05053610352330411
ZNF436	ST3GAL3	0.050499527695240985
AKR1A1	LINC01144	0.05048550016166307
SSBP3	RCAN3	0.050476525206699666
ZNF436	PLK3	0.05046354955941136
ZNF436	ZYG11B	0.05045833704670473
RUNX3	SFN	0.050429057859715284
ZBTB17	RPL11	0.050423884212583335
NOC2L	MAP3K6	0.05040655050825648
CPTP	TMEM201	0.05036558992638773
KDM4A	LINC01359	0.050345420103159844
TAL1	MUTYH	0.05033424197436727
LUZP1	AL139220.2	0.05032115730124031
NFYC	AL590822.2	0.05032069221386813
HES4	MMEL1	0.050291383269134377
FOXO6	MORN1	0.050265834640129244
NFIA	HIVEP3	0.050263805433548685
HES5	CPT2	0.05023510642700405
HES4	RPL11	0.05021091514990018
MORN1	CD52	0.05020816194565425
ZNF436	PUSL1	0.050176892423436474
MTF1	TARDBP	0.05017406248711245
GMEB1	EMC1	0.05016484308232846
HES5	GNL2	0.05015745647212599
ZBTB48	CDC42-IT1	0.0501542776430116
SSBP3	LUZP1	0.050124552132372796
ZNF362	COL9A2	0.050100633615152
RLF	DOCK7	0.050043114435752954
HES4	ORC1	0.05002652754451401
SSBP3	TMEM200B	0.05000611622574403
ZNF684	ACAP3	0.050006060596122
ZBTB48	PTPRU	0.04998529969360582
ASAP3	PSMB2	0.049981123610413916
ASAP3	HP1BP3	0.04997181437112859
NOC2L	CZIB	0.04993655302913538
ZNF436	CPT2	0.049928720636401705
HEYL	ATP6V0B	0.0499177400331353
KDM4A	PTP4A2	0.04989962504969645
FOXO6	CMPK1	0.049896771281779814
FOXD3	AGO3	0.04987537818560597
DMRTA2	LINC01128	0.049858884859257324
DMAP1	NADK	0.04979142322588141
ZBTB48	MYCBP	0.04979108165683198
NFIA	SGIP1	0.04979069210818861
DMAP1	AK2	0.049768306487996856
VAMP3	FAF1	0.04974464696132622
NOC2L	MEGF6	0.04971977654872095
HEYL	THAP3	0.04970306913383844
SFPQ	TMEM51	0.04969613413385363
ZSCAN20	LURAP1	0.04968150674741485
HDAC1	NCMAP-DT	0.04967802517177969
ZBTB40	SPATA6	0.049642394453988645
AKR1A1	MUL1	0.04963001511249546
ZNF691	FBXO44	0.049615364439257875
KDM4A	CORT	0.04961141194296594
DMAP1	PLOD1	0.04960201292237469
PRDM16	CD52	0.049590968868786334
KDM4A	AL135960.1	0.04959004348225359
ASAP3	RER1	0.04957969090121204
HDAC1	TNFRSF1B	0.049574089354661816
VAMP3	MDS2	0.04956417138509492
NOC2L	KCNQ4	0.049562133401326605
NOC2L	ZBTB48	0.04951231543008507
EXO5	ZNF593	0.04949527909680157
ENO1	HTR6	0.049492549362711635
SSBP3	LINC01772	0.04948186196453388
FOXJ3	AL031432.4	0.049460901559267585
PRDM16	RBBP4	0.04943962543264606
ZNF684	AL139220.2	0.04940470097581655
FOXJ3	AKR7A2	0.04940246155868559
FOXD2	PRDM2	0.049383815530793476
FOXJ3	AC119674.1	0.04938268374133259
ASAP3	MTFR1L	0.04935173159907584
PRKAA2	MAP3K6	0.049333487980734385
NFYC	SDC3	0.049318522558003536
NOC2L	PIK3R3	0.04925840939229994
MAGOH	EFCAB7	0.049250259543231804
MORN1	TSPAN1	0.04923202970893141
NOC2L	ICMT	0.04922926885418506
HP1BP3	AL359881.1	0.04919716367546754
ZFP69B	TAS1R3	0.04919646085713301
ZBTB17	RUNX3	0.04918672760918974
FOXJ3	ICMT	0.049177676362934596
ZNF684	TNFRSF4	0.04917222353962741
MTF1	KDM1A	0.049156108490734846
ZBTB48	DDI2	0.0491362107989284
ZNF684	SH3BGRL3	0.04913274269338405
HES4	AL137127.1	0.04913222042436786
HIVEP3	TMEM35B	0.04913075806573853
ZFP69B	MRPL20	0.04912709133548463
ZSCAN20	PEF1	0.04912446917223851
FOXJ3	FAM167B	0.04909693512245451
FOXJ3	MUL1	0.049036759442207666
AGMAT	CAMK2N1	0.04901734456185558
FOXO6	HMGN2	0.04898611796932612
MTF1	RUNX3	0.04898208074277389
ZBTB17	SRSF4	0.04897433988334407
ZCCHC17	AL627309.1	0.04896883059328488
RUNX3	AC099791.4	0.0489341473139622
HES5	FAAP20	0.04885766502756079
HIVEP3	PAQR7	0.04884299929197686
ZBTB17	FAM131C	0.048828134447857524
YBX1	LINC01358	0.04882116042720917
DMAP1	NMNAT1	0.04881632902355765
POU3F1	IPP	0.04881528470914806
SFPQ	AC114488.3	0.048751679819130755
NOC2L	EVA1B	0.0487432959079705
ZBTB17	TMEM54	0.04872797604422961
ZBTB48	ATAD3B	0.04869631061756484
FOXD3	TINAGL1	0.048678417274785904
FOXJ3	SERINC2	0.048637100181383196
MAGOH	VPS13D	0.048595965774393804
HIVEP3	AL450998.2	0.04852141463012492
HIVEP3	TCEANC2	0.0484684569849064
SSBP3	MYCBP	0.04843562209112782
LUZP1	MDS2	0.04837359855454424
ZFP69B	PEX10	0.048367740613562
HP1BP3	CDC20	0.04832584059179423
GMEB1	PHACTR4	0.04827115665292243
KDM4A	IQCC	0.04825919372573178
HDAC1	MED18	0.0482473278617597
SCMH1	CPLANE2	0.048239621791820876
ZCCHC17	LINC01409	0.048203387694534305
FOXD3	TARDBP	0.048199921554606694
FOXJ3	S100PBP	0.04819484804684709
ZNF436	LINC02812	0.048170791981547896
ZBTB17	TTC22	0.04816437520623994
SSBP3	CDC42-AS1	0.04814702514839091
GMEB1	ZNF436	0.04811401545393864
HEYL	THRAP3	0.048106385665335316
RLF	RBP7	0.04804672988738171
GMEB1	AL139246.5	0.048041606529513774
NFYC	FBXO44	0.04802230827189334
ZNF362	RNF19B	0.048011609868147016
HP1BP3	ZNF691	0.048011120826693406
ZBTB40	ID3	0.04798805255518393
DMAP1	L1TD1	0.0479801075287785
RLF	AL805961.1	0.04797403864617727
HES5	AKR1A1	0.04796912849696336
SCMH1	ARID1A	0.04794560098296215
FOXJ3	LINC00115	0.047940421385144844
MAGOH	NPHP4	0.047938208159079926
MORN1	RNF220	0.04793535151635667
MORN1	UROD	0.047918014150789195
JUN	E2F2	0.04791066178198089
POU3F1	PAFAH2	0.04788567089881644
MORN1	SKI	0.04787689575050763
SCMH1	CCDC24	0.04786124607890597
HES4	SFPQ	0.047845043154150196
NFIA	RAB3B	0.04782020946786032
MORN1	LCK	0.04780708424342564
NFYC	CDC42-IT1	0.04779004497549355
FOXJ3	EXOSC10-AS1	0.047769234199214396
NOC2L	RPL22	0.047755665426769775
LUZP1	AL512353.1	0.04775484987922374
ZBTB40	AL136985.3	0.04775077394965979
ZSCAN20	EYA3	0.04770059111856138
HES4	KIAA2013	0.047698990297824526
ZBTB48	CEP104	0.047683734389440624
NFYC	DPH2	0.04767418686649472
MTF1	FAM76A	0.047660994239977626
HES4	AC099791.2	0.04765135119184005
RUNX3	EPHB2	0.04765097427339247
ZNF362	SZRD1	0.0476422974734325
ZNF684	B3GALT6	0.047641119933187516
ZNF362	SVBP	0.04762613703936892
MYCL	DNAJC8	0.04760117211688344
POU3F1	FABP3	0.04759538211990447
FOXO6	CDC20	0.0475914570749368
ZNF362	MAGOH	0.0475864102833846
ZNF436	WRAP73	0.04756688537036271
TAL1	RPS8	0.047538483211345024
RLF	SLC66A1	0.047521633951184854
RLF	PIK3CD-AS1	0.04748122102581962
RLF	AL161644.1	0.04747725702323342
HEYL	AL021155.5	0.047439575741491734
SCMH1	MYCL	0.047424135953738046
VAMP3	SLC25A34	0.04740945264824006
HES4	NSUN4	0.04739754004055035
ZNF691	ACOT7	0.047386662420508964
VAMP3	AL136985.3	0.047383076324734805
HES5	AL450998.2	0.0473625691566337
JUN	EPHA10	0.047338174874878694
NFYC	AKR7A3	0.047336111727887306
HDAC1	BSDC1	0.047329065856514176
NOC2L	FAM167B	0.047327641977771596
NOC2L	EMC1	0.047285767699644224
ZBTB48	LINC02596	0.04728575569917205
MAGOH	KANK4	0.04728462196774661
PRKAA2	HIVEP3	0.04725689174095517
HES5	ST3GAL3	0.04724128826445389
FOXO6	TXNDC12	0.0472004738747823
ZNF362	LCK	0.047191118503862116
NOC2L	HYI	0.04718119613689174
ZNF362	HMGCL	0.047174056370918094
MTF1	CAMK2N1	0.04715008413877708
EXO5	MRPL37	0.04714817356560808
POU3F1	LINC01770	0.04711795106109133
MAGOH	MFN2	0.04710274795572294
ZNF436	AL606760.2	0.04709254438558078
ZNF436	CMPK1	0.04709188097644258
ZBTB17	AJAP1	0.04705042844613372
SFPQ	AL513218.2	0.04704006669225231
FOXJ3	LDLRAD2	0.04703852442252547
SCMH1	ZMYM1	0.047028189092343124
MORN1	SDHB	0.0470139205380749
RUNX3	FAM131C	0.047007077226795216
NOC2L	LINC01358	0.04699428135133809
POU3F1	SDHB	0.046991589764012104
CPTP	PIK3CD	0.04698658584723795
MTF1	PPIE	0.04697680753001475
NOC2L	SNHG12	0.0469736313333737
VAMP3	C1QB	0.04696970083831049
HP1BP3	SCNN1D	0.04696039783847203
RUNX3	FGR	0.0469573464936399
SSBP3	AL033528.2	0.04694358526526962
POU3F1	TARDBP	0.04693639374833127
HIVEP3	ITGB3BP	0.04693554443072476
ENO1	HPCA	0.046926788812906295
MYCL	ZMYND12	0.046921838507290314
RUNX3	PHACTR4	0.04691389757407616
MORN1	AL450998.2	0.046908748087890834
HES5	ACAP3	0.04690644779544766
MYCL	AL606760.1	0.046889989499325636
MTF1	RPL22	0.046878069477843225
MTF1	SLC35E2A	0.0468735151400072
ZBTB17	ATP13A2	0.046873308980214835
ZFP69B	STMN1	0.04686538627762895
ZNF436	KDM4A-AS1	0.04684558520088744
GMEB1	DHDDS	0.04680820194030974
PRDM16	SZRD1	0.046740824667719935
ZNF362	PTPRF	0.046692329091652676
HDAC1	ELOA	0.04667464858083597
MAGOH	SHISAL2A	0.046665151258118404
AGMAT	RRAGC	0.04665886324479087
MAGOH	TMEM51-AS1	0.046640300931454756
ZFP69	TMEM50A	0.04663430020178206
HIVEP3	IFFO2	0.04663285327341131
ZFP69B	AL513218.2	0.046596036013580484
CPTP	MMP23B	0.04654751174297423
HES4	PATJ	0.046536089237629995
NFYC	FO704657.1	0.046531454086629856
POU3F1	MUL1	0.046515452269888666
MAGOH	DMRTA2	0.04649536188365096
NFIA	AL357079.1	0.046476289342178796
ZBTB48	AL031280.1	0.046455620279810705
HES5	LINC00115	0.04644222959266145
FOXO6	PRDM16-DT	0.04643609737571505
ZBTB48	AL031005.2	0.046392066587664746
GMEB1	NOC2L	0.0463916477432313
NOC2L	CDC42-IT1	0.046367394365364405
SFPQ	AL591845.1	0.04635668670626936
HEYL	PSMB2	0.046356179873416996
ZFP69B	UBE4B	0.0463549814939069
RLF	TMEM240	0.0462637767710274
FOXD2	MRPL20	0.04626067044083443
LUZP1	CYP2J2	0.0462389132931056
LUZP1	PTPRF	0.04623064978754164
SSBP3	UQCRHL	0.04619434079741457
HES5	PIK3CD	0.0461042433597041
PRDM16	AURKAIP1	0.0460843141764111
SSBP3	NFIA-AS1	0.04608156666793636
PRKAA2	CITED4	0.046075623491453103
HES4	GPR3	0.046074629229906724
SCMH1	DHRS3	0.046061304533259274
SCMH1	ELOVL1	0.046055995720187204
ASAP3	UQCRH	0.04605110596837734
SSBP3	CNR2	0.046047447364904584
ZBTB48	KDM1A	0.04604085886356599
ZCCHC17	LNCTAM34A	0.04603459463533377
ZBTB48	JUN	0.04596312837831569
ZFP69B	CASZ1	0.04596301678226137
POU3F1	TACSTD2	0.04595242937692242
NFYC	ATP6V0B	0.04592935622240615
ZCCHC17	RERE-AS1	0.04591185808353247
ZBTB17	SMAP2	0.04585231446244181
ZNF362	NOC2L	0.045834927966917405
HDAC1	AL139424.2	0.04583199353864692
LUZP1	PODN	0.04579929870941741
NOC2L	ZMYM1	0.04578172911761318
KDM4A	MKNK1	0.045768570271102225
RLF	SLC30A2	0.0457288637079922
MORN1	AURKAIP1	0.04571482109599967
ZSCAN20	TMEM222	0.0457119177442371
MTF1	ATAD3B	0.045703704943089396
LUZP1	TMEM240	0.04569364108866446
LUZP1	FABP3	0.04569326383577069
HDAC1	CPLANE2	0.045671619021091577
RUNX3	CYP4X1	0.04563273260815802
JUN	GABRD	0.04563006672152358
HDAC1	LINC01359	0.04562437093799835
ZNF691	LINC02777	0.04562062576107538
FOXD2	SH3BGRL3	0.045613846504725886
AKR1A1	TCTEX1D4	0.04559373970822749
SCMH1	NOC2L	0.0455717951113974
DMAP1	EXOSC10-AS1	0.04551420869493231
DMAP1	SELENON	0.04549390223710207
ZBTB48	PRKCZ-AS1	0.04548585576187782
ZCCHC17	AL805961.1	0.045480668504852634
GMEB1	YARS	0.04547440239002613
HDAC1	SLC35E2A	0.045458757262961294
NFYC	PEX10	0.04543561846427789
ZNF691	KAZN	0.04542933570079028
ZCCHC17	MECR	0.04542555689970313
CPTP	EYA3	0.045416157851746616
KDM4A	ATPAF1	0.04541452964418598
MORN1	PRDX1	0.04538169205272941
ZNF684	UTS2	0.045355001043603876
CPTP	FAM229A	0.045349040149747354
ZBTB48	USP24	0.04533476540891726
GMEB1	LINC01226	0.04533168074458729
AKR1A1	PIK3CD-AS2	0.04532967964231608
ASAP3	RPL22	0.045302203599830546
HIVEP3	LINC01137	0.045297321693795155
AKR1A1	CDCA8	0.045292124766213575
FOXJ3	TCEA3	0.045268372160961835
CPTP	NBPF1	0.04526476707160712
RUNX3	THAP3	0.045246018067127663
CPTP	UBE4B	0.045208186445280046
ZFP69B	LEPR	0.04518876670133021
ZBTB48	PHACTR4	0.04518444983334861
VAMP3	TCEANC2	0.04517357071326221
ZNF684	RNF207	0.045155879938392304
SFPQ	ARHGEF16	0.0451512767493875
HEYL	ERRFI1	0.045143763425272605
LUZP1	AL139423.2	0.04513312355213517
ZNF684	TAF12	0.045123465423455245
TAL1	DLEU2L	0.045117507883363266
HP1BP3	DLGAP3	0.04511103370654506
RUNX3	LINC01358	0.045105308375725045
NOC2L	TNFRSF25	0.045104323477788234
SSBP3	AGO4	0.045068878445308144
AKR1A1	DLEU2L	0.045045897660779384
HDAC1	STPG1	0.04504295144275986
CPTP	SRM	0.04502682849139038
NOC2L	ISG15	0.044991959551676106
DMAP1	C1QB	0.04498993759935283
ZNF362	B3GALT6	0.04497999077912295
CPTP	FUCA1	0.04495981814246134
TAL1	AL031432.4	0.04492307296164148
ZFP69B	TAL1	0.04490338684874516
ZBTB40	USP48	0.044897378676930326
ZNF362	CPT2	0.04489676951984581
SSBP3	HOOK1	0.04488432711303195
HDAC1	CCDC28B	0.044865049080750424
AGMAT	MAP3K6	0.044863410259776026
TAL1	TTLL10-AS1	0.04483982520217114
MYCL	ELOVL1	0.044823720783896924
FOXJ3	AL135960.1	0.04482083184493396
DMAP1	DHDDS	0.0447652513181578
ASAP3	SF3A3	0.04473572427480583
GMEB1	IPO13	0.044711874653540165
HP1BP3	ZYG11A	0.044680581957671835
ASAP3	WASF2	0.04466491216940672
MORN1	ARID1A	0.04463626664890764
NOC2L	FGR	0.0446228039903399
ZNF691	OMA1	0.04461417295472453
CPTP	AL513320.1	0.04461288079118254
NFYC	POMGNT1	0.044612549439401024
ZBTB17	DVL1	0.044611067511135666
NFYC	AL109811.2	0.04458818791037718
HIVEP3	ALPL	0.04458582942154162
CPTP	CNR2	0.04456343225802752
HDAC1	SCNN1D	0.04452590566780691
NFYC	RHD	0.044519281984087
ZSCAN20	AL034417.2	0.04450033534815263
NFIA	C1QB	0.0444739899338113
GMEB1	AKR7A2	0.04446319172435659
FOXD2	ZBTB48	0.044463119129042175
ZBTB48	PHC2	0.04445939121215716
NOC2L	SDC3	0.044455546585597194
NFYC	SHISAL2A	0.04443535660630235
CPTP	COL16A1	0.04442185065170402
NOC2L	PDIK1L	0.044406570378604744
HIVEP3	HYI-AS1	0.04436456435079055
MTF1	MRPL37	0.044360112247196375
VAMP3	AKR7A3	0.04435766889061967
ZBTB17	DNAJC8	0.04434778500635349
GMEB1	SF3A3	0.04434018434312268
SSBP3	DNAJC16	0.04432665062173174
MAGOH	CELA2B	0.04429993222844376
RUNX3	AL512353.1	0.04427350384207601
POU3F1	ZFP69B	0.044270794359454226
AKR1A1	TNFRSF14	0.04426469484689089
ASAP3	AL020996.1	0.04424982374571942
LUZP1	CYP4X1	0.04420854824154367
MTF1	PIK3R3	0.0441912733252773
ENO1	AL513327.1	0.04413457278034798
HIVEP3	SLC2A1-AS1	0.04412694286965654
ZNF362	POMGNT1	0.04410395514119405
LUZP1	PRKAA2	0.04408807050477999
CPTP	LRRC41	0.04408080379957758
SCMH1	AK2	0.04407294459097527
ZBTB40	PHACTR4	0.044068152767715175
MYCL	VAMP3	0.04403974790302928
KDM4A	AGTRAP	0.044013578253701946
HDAC1	NFYC-AS1	0.04398332219294913
GMEB1	EFCAB7	0.04396798136845566
LUZP1	FAAH	0.04393197038728544
FOXJ3	EPHA10	0.043909376247322114
DMAP1	ECE1	0.043902351657130384
NOC2L	MFN2	0.04387438487452809
ZCCHC17	AL445183.2	0.04384639977378591
NOC2L	CELA2A	0.043832150237673895
MTF1	TCTEX1D1	0.04382541923908865
SFPQ	ACOT11	0.04377517603174932
ZBTB40	ESPN	0.04374029930909182
HDAC1	AC093425.1	0.043727149222819985
ZBTB17	EIF4G3	0.043719172004177735
MTF1	LRP8	0.04371739201573425
POU3F1	LINC01767	0.04371700011837671
SFPQ	IFNLR1	0.04371218527019758
ZNF684	IPO13	0.043706726728007156
MYCL	RNF207	0.0437059670968705
MTF1	PHACTR4	0.04370104617547235
E2F2	UTP11	0.043698651414984316
ZNF436	PANK4	0.043683646594345885
TAL1	EIF4G3	0.043680228634342434
MYCL	CPTP	0.043663403699299476
SSBP3	MATN1	0.043606335079416136
CPTP	NIPAL3	0.043598735329761544
ZNF436	CYB5RL	0.043586246808597726
ZNF684	PSMB2	0.04358133302791429
DMAP1	MTFR1L	0.043559948664452876
ZNF691	LINC00115	0.04355508200428692
LUZP1	MYCL	0.04354377786044468
HEYL	TRAPPC3	0.04353276738540317
FOXD3	ACAP3	0.04352942731761282
NFYC	ZFP69	0.04350306094033611
DMAP1	SKI	0.04347278623966867
DMRTA2	PSMB2	0.04347043404225215
GMEB1	UTP11	0.04346599941870198
ZNF691	TNFRSF1B	0.043460712543122754
PRDM16	FAAH	0.04345429155074046
KDM4A	HES4	0.043448773812222535
FOXD2	CAMK2N1	0.04344512477206403
LUZP1	TRIM62	0.04344388177603996
VAMP3	AC254633.1	0.04340463769386845
NFYC	AL604028.1	0.04337891712325059
TAL1	UTS2	0.043332636056223346
ZBTB40	SELENON	0.04332959858011994
ASAP3	CITED4	0.04330641993972759
KDM4A	SDHB	0.043305972988924836
ZFP69B	PIK3CD	0.04328656727473298
ZNF362	TACSTD2	0.04323283335231662
RUNX3	C1orf50	0.04323029779680804
HIVEP3	AL031848.2	0.04320534492514894
ZFP69	PNRC2	0.043199467196423015
ZFP69B	ACOT7	0.043193529548394276
PRDM16	INTS11	0.04317697666667616
AKR1A1	SFN	0.04317635898946965
TAL1	SLC45A1	0.04317091669354543
TAL1	ZSCAN20	0.04315337198100459
RUNX3	FABP3	0.04315187046795466
ZFP69B	THAP3	0.04314157187305982
ZNF436	TMEM52	0.043134687720003374
FOXD3	UTP11	0.04310960625849074
ZBTB17	KIAA2013	0.04310753895934004
MYCL	LRRC47	0.04310357576741168
FOXJ3	UBXN10-AS1	0.0431002178635037
FOXO6	TXLNA	0.043099839861091734
MAGOH	MOB3C	0.043097865932588075
DMAP1	UTS2	0.043081593578980726
FOXD3	RPA2	0.043077282655057385
NFYC	PLPP3	0.04303455685366378
ZBTB17	PLPP3	0.04300445844805963
SCMH1	TMEM35B	0.04299865806047405
ENO1	PRDM16	0.042991559155748406
RUNX3	DNAJC6	0.04298906242276747
MTF1	PDE4B	0.04295960155514042
ZBTB48	RCAN3	0.04294342850816437
ZNF684	FHAD1	0.042914417484714654
AKR1A1	SLC1A7	0.04288850550953763
ZFP69	KIAA0319L	0.042861654006704206
PRKAA2	DMAP1	0.04285144653579979
LUZP1	BX284668.2	0.04283658337330408
ZNF684	FUCA1	0.042835601396905676
KDM4A	MATN1-AS1	0.04279455035420965
ZNF362	MIB2	0.042771966959818726
FOXD2	SPEN	0.04276538546935091
HES5	TNFRSF14-AS1	0.04275956650258429
ZBTB40	SERINC2	0.042747015971807543
ZBTB40	MEGF6	0.04274162147670534
HES5	FAM110D	0.04273274616948731
ZBTB48	TENT5B	0.0427260926498127
MTF1	FAM110D	0.04272231853122487
HIVEP3	CACHD1	0.04271518434142491
ENO1	AL034417.3	0.04270336400275509
SCMH1	TMEM200B	0.04269878943533538
ZBTB40	GNL2	0.042692601564417836
ZBTB17	AL360012.1	0.042668451089705434
LUZP1	DISP3	0.04266268357954229
ZNF691	CEP85	0.04265307220760515
NFIA	MUTYH	0.042651896803593305
MYCL	TTLL10	0.04263013987090847
AGMAT	PSMB2	0.04261009601642369
HP1BP3	MMP23B	0.04260316004429462
LUZP1	ATAD3B	0.042582162504088014
HP1BP3	DMRTA2	0.04255255588685933
FOXJ3	EMC1	0.04254698297104539
TAL1	CYP4B1	0.04253206298249575
ZBTB48	WASF2	0.04252738983126951
HDAC1	AL137127.1	0.04250457464108912
HES4	AL590822.3	0.04250430608738503
GMEB1	LINC01137	0.042495911771819044
ZBTB48	DHRS3	0.042483357815940995
RUNX3	ZYG11A	0.04247838471026392
ZCCHC17	AL513218.2	0.04246849959990266
ZNF684	KIAA1522	0.04246518566969854
HES4	LINC01715	0.042435896652861335
FOXJ3	AL604028.1	0.042435775402961014
VAMP3	AL606760.3	0.04241591204217051
DMAP1	EMC1	0.04240161560917533
VAMP3	ATP13A2	0.042385204985298484
ZBTB40	NFIA	0.042356241850008
NOC2L	TACSTD2	0.042323200924471796
HP1BP3	CDCA8	0.042315569378425816
SSBP3	CNKSR1	0.04228257183501493
SFPQ	ZMYM1	0.04226272306735662
MORN1	SMIM12	0.04225464169153036
PRDM16	MAD2L2	0.04225167953548109
LUZP1	AL139424.3	0.04225045017931267
MORN1	TIE1	0.04224928541770698
ZBTB17	EBNA1BP2	0.04224389466810303
POU3F1	AL606491.1	0.04224366972751816
POU3F1	VWA1	0.04223442276670798
ZNF691	SYNC	0.04221932593034766
FOXJ3	UQCRHL	0.04221714213217908
ASAP3	NFYC	0.042204444956025704
VAMP3	FBXO6	0.04219517865072964
SMAP2	TTC39A	0.04219272986145635
FOXO6	TMEM222	0.04217215814902177
FOXJ3	NOL9	0.04217022494335131
SSBP3	LEPROT	0.042134711491603236
HP1BP3	FABP3	0.04213409076525012
SFPQ	TTC34	0.04211171898984797
ZNF691	GRIK3	0.042101325401257036
DMRTA2	MTFR1L	0.04210102220328238
ZBTB48	SMIM12	0.04209987288991489
ENO1	ICMT	0.042097314920078246
ENO1	MAST2	0.04209331409429641
TAL1	RCC1	0.04207870020768783
ZNF684	HSPG2	0.042065154356825674
SMAP2	TCTEX1D4	0.04204277847560373
FOXD2	RCAN3	0.042042091942531154
SCMH1	UBXN11	0.04202877316253377
ZFP69B	HIVEP3	0.042021667191209824
ZBTB48	ZDHHC18	0.042012666023703425
RLF	CDK11B	0.042010026053864544
ZFP69	LINC01144	0.042009026583456864
AKR1A1	AGMAT	0.042008200229399335
POU3F1	NBPF1	0.04200717596118678
ZBTB48	KLHL21	0.041942371316213076
NOC2L	RIMS3	0.0419047832339402
LUZP1	AL805961.1	0.04187741471543162
SCMH1	AGRN	0.041872116509483345
ENO1	AL591845.1	0.041868518665147236
KDM4A	MXRA8	0.04186018279978432
RLF	AL357078.2	0.041859700937288614
ZNF436	AC093425.1	0.04185377928285291
ASAP3	FCN3	0.041835415938625234
GMEB1	PPIH	0.041820148529241014
ENO1	RHCE	0.04181502004283997
CPTP	C1QC	0.04180046956383364
VAMP3	AL139289.2	0.04177670828034879
VAMP3	SCNN1D	0.041759723861198986
ASAP3	AC119674.1	0.041747144817349695
TAL1	NCDN	0.04173790341548423
PRDM16	BX284668.2	0.04172378531899646
HP1BP3	AL136985.3	0.04168611828464658
ZFP69B	AKR1A1	0.041650079598287496
ZBTB48	MYSM1	0.041639971274445534
ZBTB17	SMIM1	0.04163921627243689
ZBTB40	XKR8	0.04163758485075382
HES4	TESK2	0.041636561343432736
ZBTB40	KAZN	0.04163395377722599
MYCL	DOCK7	0.04162297276348029
POU3F1	MATN1-AS1	0.04159570547149201
ZFP69	TMEM52	0.04155258417330672
HES5	STX12	0.041549112031755216
ZBTB40	MXRA8	0.04151332797628632
ENO1	OXCT2	0.041495688948745946
MTF1	RPA2	0.04149548822957067
ZFP69B	AL360012.1	0.04146970926258042
PRKAA2	DNALI1	0.04146490081969784
RLF	ARHGEF16	0.04144349869420949
TAL1	AL034417.2	0.0414371768447288
KDM4A	KLHL21	0.04142245107673325
NFYC	ZSCAN20	0.041414442267898324
SMAP2	LINC01137	0.04140475423487474
HP1BP3	RAB42	0.041400472129242645
ASAP3	ID3	0.041377231219649556
MAGOH	AL021154.1	0.041332617242528
ZNF691	DDOST	0.04132557517252772
HES4	FO704657.1	0.04126136092612095
NFIA	CAMTA1-DT	0.04125036483580569
NFYC	KIAA2013	0.04124518483193317
PRDM16	CYP4B1	0.041244838731625315
ZNF684	CLSTN1	0.041209074100784504
ASAP3	MED18	0.04119331369889543
POU3F1	VPS13D	0.04118763034597057
ASAP3	STMN1	0.04117192714707303
NFYC	MFSD2A	0.041170051876804996
AKR1A1	AL139423.2	0.0411354812443394
SFPQ	RHD	0.04111868020628631
TP73	FBLIM1	0.04108418416692203
RLF	ORC1	0.041079218352443894
CPTP	AC114488.3	0.041027599476216925
PRDM16	RUNX3	0.04101000956181123
TAL1	DISP3	0.04097827387398869
FOXJ3	BX284668.6	0.04095815592983629
ZNF691	LYPLA2	0.04095194931395248
HDAC1	AUNIP	0.04090702501474221
ZNF436	RNF207	0.04090545605268692
GMEB1	TMEM200B	0.04083439256768759
HDAC1	ZNF362	0.04081394618752099
EXO5	DNALI1	0.04079889038364258
HP1BP3	TMEM269	0.04079450399994643
KDM4A	HSPG2	0.04077560399967215
MORN1	ATP6V0B	0.040765097309837836
EXO5	CDC42	0.04074967368975497
GMEB1	ROR1	0.040745060261763354
VAMP3	TTC39A	0.04071435715830927
KDM4A	ZSCAN20	0.040701549635855705
MTF1	CTPS1	0.04070065929219211
NFYC	BEST4	0.04068536540018053
SMAP2	EXTL1	0.040630457766069744
SCMH1	LINC02777	0.040609867235846135
RLF	AL034417.4	0.04059728630188108
ZFP69B	TMEM51	0.04057322641320709
HEYL	BX284668.5	0.04056225332865558
TAL1	ITGB3BP	0.04055237259506958
FOXO6	CDKN2C	0.040513398932872126
SMAP2	AL135960.1	0.04051197939139551
SFPQ	AL603839.3	0.040483500996163255
NOC2L	NFIA-AS1	0.04046973671218592
ENO1	AL137127.1	0.04043521780268936
ZBTB40	ATG4C	0.0404323562029129
AKR1A1	AL139289.2	0.040428540516440646
PRDM16	EVA1B	0.04042406519243181
NOC2L	CALML6	0.04041088164904395
HDAC1	AL031005.1	0.040403689450701566
RLF	KANK4	0.04040024964166549
HES5	SYF2	0.04035665132339498
ZCCHC17	TSSK3	0.040352639470279165
MTF1	SSBP3	0.04034773919336077
MYCL	ZNF436	0.04031714269939137
NFIA	LINC01359	0.04031236829110425
MTF1	AL691432.2	0.04030162002505232
SCMH1	TMEM240	0.04029705675176953
ZNF436	DNALI1	0.040278224940069676
PRDM16	MYCL	0.040255756616165754
KDM4A	NBPF1	0.040255745803215615
NOC2L	TCTEX1D1	0.040225600635486386
PRDM16	AKR1A1	0.04021988865385287
ZFP69B	SRSF4	0.040215011465024
MAGOH	TCTEX1D1	0.040190218329179524
SFPQ	AL513493.1	0.040188415995643954
MORN1	AC114488.3	0.04018737454807125
TAL1	HECTD3	0.04015988157234633
MTF1	NFYC-AS1	0.040155765249216636
POU3F1	FBXO6	0.04012261624661527
ZNF691	CLSTN1	0.040059873279138944
MAGOH	AL391244.2	0.04005438004920969
MORN1	MRPS15	0.04004957913611797
ZBTB40	TMEM59	0.04004812182776059
ZNF362	PIK3R3	0.04004722942743991
HES5	RNF19B	0.0400202977822354
ENO1	SLC1A7	0.04001454098091935
ZBTB48	P3H1	0.04001399176197665
KDM4A	FAM167B	0.03998487810208456
ASAP3	ROR1	0.03997713469200542
AKR1A1	BTBD19	0.0399546221712977
ZNF684	TAL1	0.03993055897136224
SSBP3	MIR4422HG	0.039930305607118306
ZFP69	ERRFI1	0.03988688712554028
MORN1	LINC02777	0.03987650807758491
SMAP2	TMEM269	0.039873951659123955
GMEB1	ICMT	0.03986108298682132
HDAC1	FBXO42	0.039808083145807555
ZNF691	LEPROT	0.0397989025535281
HIVEP3	SVBP	0.03975918427991413
HES4	UBXN11	0.039755812930278384
ZNF691	UBE4B	0.039751004354890096
PRKAA2	CTNNBIP1	0.039746648797680764
ZFP69B	LRRC42	0.03973673867266201
ZBTB17	EPHA10	0.03971757387471938
ZSCAN20	SELENON	0.039697056964175935
ZNF436	AL691432.2	0.0396940286757494
DMAP1	PUM1	0.039684379981512856
ZCCHC17	RCAN3	0.039674632169363996
KDM4A	RPL11	0.03964899435886635
ASAP3	PRDX1	0.039648033131147516
POU3F1	GMEB1	0.03962970415741404
SCMH1	SZRD1	0.03961744437399045
FOXD2	PPCS	0.039612254036868286
CPTP	WDR78	0.03960929942602849
SCMH1	RBP7	0.039603683659451126
YBX1	ZNF362	0.0395977869420262
MTF1	WDR78	0.03957075436078753
HIVEP3	TTC4	0.03956662976405081
ENO1	FNDC5	0.03956239310406042
FOXO6	CC2D1B	0.039559308746421475
NFYC	CAMK2N1	0.03955110689810176
FOXJ3	ZYG11A	0.03954850145152766
HDAC1	LINC00115	0.039539398789098595
ASAP3	ARHGEF10L	0.03953377483289713
HES5	TMEM200B	0.03948434112345412
ZCCHC17	DISP3	0.03947588330555349
MYCL	NADK	0.039440499535658015
POU3F1	SRSF4	0.039419909577716794
ZNF436	AL031280.1	0.03939544612849749
AKR1A1	SLC35E2A	0.03939297463433264
HDAC1	TPRG1L	0.03938553718246967
ZBTB48	FUCA1	0.03937843160781668
HIVEP3	SMAP2	0.03935048698409008
VAMP3	LYPLA2	0.039347429669924994
POU3F1	ISG15	0.0393291810814671
NFIA	MIR34AHG	0.039323169216166236
NFYC	FHAD1	0.03931157717811177
ZBTB40	MTF1	0.03930535432477392
HIVEP3	HYI	0.03928893742639968
ZFP69	PEX10	0.039260101755967905
AGMAT	NASP	0.03925831971443783
FOXO6	TINAGL1	0.03924863750578928
RLF	UBXN10	0.03924787284242352
MTF1	PEX10	0.03923397125718326
ZNF436	ARTN	0.03917166689938061
ZNF684	SMPDL3B	0.03916851480181573
VAMP3	DDI2	0.039151987305820125
ZNF436	HIVEP3	0.039132887972136834
ZCCHC17	OXCT2	0.03910266910934418
POU3F1	AL031432.4	0.03908069613964554
POU3F1	MTFR1L	0.03907122479079336
ZNF362	ECE1	0.03904360631955975
ZBTB17	GPX7	0.03903369730295958
NFYC	LURAP1	0.03899295247071075
GMEB1	NUDC	0.0389881706661869
POU3F1	SFPQ	0.03896967704940397
DMAP1	CNR2	0.038968312075137845
ZBTB48	TTLL10	0.03894474281475402
ZBTB17	COL8A2	0.03894173334946855
NFYC	ALDH4A1	0.038930234645648126
POU3F1	USP24	0.038925724580739965
ASAP3	TMEM201	0.03892199448857801
POU3F1	HOOK1	0.03887503102431986
SCMH1	DVL1	0.0388406383878225
FOXO6	DOCK7	0.038839562312324175
DMAP1	FNDC5	0.03881113031535522
CPTP	KPNA6	0.03880985558327724
NOC2L	CAMTA1-DT	0.038797145461041155
FOXJ3	EVA1B	0.038789015587268175
HES4	WASF2	0.03876652994893529
ZNF362	DNAJC6	0.03872861929243412
DMAP1	FAAH	0.03870925550413482
ZCCHC17	AL136115.2	0.03869518688802889
AGMAT	DDI2	0.038666363450365275
ZBTB40	HSPG2	0.038659256792136144
GMEB1	RPS8	0.038612264935097444
POU3F1	LYPLA2	0.03856420509171748
NOC2L	RCC1	0.03855663033471038
MORN1	PIK3R3	0.0385021525665005
POU3F1	ERI3	0.03850094168075919
HES5	HPCAL4	0.03848927094624083
HES4	ALDH4A1	0.038478879956148015
FOXJ3	AL161644.1	0.038458094628472474
ENO1	MMACHC	0.03844137913487802
HP1BP3	PTAFR	0.038423825280239986
HES5	LINC01128	0.03841236799957007
MORN1	EXOSC10	0.038390626532746094
HIVEP3	PLOD1	0.03838060627057446
NFIA	AL137857.1	0.038367395826216885
MAGOH	MAST2	0.038357906349173375
DMAP1	HES4	0.03835465975464133
JUN	Z97987.1	0.038340282448779316
VAMP3	SLC35D1	0.03833829316686154
MYCL	SMIM12	0.03833132722250889
FOXO6	ID3	0.03828324141555937
HP1BP3	CYP4B1	0.038274837186539935
EXO5	MFN2	0.03826880346554127
RUNX3	DNAJC11	0.03826796082573713
KDM4A	PINK1-AS	0.03825147765506652
HES5	LDLRAP1	0.03821393320496633
ZSCAN20	TMEM50A	0.03820319489146265
ZNF436	STK40	0.038198080812649374
DMAP1	CDC42-AS1	0.03819219000967898
TAL1	DOCK7	0.03816094928295251
ZNF362	ENO1-AS1	0.038151048342927284
ASAP3	NBPF3	0.03812418689010744
KDM4A	TEKT2	0.038111886032300195
NFIA	AC004865.2	0.03806894658329591
DMAP1	AL034417.2	0.03806118920773899
ASAP3	ZCCHC17	0.03805473741358562
RLF	AL096840.2	0.038025577359854526
NOC2L	SESN2	0.03800623226037585
ZBTB17	AL358075.2	0.03800585072312342
E2F2	CEP104	0.038005280360771394
CPTP	C1orf167	0.03798702568086867
TFAP2E	LCK	0.037981494547889905
GMEB1	MATN1	0.037960156178926896
NOC2L	HPCAL4	0.03795843953552068
AKR1A1	MORN1	0.037945730048708264
MORN1	EMC1	0.037903613518226555
HES5	MATN1-AS1	0.03787613461402052
VAMP3	FNDC10	0.037804305478190976
POU3F1	TENT5B	0.037791760654586275
NOC2L	CEP104	0.03778882864682296
ZNF362	CAMTA1	0.03775827097857365
SCMH1	PER3	0.03775537222201398
MTF1	COL9A2	0.03771308693633813
NFIA	HSPB7	0.03769414740904909
HDAC1	CCDC24	0.03767687454789892
ZFP69	GNB1	0.037665848168586945
ZNF362	ERRFI1	0.037648897729688845
AGMAT	TMEM240	0.037622308526934226
ZNF684	B4GALT2	0.037618416492583316
SFPQ	AL606491.1	0.03761320018177312
HEYL	PUM1	0.037612026872051556
ZBTB40	DDI2	0.03760671093020272
PRKAA2	AC093151.8	0.03760352956515706
AGMAT	ZDHHC18	0.0376003194594083
SCMH1	TRNP1	0.037597155214800095
ZFP69	KHDRBS1	0.0375933290374499
TAL1	MMACHC	0.037583543394831394
ENO1	FABP3	0.03750928459407766
DMAP1	ELOA-AS1	0.037507458974679594
CPTP	AURKAIP1	0.03750661261158986
MYCL	KIF17	0.03750586518454902
FOXJ3	DLGAP3	0.03747858923349806
RLF	IPP	0.037421749700138805
MYCL	IPO13	0.037385524394010744
DMAP1	LAPTM5	0.03733893377193113
GMEB1	KHDRBS1	0.037334890104947456
ZFP69B	KHDRBS1	0.03728029131804566
ZNF684	LAPTM5	0.03727968465251584
SSBP3	AL645728.1	0.03726686843293678
MORN1	NOC2L	0.03726608826938452
ZFP69	NSUN4	0.03726264259355542
HES5	UQCRH	0.037256403448858
RLF	AL137127.1	0.03724528853766538
ZBTB40	CAMTA1	0.037213334034741946
ZBTB48	AL391244.2	0.03720220830931143
DMAP1	OSBPL9	0.03719221276934429
DMAP1	SAMD11	0.037184133966336
CPTP	KIAA0319L	0.037178438322502845
NFIA	CRYBG2	0.03716251020299214
MORN1	DMAP1	0.03715778347178507
HIVEP3	FAM76A	0.03715651760395507
TAL1	AL450998.2	0.037131691133704264
NFYC	DISP3	0.03712170954268931
MORN1	CMPK1	0.03711408336886422
KDM4A	C1orf50	0.03709497486458759
MORN1	SLC2A1	0.03708660356089997
ZCCHC17	AL137127.1	0.037079946388885926
ASAP3	AC093425.1	0.03707958735526825
NFYC	PLCH2	0.037063077598456326
NFYC	EXO5	0.037058279293841034
HES4	AL356055.1	0.03704845880641979
MORN1	TM2D1	0.03704728074213231
MTF1	TMEM200B	0.03703829952340723
ZNF691	DHRS3	0.03703672765921447
HES5	HEYL	0.03702746052528666
MORN1	SELENON	0.0370091314652171
DMAP1	FAM41C	0.036966740458559466
ASAP3	RAVER2	0.03695930711702152
NOC2L	SLC66A1	0.0369218245483785
SSBP3	CCDC17	0.036919182289289754
NFIA	AL034417.3	0.03691100591083254
NFYC	GABRD	0.03690700440256771
HES4	TAS1R3	0.03689668876212502
KDM4A	FBXO2	0.03686509305441279
ZNF684	LEPROT	0.03685151340880884
FOXJ3	PAFAH2	0.03684738868535203
MAGOH	FHAD1	0.03683316207331863
EXO5	RER1	0.03681857697244776
ZNF691	TRNP1	0.03679157437583065
LUZP1	SAMD11	0.036778283650518155
MTF1	PLEKHG5	0.03677316310883093
TAL1	HDAC1	0.036740253485966365
SCMH1	LINC01128	0.036727507898987787
HDAC1	ZBTB40	0.03669360150918702
JUN	AL139424.3	0.0366653521703686
LUZP1	E2F2	0.03666298579053386
ZBTB40	AK4	0.036634397861045075
ZBTB40	LURAP1	0.036633231063572996
NOC2L	LINC01135	0.03662833434653836
ZBTB48	C1orf122	0.03662185287495549
MAGOH	AL161644.1	0.03661913630698965
KDM4A	STK40	0.03661408977932047
SCMH1	LEPROT	0.0366139065734808
MAGOH	TMCO4	0.036612439899029375
ZCCHC17	YTHDF2	0.03661117792453891
MTF1	C1QTNF12	0.03659505018405422
ZNF691	EPB41	0.03657701394638234
ZBTB40	COL16A1	0.03654848617507899
GMEB1	SRRM1	0.036532632220019505
ZBTB48	MED18	0.03651224232761609
HP1BP3	SGIP1	0.03650927943011623
FOXD3	ADPRHL2	0.03650242898210826
HES5	PDIK1L	0.036495781951255996
HES5	PRDM2	0.036479590232593305
RLF	EVA1B	0.03646287729028081
HES5	THEMIS2	0.03645573393529792
GMEB1	AL139423.1	0.036454636616140096
NFYC	CDC42	0.03644600652871555
POU3F1	TNFRSF4	0.03641488715048269
MTF1	STIL	0.03637931852848347
MORN1	CACHD1	0.03633202524707241
ZFP69	TCEA3	0.036318069475764554
ZBTB17	HES5	0.03631342052961846
GMEB1	TINAGL1	0.036304169162891635
NFIA	MIR4422HG	0.036294199018812416
CPTP	SZT2	0.03629030791535222
LUZP1	DNAJC16	0.0362811489571469
FOXD3	AKR7A2	0.036277678741194995
HES4	RCAN3AS	0.0362685499853911
ASAP3	MMP23B	0.03625959921545035
AKR1A1	KDM4A-AS1	0.03625854017258387
NFIA	AL050343.2	0.03625698011736164
POU3F1	NSUN4	0.03624861887213556
MYCL	C1orf50	0.036245327099388165
FOXO6	EPHA2	0.03624504931736532
ZFP69B	RNF19B	0.03624079186402284
HES5	P3H1	0.0362321630345825
ZNF436	MANEAL	0.03617303633400626
KDM4A	FAM41C	0.03616629057940911
VAMP3	PEX14	0.03616017653349572
RLF	PODN	0.03614372536781214
HIVEP3	CAPZB	0.03614324969413735
ZSCAN20	MATN1-AS1	0.03613003980194908
HIVEP3	ADPRHL2	0.03612413638568825
NOC2L	NCMAP-DT	0.0361207238221429
GMEB1	AC119800.1	0.036101428046866973
ZCCHC17	PSMB2	0.03609541799916191
ZFP69	EIF3I	0.036063927337947374
ZNF684	GALE	0.03606141990022776
NOC2L	TMEM269	0.03605869742813517
MYCL	EMC1	0.03603903925108248
SSBP3	AL031283.1	0.03602656384445823
HIVEP3	B3GALT6	0.03600779893542634
HIVEP3	SRSF4	0.03599260938858469
SSBP3	LINC01355	0.03598933979152333
POU3F1	FNDC5	0.03598651980546598
EXO5	PEX10	0.03597904084030739
ZNF684	UROD	0.035961882526824904
ENO1	LINC01783	0.035927984140913395
SCMH1	AL034417.4	0.03591663578433933
NFYC	NBPF1	0.03591188167891039
ZNF684	AK4	0.035879394018544626
SSBP3	LZIC	0.03587149991502989
HIVEP3	ENO1-AS1	0.035866296842273104
SSBP3	CAMK2N1	0.03585464981489485
ZNF436	AL590434.1	0.03584703418578434
ZNF684	PDIK1L	0.03582995690169931
HIVEP3	ZMYM4	0.035815293061268794
NFYC	AL606760.3	0.03578960426586848
HDAC1	PODN	0.035770702695797116
AKR1A1	CAMTA1-IT1	0.03575472342335872
SCMH1	AL139246.5	0.03575178080471078
DMAP1	AL031985.3	0.035707360407912614
KDM4A	PHF13	0.03568799054104374
FOXD2	ECHDC2	0.03567676237195241
KDM4A	SNHG12	0.035660833166438755
HDAC1	HCRTR1	0.035655139326171946
ZNF362	CCDC24	0.03565127806681551
NOC2L	AL353622.1	0.0356454390346979
NFYC	TRABD2B	0.03562456368143566
POU3F1	ZBTB40	0.03561634648361244
SFPQ	ALDH4A1	0.03561429938569468
ZNF362	HSPB7	0.035603382684643914
ZNF362	ZSCAN20	0.03559715998010213
NFYC	MXRA8	0.035591241078311436
DMAP1	AL139220.2	0.035579085883453744
CPTP	EIF2B3	0.03553043298111163
ENO1	AL590438.1	0.035499186466073904
ASAP3	ATAD3C	0.03548999006301999
VAMP3	ACOT11	0.03548941645885515
NOC2L	LINC02596	0.03548172504755813
PRKAA2	PER3	0.03548163467034863
HDAC1	UBXN11	0.03548148620962503
HDAC1	LINC00339	0.03545613910004335
SMAP2	AL021154.1	0.035435182844163186
ZNF436	SH2D5	0.03541521266684334
HES4	CPLANE2	0.03541421581192877
DMAP1	C1QTNF12	0.035407534685898884
HEYL	PTPRF	0.03538463129539593
MTF1	FAAP20	0.035370862781109784
HP1BP3	ARHGEF10L	0.03534927113523096
POU3F1	ZMPSTE24	0.03533170840008439
ENO1	AL359881.1	0.035316409567288695
NOC2L	PLPP3	0.03531137532382786
HIVEP3	FAF1	0.03530965634658101
MTF1	ID3	0.03526812342059141
NOC2L	TCEA3	0.035252040493136017
LUZP1	KDF1	0.035196843214030486
GMEB1	NDC1	0.03519329465497521
NFIA	DFFB	0.035183190959101975
HES5	PRPF38A	0.0351813731129763
HIVEP3	TACSTD2	0.03514890317621984
MTF1	HNRNPR	0.03512667343227693
SCMH1	KDM1A	0.035122370746581776
NFYC	NIPAL3	0.03510208623617372
ZSCAN20	CPTP	0.03507635880347615
HES5	ATAD3C	0.03507517276906071
NFYC	TTC22	0.03506851286936625
ZBTB40	AKR1A1	0.03506086139333163
POU3F1	ID3	0.03500527343221792
ZBTB40	PUSL1	0.03499809727061088
SSBP3	ZNF436-AS1	0.03499690541721857
NOC2L	MIR4422HG	0.03498904012995164
ZSCAN20	TMEM35B	0.03496652265393326
KDM4A	ARMH1	0.03496052052080183
AKR1A1	ZYG11A	0.034941635672211466
NFIA	MANEAL	0.03493489702831052
ZBTB48	PATJ	0.0349346119592815
HIVEP3	ACOT7	0.03493335241890316
VAMP3	MTOR	0.03492664970992894
ZCCHC17	AL031283.2	0.03492287977603666
SSBP3	RHD	0.03490702013003128
GMEB1	ISG15	0.034896545314748395
CPTP	GPR153	0.0348917560806777
ZNF362	PIGV	0.034875631687903544
MTF1	CAP1	0.03487445142358294
KDM4A	KCNAB2	0.034872316091601595
HDAC1	ID3	0.03485091680996762
RUNX3	ZMYND12	0.034845607589893766
ZNF362	INTS11	0.03482997385491765
NOC2L	ELOVL1	0.034824911384854586
DMAP1	RNF19B	0.034818273837195365
DMAP1	LINC02606	0.03479491671246202
ZFP69	TTLL10	0.03476902044346245
ZFP69B	PRDM2	0.0347075281832421
ENO1	LINC01355	0.03470131206032781
MTF1	CDA	0.03469733428043338
FOXJ3	TTC39A	0.034682555713198095
ASAP3	CD52	0.03467224812364833
ASAP3	TTLL10-AS1	0.034670665120597646
CPTP	UTS2	0.034668312604415955
MORN1	COL16A1	0.03464766806280638
ZNF684	FBLIM1	0.03463636711206518
ZNF436	TMEM234	0.03460295214117641
DMAP1	AC099791.2	0.03458786128668763
ZFP69B	PATJ	0.03458094411346762
GMEB1	FBXO6	0.034575728432064516
RUNX3	CDKN2C	0.03457539227651383
SMAP2	SH3D21	0.03457007265117473
ZNF691	RUNX3	0.03454631738116198
VAMP3	IPP	0.03453396823645592
PRKAA2	CAMTA1	0.034528765069044905
KDM4A	CZIB	0.03447239748911761
FOXO6	CAPZB	0.03446896690825584
KDM4A	CACHD1	0.034464073904806374
ENO1	AL031289.2	0.03446382814082492
EXO5	KHDRBS1	0.034456037646974254
RUNX3	PLOD1	0.034436189603503115
FOXD2	TMEM69	0.034432793428591756
HP1BP3	CAMTA1-DT	0.034385993423472865
MYCL	PSMB2	0.034381002298945876
POU3F1	PRKCZ	0.03437100626693721
ZSCAN20	PTCH2	0.034368769551584674
ZBTB40	CYP4X1	0.0343433325003919
TAL1	ZFYVE9	0.03432715605592912
SCMH1	LINC01144	0.03431662225397081
FOXJ3	RHBDL2	0.034311344181475946
GMEB1	AL139260.1	0.03429594224074695
ZFP69B	SH3BGRL3	0.03427177268098557
ASAP3	SYF2	0.03426013039609698
YBX1	AL391244.2	0.034250191227762294
AKR1A1	AHDC1	0.034244558009335735
ZSCAN20	ZNF362	0.03423983629091405
MYCL	PHACTR4	0.03419812639695481
SMAP2	AC093424.1	0.034151539398827466
MAGOH	HPCA	0.03411941989726452
SCMH1	NIPAL3	0.034092799806369777
ZBTB17	HYI-AS1	0.034090540989293046
LUZP1	PINK1-AS	0.03405116324019503
FOXO6	EXOSC10	0.034036303387793836
EXO5	THRAP3	0.03403572885686719
ZSCAN20	WASF2	0.03395223048256943
NFIA	DDI2	0.033946187798808064
HDAC1	PINK1	0.03394604718994732
CPTP	THAP3	0.033934337596151665
HIVEP3	ARID1A	0.03392357911849337
GMEB1	MFN2	0.033919884310823184
ZBTB40	DPH2	0.03390458004833863
ZNF684	CROCC	0.03390385300307847
HIVEP3	SZT2	0.03388962496345921
NFYC	AL513320.1	0.03382591593058987
KDM4A	CDK11A	0.033808319772239456
ZNF684	PODN	0.033801222476695994
RLF	AGO4	0.03379970031834342
ZCCHC17	LINC01778	0.03379487183748804
HIVEP3	CLCN6	0.03379332287141844
NOC2L	MRPL20-AS1	0.033786211256057005
GMEB1	SDHB	0.033780235472321056
ZNF691	GPN2	0.03377889421477722
CPTP	MED18	0.03377822496651354
NOC2L	CACHD1	0.033728937271243285
MTF1	ST3GAL3	0.033703490671285634
AGMAT	GNL2	0.03368161105695618
EXO5	SYNC	0.033675048429448545
MAGOH	AL590434.1	0.033670054267401585
PRKAA2	USP48	0.03364670340347847
FOXJ3	RUNX3	0.03363042980821552
KDM4A	LRP8	0.03362685262246659
ZNF362	CTPS1	0.033625891283704294
PRKAA2	PAFAH2	0.03361334813929781
KDM4A	TIE1	0.03360155878248826
HIVEP3	RNF207	0.03359891448395896
TAL1	AKIRIN1	0.03358518260132399
FOXJ3	AL109936.6	0.0335628435712511
MTF1	DMAP1	0.03347672663619745
ZFP69	RPA2	0.03344398002264557
HDAC1	FOXD2	0.0334420495202398
SSBP3	WDTC1	0.03343711696238113
SSBP3	AL121992.1	0.033429098042438966
HDAC1	C1QB	0.03341070070820748
NFIA	EXOSC10-AS1	0.03338242879546564
ZFP69B	AL031728.1	0.03334671870814492
PRKAA2	AL590822.3	0.03333995018906391
POU3F1	STX12	0.033325055464684804
ASAP3	ZSCAN20	0.03332307012586604
ZBTB40	ZNF362	0.03331628342046326
SSBP3	ESPN	0.03331066550848832
VAMP3	NPHP4	0.03330941843458553
MTF1	MAD2L2	0.033303391450622916
MTF1	NRDC	0.033256277907416636
DMAP1	RERE-AS1	0.033242437719375816
ZCCHC17	MATN1	0.03323436873422061
ZCCHC17	CELA2A	0.03323087337679073
HEYL	CZIB	0.03322141521228951
HES5	AK4	0.03321935781951119
ZNF436	SLC35E2B	0.03320056547123749
ZSCAN20	AGTRAP	0.03319102115153085
VAMP3	AL020996.1	0.033169167740955276
KDM4A	KTI12	0.03314775800869541
AGMAT	SDHB	0.03313697125512664
NFYC	LCK	0.03313431115629584
HDAC1	BTBD19	0.033133280592040036
KDM4A	UBXN10-AS1	0.03313027553940971
ZNF436	FAM76A	0.033114855827254056
HES4	SYNC	0.033097908271465026
GMEB1	KLHL21	0.03306487368276079
POU3F1	CEP85	0.03306404664769135
PRDM16	FOXO6	0.03304815194869685
FOXJ3	SGIP1	0.03302706428941747
KDM4A	TMEM125	0.03302493054877177
NOC2L	CC2D1B	0.033012537076802455
ZBTB17	AL139424.3	0.03298733680974258
TAL1	MUL1	0.032951766516325115
DMAP1	AL353622.1	0.03293636137241426
SSBP3	IFFO2	0.03293615268456223
MTF1	RRAGC	0.032923285354808894
NOC2L	TIE1	0.03289421199066406
HEYL	SLC45A1	0.0328621790555374
NOC2L	C1orf216	0.032854253077850476
AKR1A1	EXTL1	0.03284031615345672
SMAP2	ACOT11	0.032826369609150266
HDAC1	MATN1	0.03280772174357875
KDM4A	NDUFS5	0.03280261077823069
LUZP1	AL590434.1	0.03279205263560005
POU3F1	TMEM51	0.032780019936969
RLF	LINC01771	0.03277349198332133
RUNX3	SLC2A1-AS1	0.03276102608774402
SFPQ	LDLRAD2	0.03273040423319091
VAMP3	COL9A2	0.03271723100669211
MTF1	HES4	0.032714355166906746
ZNF684	NBPF3	0.03267456828054671
NFYC	SMAP2	0.0326723467359878
GMEB1	EPHA10	0.032664447177583884
HDAC1	ZBTB8OS	0.03264223401990752
MTF1	SNIP1	0.03260538891512187
HEYL	DOCK7	0.03257863575765188
YBX1	MOB3C	0.03257753684724597
NFIA	AL606760.3	0.03253342170439418
ZCCHC17	TMEM240	0.032517387072516404
ZSCAN20	ST3GAL3	0.032517369654414804
ZNF684	PINK1	0.032513196708716816
ZNF436	SLC6A9	0.032502108279279504
MORN1	USP1	0.03247740543128359
HP1BP3	TENT5B	0.03247662971342749
DMAP1	AL606760.3	0.03245488561171296
ZBTB48	LINC00339	0.03244404675150997
DMAP1	PRKCZ-AS1	0.032428774162221174
POU3F1	ALDH4A1	0.03241844079222798
HP1BP3	ESPN	0.03241794258655163
HP1BP3	NSUN4	0.03241620866296854
CPTP	TMEM53	0.03238745114178253
ZCCHC17	AL357079.1	0.03238617551075197
FOXJ3	NFIA-AS1	0.03237698584688719
NFYC	MMP23B	0.03236871386507723
HDAC1	CLSPN	0.03234957169002487
HES5	RLF	0.03234824933820929
ZBTB17	PEX14	0.03234811756121266
CPTP	LINC00339	0.03234492583533024
NOC2L	TMEM51-AS1	0.03233438904427961
ZBTB40	C1QB	0.032332595564486456
NFIA	TEKT2	0.03231987162596046
RUNX3	GABRD	0.032286929440559
NOC2L	FUCA1	0.03224721431943091
HES5	TNFRSF14	0.032226484949418044
POU3F1	ZNF436-AS1	0.03221706680286604
ASAP3	SHISAL2A	0.032209806571318625
FOXJ3	SVBP	0.03220322101967342
ZCCHC17	FOXD3-AS1	0.03218315289408997
AKR1A1	HPDL	0.03217283319877083
HP1BP3	AJAP1	0.03216405192994147
NFYC	IFNLR1	0.032159593191886035
TAL1	LURAP1	0.03214982425712088
EXO5	RCAN3	0.032141094549694896
MYCL	TTC4	0.03212751489438541
ZBTB48	ATPAF1	0.03212596886662224
ASAP3	FBXO2	0.03212310092015668
JUN	KDF1	0.03210803156239453
HP1BP3	AL513327.1	0.032092574186528666
POU3F1	SLC35E2B	0.03208950479104595
SSBP3	JAK1	0.03208321903979727
LUZP1	LINC01635	0.032080579371428254
ZBTB48	AL645728.1	0.03207416373244396
SSBP3	CYP2J2	0.03205960657680044
CPTP	UBR4	0.03205360791319303
ZFP69B	RCAN3	0.03205169751824011
ZFP69B	ID3	0.03204235721912557
YBX1	MIR34AHG	0.032034000036263076
LUZP1	ZMYND12	0.031993817818795324
CPTP	AL139260.1	0.03198168149090435
DMAP1	ENO1	0.031976164421184464
ZCCHC17	MTF1	0.031957111227238474
NFIA	NCMAP-DT	0.03195607581319078
NFYC	FAM167B	0.03195073131674027
NFYC	S100PBP	0.031950334989581025
LUZP1	AL357078.2	0.031937805709153916
KDM4A	TMEM39B	0.03193036083747513
HES5	MUL1	0.03192448953695514
ZCCHC17	AJAP1	0.03192062113155609
HEYL	PARK7	0.031910204326857185
FOXJ3	RCAN3	0.03188297631702355
ENO1	C1QC	0.031864780794797945
ZNF436	MFSD2A	0.031851599093256855
ZNF362	PLPP3	0.03184494054544226
SSBP3	CRYBG2	0.031841300559490214
FOXJ3	AC114488.3	0.03182439873233066
ZBTB17	TMEM240	0.031816384036659956
ZBTB48	SH3BGRL3	0.031813522934770765
DMAP1	HPDL	0.031801411229897616
NFYC	DDI2	0.03179079820620144
YBX1	PLA2G2C	0.03177665448190307
ZBTB17	AHDC1	0.03175877361119643
AKR1A1	RIMKLA	0.03175808943278344
ZNF362	MTF1	0.03174229379533659
HIVEP3	HSPG2	0.031711379949729564
ZBTB17	AL109811.2	0.03170429605142973
HES4	CYB5RL	0.031692772654191396
NFIA	DISP3	0.03166682097885162
ZCCHC17	AL031005.1	0.03164492915133257
SSBP3	AC004865.2	0.0316077371282732
CPTP	TNFRSF14	0.03154699510235339
NOC2L	MAST2	0.03154559364859816
ZBTB48	PARK7	0.03153307842601505
ZBTB48	CZIB	0.031525975574989484
POU3F1	ATPAF1	0.031519860184363015
HDAC1	HTR6	0.03150915679628663
HES5	KLHL17	0.0314614872173357
DMAP1	LINC02812	0.03144286160692505
E2F2	FAM167B	0.031423828568855006
ZNF684	DFFA	0.03141463104590179
ZCCHC17	DMAP1	0.03141337916448151
KDM4A	NFYC-AS1	0.03140301401939359
DMAP1	CELA2A	0.03139542703873019
ZCCHC17	SLC66A1	0.03137665730955121
VAMP3	STPG1	0.03137583600126249
FOXJ3	MYCL	0.031367063861910606
PRKAA2	SPSB1	0.03135973859284404
ASAP3	JAK1	0.03134848752063619
HES4	AC004865.2	0.031346179766949
POU3F1	USP48	0.031336163754201486
ZSCAN20	NUDC	0.031334749683533045
HDAC1	ZCCHC17	0.03132230588912292
PRDM16	CENPS	0.03132169106828716
CPTP	ADPRHL2	0.03131733943330486
ZNF362	UQCRH	0.03131674941912211
AKR1A1	RNF223	0.03131482655070954
MTF1	ARHGEF10L	0.03130856485670406
RLF	HMGCL	0.03130362438772498
AKR1A1	AL034417.2	0.031297766495141315
PRDM16	PSMB2	0.03129531813495206
NOC2L	NFIA	0.031282664812720885
HES4	AC119800.1	0.03127661109208388
E2F2	HYI	0.03126760744911727
ZNF684	GNL2	0.03126151580690468
ZBTB40	SMAP2	0.031260289276544666
NFIA	LINC01562	0.03120928904420899
HDAC1	AC099791.2	0.031154296981093992
VAMP3	CLSPN	0.031139743544740275
MTF1	ANKRD65	0.031139079923815795
AGMAT	CACHD1	0.031136900368849075
ZNF436	ZBTB40	0.03107207350528418
ZBTB48	PIK3R3	0.03106278613450096
ASAP3	PIK3CD-AS2	0.031060268572639733
TAL1	CASZ1	0.031056377744583617
ZCCHC17	TOE1	0.031024935650855765
LUZP1	AL139246.3	0.031023865792612824
ZBTB17	KIAA0319L	0.031017952365331704
HEYL	KCNAB2	0.031009567810531796
KDM4A	AL513320.1	0.0309895493198112
ASAP3	TMEM35B	0.030929936455696822
VAMP3	EXO5	0.03092523121158993
ZFP69B	TMEM50A	0.030921614253095964
ZNF684	AL606760.2	0.030911437666163406
KDM4A	ROR1	0.030892094966517538
FOXJ3	SMIM12	0.030876315014885514
RUNX3	PLCH2	0.0308508174543324
ZFP69	EIF2B3	0.030838114404001526
SCMH1	ERI3	0.030837452118987595
FOXD2	TMEM51-AS1	0.03082810689065836
AKR1A1	IQCC	0.030813978186899377
MAGOH	TNFRSF25	0.030761894246412597
HES5	SLC66A1	0.03071111760192099
HES5	YTHDF2	0.030706111995267394
MYCL	SCNN1D	0.030682869072692822
MAGOH	FBLIM1	0.030670850932005375
ZFP69	STMN1	0.0306562717972216
VAMP3	MANEAL	0.030649219609907585
NFIA	AL139424.2	0.030642787390767933
PRDM16	AL050343.3	0.030623005419400533
FOXD3	GNB1	0.030616631080364592
GMEB1	MIB2	0.030610841809285493
PRDM16	CDA	0.03060447681848124
ZNF362	AL139260.1	0.030585672808607713
PRDM16	TMEM50A	0.030577460881921214
KDM4A	LYPLA2	0.030569894133403323
TAL1	CNR2	0.030566417653821207
FOXO6	CACHD1	0.030566310103289515
ZNF436	EFCAB7	0.030565507925550146
MORN1	SLC35E2A	0.030536491455730237
HIVEP3	PODN	0.03051720817190541
FOXD2	KAZN	0.03049664275738291
VAMP3	YBX1	0.030487707745813768
ZSCAN20	HSPB11	0.030487104053117907
ZFP69B	ZYG11B	0.030484307285576526
VAMP3	MUTYH	0.030462246228868513
ZNF362	NECAP2	0.030442101791199296
ASAP3	CORT	0.030439220325431757
DMAP1	CASP9	0.03040252445262098
HDAC1	ZNF593	0.03037762987344365
SSBP3	SELENON	0.030366334225966782
RLF	AC119674.1	0.030363261871511775
JUN	TMEM269	0.0303449801889969
MAGOH	UBXN10-AS1	0.03033953630603417
HDAC1	CYB5RL	0.030338225369130608
MTF1	ROR1	0.03033452754564441
KDM4A	RNF19B	0.03031082213222541
ZBTB17	CEP104	0.030297552641220644
ZBTB17	ACOT7	0.030264729837169154
ZNF436	STIL	0.030244009662169606
EXO5	PLOD1	0.030236199633211405
MTF1	GPATCH3	0.03022330231142154
HEYL	TTLL10-AS1	0.03022011350006967
ZBTB48	CYB5RL	0.030177712930384414
E2F2	NECAP2	0.03014851923288732
RLF	AL359881.1	0.030140087548438735
RLF	STMN1	0.03013710998378179
LUZP1	NBPF1	0.0301306786551412
MORN1	RBP7	0.03011293724729915
MORN1	SNRNP40	0.030110469513083615
ZBTB17	ATAD3B	0.030088036812362808
ZBTB40	ZBTB48	0.030082963634280098
ZCCHC17	GPR3	0.03007627504311157
GMEB1	MORN1	0.030065344134679775
ASAP3	FBXO44	0.030064318485352064
TAL1	SNIP1	0.03004853070060791
NOC2L	HPDL	0.030046415016557415
NFYC	TCEA3	0.030044568512949697
FOXJ3	SLC66A1	0.030027561919703537
RUNX3	AL391244.2	0.02999176559039841
HES4	CDC42-IT1	0.02997352616093168
KDM4A	TMEM240	0.029969891882459365
ASAP3	PLEKHM2	0.02992519224737359
HES5	NOL9	0.0298984721422816
SSBP3	CLIC4	0.029897847450263318
SCMH1	KPNA6	0.029881756648841868
ZSCAN20	HNRNPR	0.029859447996223903
VAMP3	CAMK2N1	0.02983645796976073
KDM4A	ID3	0.029822206960492464
LUZP1	PLA2G2C	0.02981877156690947
ZBTB17	LURAP1	0.029818260042230073
RLF	LNCTAM34A	0.029797204578295742
DMAP1	TRNAU1AP	0.029762997512469892
ZNF436	NSUN4	0.02975380965688485
RLF	SLC45A1	0.02971971820666834
YBX1	IFI6	0.029719643556651815
EXO5	KIAA2013	0.02971353832525202
RLF	LINC01226	0.02970858043830192
ASAP3	HMGCL	0.02970150749120831
ZNF362	SNIP1	0.029681685275231674
PRDM16	HSPB11	0.029676397464008897
JUN	AL139286.2	0.029670634874552893
ZBTB48	OMA1	0.029629416483938787
VAMP3	ZBTB8OS	0.029614739425489384
HIVEP3	AL050343.2	0.029609457043035917
NOC2L	SMAP2	0.029605379598182456
TAL1	C1QTNF12	0.029586356507440195
MYCL	PIGV	0.02957502996399995
TAL1	SCNN1D	0.02954839381898577
AKR1A1	AL805961.1	0.02953890745261286
ZBTB48	AL513320.1	0.02953441026467274
RLF	LINC01783	0.029526979404114723
DMAP1	INPP5B	0.029525690922991968
NOC2L	RHBDL2	0.029521812485956103
SCMH1	GALE	0.029489713929563705
AKR1A1	HYI-AS1	0.02946953510622259
FOXO6	GMEB1	0.029458821273992315
GMEB1	SCMH1	0.029451875850967764
SCMH1	LCK	0.0294485440250884
ZNF684	LINC02777	0.02942466035659733
HDAC1	AL513493.1	0.02941224272849168
FOXJ3	BX284668.5	0.029395004074266165
HEYL	CAPZB	0.029386551544571583
NOC2L	TSPAN1	0.029383455252319113
LUZP1	MMP23B	0.02937751869071125
MTF1	AC119800.1	0.029375915331131822
HES4	PIGV	0.029362072592131996
HEYL	RNF19B	0.029320700851487264
RLF	RHD	0.02931328445326621
VAMP3	CYP4X1	0.02931137233218472
NOC2L	NBL1	0.029299453641996466
AKR1A1	LINC02777	0.029294451259842324
RUNX3	AL627309.5	0.029294180731186743
NOC2L	MED18	0.02927312220499578
FOXJ3	CLIC4	0.029269253639064713
JUN	BEST4	0.029269087874244603
SSBP3	EFCAB7	0.029244871765381226
ZNF691	TRIT1	0.029230330724221897
ZBTB40	ICMT	0.02922704180674842
SCMH1	NFIA	0.029218297675919908
ZBTB17	PLA2G2C	0.02920042495672561
MAGOH	BMP8A	0.029180181127646598
DMAP1	CYB5RL	0.029169683054385973
RUNX3	CSMD2	0.02914925227310573
NFIA	IFFO2	0.029147898541920833
GMEB1	AL139246.3	0.029117990654104326
ASAP3	AC099791.2	0.02910334249239244
SSBP3	PLA2G2C	0.029091488291650498
MORN1	ZDHHC18	0.029048009479926775
VAMP3	AL020997.5	0.02904358411171072
RLF	LINC02574	0.029032989346330015
MTF1	VAMP3	0.029032767588406783
AKR1A1	SGIP1	0.029024552880561987
ASAP3	ALDH4A1	0.029020046165123412
HDAC1	KANK4	0.028987757326561336
HDAC1	FAM41C	0.02898621387570917
MORN1	MYSM1	0.02897126989296392
RLF	ANKRD65	0.028948031841938678
AKR1A1	AL031432.3	0.028941202378654305
ZNF684	CCDC30	0.028924708616111718
ASAP3	MRPL20	0.02890291491934185
DMAP1	TMEM200B	0.028894946725287737
ZBTB48	TMEM240	0.028873260057998233
MTF1	C1orf109	0.028858561843959477
POU3F1	CYP2J2	0.028843515726914376
ZNF362	AL645728.1	0.028792731668007353
NFYC	AL139286.2	0.028760947597842288
ENO1	PRDM16-DT	0.02875769779977692
ZBTB40	CD52	0.028728066453651852
AKR1A1	AL096840.2	0.028720782141697165
GMEB1	FGGY	0.028676601557119822
HES4	AL591845.1	0.028651207997949037
ZNF362	RERE-AS1	0.028644060590753834
E2F2	TACSTD2	0.028643463753240454
ZBTB40	FAM229A	0.028642495701346003
HIVEP3	MUL1	0.028635814888715416
FOXJ3	ZSCAN20	0.028622206376931927
HIVEP3	LINC01772	0.028621644709792556
ZBTB17	CPLANE2	0.028619030766514963
ZNF362	LAPTM5	0.028579651992531485
TAL1	UBXN11	0.028577693657610728
GMEB1	MED8	0.028567012687827603
CPTP	LINC01772	0.028554801870377785
KDM4A	AL645728.1	0.028545481697539503
EXO5	CAMTA1	0.028544656831594236
MORN1	ANKRD65	0.028535207547963872
SCMH1	ENO1	0.028527015756949273
HDAC1	AL360012.1	0.028508603377716754
ZBTB48	TTLL10-AS1	0.02845850634053535
AGMAT	TACSTD2	0.02844616208920957
CPTP	NFIA-AS1	0.028432802963270668
ZBTB48	BX284668.5	0.02837232250903912
NOC2L	ZFYVE9	0.02836500830148882
ZBTB40	COA7	0.02835375713395223
SSBP3	ZNF436	0.02835126008007068
RUNX3	UQCRHL	0.02834772551396952
PRKAA2	CLCN6	0.028335382103955267
POU3F1	IFI6	0.02830895011701704
HP1BP3	HSPG2	0.02830715122682877
PRKAA2	NFIA	0.028306007845506694
YBX1	AL604028.1	0.028291403950332257
SCMH1	NDC1	0.028249560073383393
TP73	C1orf167	0.02823664517741191
LUZP1	AL162430.2	0.02821312779218213
AGMAT	GPATCH3	0.028207671600671252
DMAP1	MECR	0.02820434175064955
HES5	CORT	0.028195109998261494
SCMH1	IPP	0.02818611418085867
ENO1	LINC02812	0.02818188217729629
LUZP1	AC099791.2	0.028178542486794494
HP1BP3	PARK7	0.02816790835762166
DMAP1	OSCP1	0.028140817151017662
HIVEP3	JUN	0.028131270382512858
ZNF684	ST3GAL3	0.028131068088528062
NFYC	LINC02777	0.028117059984390763
ZNF691	MOB3C	0.028109652174552142
LUZP1	CTRC	0.0281042620813596
PRKAA2	LEPROT	0.02803627551577038
KDM4A	WRAP73	0.028001600349402436
NFYC	ACOT7	0.027996367863461706
MTF1	TNFRSF8	0.027962825089133746
LUZP1	ALG6	0.027954765425418516
MAGOH	AL096840.2	0.027953753513031875
SFPQ	TTC39A	0.027951186312407304
ZBTB40	ERI3	0.02794218846873237
KDM4A	DPH2	0.02793385613083396
MORN1	FAM167B	0.02792860943005875
MYCL	SMIM1	0.027923450789395367
HES5	VWA1	0.027897739704738522
HES5	AGTRAP	0.02787971748659602
ZBTB17	PPIE	0.027865225137935448
ZNF436	PNRC2	0.027848735988712604
NOC2L	TMEM200B	0.027842583390100234
ZBTB40	AL359881.1	0.027840289293189477
HP1BP3	ACOT11	0.027827071755839428
ZBTB40	MAD2L2	0.02781921984759126
SFPQ	HEYL	0.027819165065033662
NOC2L	TINAGL1	0.02781158325314748
SFPQ	AL606760.2	0.02780006108979652
RLF	AL139286.3	0.02779637941061231
HES4	ATAD3C	0.027790206603506378
EXO5	SLC9A1	0.027783567498796582
VAMP3	FOXD2	0.027782462295231698
MTF1	LUZP1	0.02776489489646215
VAMP3	AL590438.1	0.027762519796467974
ZBTB48	C1orf167	0.02774561935885361
MORN1	COL8A2	0.027742150357605917
ZBTB48	C1orf216	0.027739769023753257
SCMH1	MARCKSL1	0.027727910723855505
ZCCHC17	AL645608.7	0.027727546702833998
ZNF691	CD52	0.027721078874518294
ZNF684	USP24	0.0277166346334431
ZCCHC17	TMEM52	0.02770970828774872
FOXO6	WASF2	0.027706828624090612
MTF1	SAMD11	0.027697074112981432
ASAP3	C1QC	0.027696322003144428
GMEB1	NADK	0.027689992649149363
ZNF436	TRNP1	0.02768561379718312
MYCL	TMEM50A	0.027650115585908852
HES4	AL031985.3	0.027633831700584734
HP1BP3	LINC01783	0.027633731389593585
HES4	CC2D1B	0.02760112753321672
ZNF436	SMIM1	0.027584300028729424
ZFP69	EFCAB14	0.027555499015840514
KDM4A	AL136985.3	0.02755320013589499
POU3F1	EMC1	0.027542394735555167
SCMH1	KHDRBS1	0.02752506679673625
KDM4A	BX293535.1	0.027519401089603882
PRDM16	ZNF684	0.027495289566254837
FOXO6	AL034417.3	0.027492204252158464
FOXJ3	HYI-AS1	0.027476619774987936
HDAC1	DNALI1	0.027474311599804964
HEYL	CITED4	0.027452162822387487
ZFP69	VWA1	0.027401739194000452
MAGOH	OMA1	0.027391215907516114
ZCCHC17	IPO13	0.027376017545582415
SMAP2	AL451042.2	0.027335928422632428
ZCCHC17	PDE4B	0.027329238213070185
ZBTB48	PLCH2	0.027304181582567987
HIVEP3	PLA2G5	0.02729290786278333
GMEB1	TMEM201	0.02728733404655507
ZCCHC17	CAMK2N1	0.02727594400711172
ZNF691	KLHL21	0.02726394597779652
ZNF691	AC099791.2	0.02725249466176267
GMEB1	KIAA0319L	0.02725025294047303
RLF	EXOSC10-AS1	0.027232392606940763
ZSCAN20	PLPP3	0.027231928921299733
ZNF691	ARMH1	0.02719478565011315
ZBTB48	MATN1-AS1	0.027193868049216283
CPTP	TMEM240	0.02717165407847505
GMEB1	GPATCH3	0.027141769855058732
HDAC1	NUDC	0.02708607410094956
MYCL	JUN	0.02708036274890406
SSBP3	AL356055.1	0.02707264872511419
NFYC	DNALI1	0.02706518961300621
NFIA	FBXO44	0.02705508429984698
HDAC1	UBXN10-AS1	0.02705380792483977
ZBTB48	AL031432.3	0.027049117400301678
TAL1	RCC2	0.02701600922185457
MAGOH	CLDN19	0.02701107241476712
E2F2	MED18	0.026993486681007425
ZBTB48	PODN	0.02695194093964382
DMAP1	NCMAP-DT	0.02692607204423052
HIVEP3	ZCCHC17	0.026907872363764213
ZNF684	CDC20	0.02681452819067284
TAL1	MTOR	0.026794491752604423
E2F2	COL16A1	0.026752242081634948
LUZP1	ZYG11A	0.026747125196768366
ZNF684	CEP85	0.02672295142190378
FOXJ3	TRIT1	0.02669497770225816
ZNF684	LINC02574	0.026691849724297865
NFIA	LINC01144	0.026691212327779084
ZBTB17	TAL1	0.02666747386169013
SSBP3	SCMH1	0.026663613783663415
ZNF684	RPL22	0.026620286512219885
MAGOH	ZYG11B	0.026601836681682547
ZBTB17	YBX1	0.026533055626365754
ZNF684	RCAN3	0.02652790663953892
ZNF362	GPN2	0.026525997073247046
HDAC1	LSM10	0.02651347586793998
ZNF684	CD52	0.026497323042138442
NOC2L	ATPAF1	0.026446206424097573
VAMP3	ORC1	0.026411718020041202
FOXJ3	ARHGEF10L	0.026404099309424604
POU3F1	AL050341.2	0.026401089042014225
NOC2L	AL031728.1	0.026386461482691748
PRKAA2	SMIM12	0.026386156155546635
RLF	SH2D5	0.026372938883535712
HIVEP3	EXOSC10-AS1	0.02636728098933804
MAGOH	TMEM240	0.026348910742946534
NFYC	LINC01562	0.02633906038066522
ZNF684	TOE1	0.026278268932662153
SCMH1	TNFRSF4	0.02627819584264681
NFYC	AGO1	0.026271115678177394
NFIA	SRSF10	0.026268003800528458
TP73	ALPL	0.026253809578726417
ZSCAN20	EFCAB7	0.02624518734187953
POU3F1	DISP3	0.026244528841764238
ZFP69B	VWA1	0.02623377393343218
HES5	AL139260.1	0.02622539736630794
GMEB1	IFI6	0.026211027114242298
ZNF684	CLIC4	0.026198848660281125
NFYC	AC099791.4	0.02617439751655956
SSBP3	FGR	0.02617428616531039
KDM4A	SLC35E2A	0.02616994068286014
NOC2L	EIF3I	0.026151347444430283
HEYL	PHC2	0.02608842555751871
HDAC1	HYI-AS1	0.026036306934107304
EXO5	AGO4	0.026034944932567763
FOXJ3	TMEM269	0.026028686551509393
PRKAA2	MECR	0.025999149616866425
CPTP	LINC01778	0.025973535116227867
LUZP1	RHD	0.025961991908668148
MTF1	PATJ	0.025957577418368016
LUZP1	XKR8	0.025926213914291053
FOXJ3	MATN1	0.025917068587921054
RUNX3	C1QC	0.025902213609294917
NFYC	NECAP2	0.02590145501885484
ZNF436	AL050343.2	0.025895288255589118
SMAP2	UQCRHL	0.025883280147145752
DMAP1	SLC6A9	0.025872894866716668
JUN	CELA2A	0.025853707906121026
NOC2L	EMC1-AS1	0.025847406422882566
ZBTB40	TAL1	0.025846353949855655
ZBTB48	SCMH1	0.02583196076731317
SSBP3	NCDN	0.025824090174788313
CPTP	CDKN2C	0.025808362669541042
VAMP3	SRARP	0.02579905914639931
DMAP1	STIL	0.025787412711116574
DMAP1	SESN2	0.025784149579845532
HP1BP3	VWA1	0.02578055141200497
TAL1	CDC42-AS1	0.025777296676589026
NFYC	SRSF10	0.02577080474572202
KDM4A	EMC1	0.025731883071366743
ZSCAN20	ZDHHC18	0.025719942958003568
ZNF436	IPP	0.02571834094307382
TAL1	FAM41C	0.025710681984174956
SCMH1	TARDBP	0.02567894172691061
ZBTB48	NIPAL3	0.025668700939192015
ZBTB40	PRDM16	0.025617547200315817
ZBTB48	TMCO4	0.02561623957403986
ZNF691	SRSF4	0.025615275727118775
ZFP69B	NFYC	0.025613304060098728
ZBTB48	TRNP1	0.025569587269594386
HDAC1	AL109811.2	0.025564935329288295
ZNF691	KANK4	0.025562700904222035
ZNF362	SCP2	0.025540589828354564
GMEB1	FAF1	0.025532237269862885
ZBTB17	UBE4B	0.025525385269809013
GMEB1	NFYC	0.02552304252124971
PRDM16	NOL9	0.02549846253069342
HIVEP3	IFI6	0.025481325605808163
ZFP69B	UTP11	0.02547428024669098
MYCL	AL353622.1	0.02546682400601127
E2F2	DNAJC11	0.02546365273589327
HIVEP3	UTP11	0.02545545324934224
ZNF691	SFPQ	0.025451034635419326
MORN1	FAM110D	0.02543359251578414
RLF	TEKT2	0.025424814834462572
GMEB1	AL604028.1	0.025419373442840308
NFYC	WDR78	0.025403669584706697
NFIA	FGR	0.025403483707105542
ZBTB17	TMEM234	0.02539261853082354
MTF1	MANEAL	0.02538615725287854
NFIA	EXO5	0.025376041474459106
ZFP69	AGO1	0.025352295356375787
HES4	PIK3R3	0.025334899105443905
ZNF436	CELA2B	0.025331691059548328
ZFP69B	CYB5RL	0.025323594755992863
ZNF684	ZFYVE9	0.025315863580868094
FOXD3	AGTRAP	0.025264709662229847
ZBTB48	SYNC	0.025252917450182558
HIVEP3	RCC1	0.0252492744151907
DMAP1	GJA9	0.02524316998788533
SCMH1	MAN1C1	0.025238668850067217
ZBTB17	AL691432.2	0.025237742164168676
SSBP3	MED18	0.025196852279131998
MTF1	PRDM16	0.025183548023987062
POU3F1	PDE4B	0.025175731023500496
HES4	AL034417.3	0.02517523579568227
YBX1	HPDL	0.025173589442869876
ZNF691	AL645728.1	0.025161560923281277
ZCCHC17	MORN1	0.025143656058854977
NFYC	AL034417.3	0.025120289350751474
PRDM16	AL139246.3	0.025117241310578957
RLF	PINK1-AS	0.0251102267998215
FOXJ3	UBXN10	0.02507558719730449
GMEB1	LINC01144	0.025070687972724028
RUNX3	AC093425.1	0.02506574448116738
NFIA	RCAN3AS	0.025037945379067658
ZNF362	SERINC2	0.025026844269189198
NFYC	AL356055.1	0.02499757135122542
PRKAA2	AKR7A2	0.02499321689621178
ZSCAN20	PAFAH2	0.02498569895280434
HDAC1	GPR157	0.02496109851791742
ZNF362	AL590822.2	0.02495698801284262
NFIA	AL050343.3	0.02495079775707219
AKR1A1	COL9A2	0.024948939203150187
ZNF362	SFPQ	0.024943347058287338
FOXJ3	ZCCHC17	0.024941703243104258
ZBTB17	MEGF6	0.024932791309928405
ZBTB40	ASAP3	0.02492891555640146
PRDM16	UBR4	0.024919191841848914
AGMAT	TNFRSF18	0.02491829605022911
HES5	WRAP73	0.02491633265164681
ZBTB40	PODN	0.024915956223615855
RLF	ARHGEF10L	0.024906441874818656
ZBTB17	MIR4422HG	0.024903864466505186
ENO1	CYB5RL	0.02489088665586454
KDM4A	CEP104	0.02488508087859333
NFYC	TNFRSF1B	0.024839684801249547
ZBTB40	HECTD3	0.02483656497302708
SSBP3	CYB5RL	0.024835095370590032
ZNF436	KDM1A	0.024824629565362622
HDAC1	PLEKHG5	0.024823798550726476
SCMH1	PHF13	0.02480385599955312
SCMH1	VWA1	0.02479760055347464
SSBP3	FAM110D	0.024785126007982508
NOC2L	FAM110D	0.02476511416719205
HEYL	EIF3I	0.024755180647246727
GMEB1	ACAP3	0.024740484966956595
AKR1A1	CEP85	0.024739476725037717
FOXD2	PDE4B	0.02472537261040382
SCMH1	PPP1R8	0.024715911317156
SSBP3	CLSPN	0.024707958551373026
ZBTB40	SPSB1	0.024699554762130264
PRKAA2	SLC2A1-AS1	0.02469362231051198
MYCL	FBXO42	0.02469101205142659
ZBTB17	LDLRAP1	0.02468490115453429
HES4	TTC34	0.024683710170046568
MYCL	TNFRSF8	0.024672379981846435
SMAP2	CLDN19	0.024643176812116873
NFYC	AL139246.3	0.024640822223672414
HIVEP3	AL805961.1	0.024631118918436487
MTF1	STMN1	0.024598227288467184
PRKAA2	TMEM50A	0.02459284191450007
MORN1	AL645608.7	0.0245859702151588
NFIA	MATN1-AS1	0.02456556905520002
DMAP1	C1orf216	0.024560448003621418
PRDM16	TMEM53	0.024529507683418668
SSBP3	AL031283.2	0.024504731394527964
LUZP1	LINC01144	0.02447373359677948
SCMH1	ARHGEF10L	0.0244736701201776
TAL1	TTC22	0.02443420565913197
VAMP3	PLA2G2C	0.024423994233242395
AKR1A1	TMEM200B	0.024423016508470778
ZNF436	ZBTB48	0.02442048079467639
SSBP3	SZT2	0.024405933604948565
ZNF362	FCN3	0.02437805876189365
CPTP	LCK	0.02435914400546646
FOXO6	PAFAH2	0.02433488145996818
HEYL	TMEM54	0.024287092633953258
POU3F1	CTPS1	0.024278584874339076
FOXJ3	AL031848.2	0.02426737645189103
FOXJ3	AL121992.1	0.024258903987120023
MORN1	DHRS3	0.024247307510345616
MAGOH	PIK3CD-AS1	0.02424541851664794
ZCCHC17	FBXO6	0.024240711050050223
HDAC1	AC004865.2	0.024227988906044978
ZCCHC17	AL358075.1	0.02421395403958578
CPTP	HCRTR1	0.024196121130137405
LUZP1	AL109936.6	0.024194763862353325
SSBP3	LINC01635	0.024174794119819466
RLF	PABPC4-AS1	0.02415300129681047
LUZP1	FBXO44	0.02414996488245691
ZFP69	PRXL2B	0.024143339699822308
ASAP3	OMA1	0.024138455916278632
RLF	PADI2	0.024133048912125483
POU3F1	TNFRSF18	0.0241174176734502
MAGOH	AL606760.2	0.02408173845281732
ZBTB40	TTLL10	0.024058852154215042
ZFP69B	LAPTM5	0.024052909193424933
ENO1	AL050343.3	0.02405170230348204
FOXD3	TMEM59	0.02404928419297106
CPTP	SLC1A7	0.02404616633325955
VAMP3	SLC2A1	0.024034791669372554
VAMP3	AL109811.2	0.024027296838156388
SSBP3	KCNQ4	0.02399712727238161
MTF1	DNAJC11	0.023982321012234305
DMAP1	ACAP3	0.023974793797791782
HES5	LINC02812	0.023972299300632938
CPTP	HIVEP3	0.023961246416339555
NFIA	UTS2	0.023938740127558058
AKR1A1	AL021154.1	0.02392892414351033
FOXJ3	HPCAL4	0.023918543600904677
NFYC	LYPLA2	0.023912899280788904
RLF	NPHP4	0.023909379183017863
ENO1	AL513218.2	0.023905188523869227
HES4	BX293535.1	0.0239039509604728
AGMAT	TRAPPC3	0.023893854390545692
MAGOH	AL513327.1	0.023864991760264548
SCMH1	TAF12	0.023864950435339732
FOXJ3	PTPRF	0.023849203169173522
ZBTB48	ID3	0.023843191827404804
SSBP3	FAM229A	0.023825247349686125
FOXJ3	AL109811.1	0.02381709768890482
ZNF684	CEP104	0.023816153653004844
ZFP69B	CPTP	0.023793912649371345
HES4	AGO1	0.02377943091728444
FOXO6	CPT2	0.023756049101293395
FOXD3	TMEM35B	0.02375242963618448
VAMP3	FAM131C	0.02372336741980661
GMEB1	PIK3CD	0.02370594172506371
SFPQ	KIF2C	0.023679946873801344
ZFP69B	WDR78	0.023646970506345608
MAGOH	C1QC	0.023645324409021947
PRKAA2	UQCRH	0.023637723048629742
ASAP3	ERMAP	0.023636245754204477
MAGOH	GPR153	0.023623079651593895
ZCCHC17	SH2D5	0.023622351739680757
SCMH1	PSMB2	0.02361894484527628
MTF1	GALE	0.023615521320453314
KDM4A	ECHDC2	0.02359935926362399
NOC2L	NFYC-AS1	0.02357020520737306
ZBTB40	AGTRAP	0.0235557716056127
TP73	CDKN2C	0.02353184355542285
ZNF691	CSMD2	0.02352716010016598
ZNF362	ERMAP	0.023480023727052435
ZBTB48	CCDC163	0.023475620595581382
NFIA	MIER1	0.023463629690815294
FOXD2	AURKAIP1	0.02345574327842366
MTF1	TTLL10-AS1	0.023435554119110472
VAMP3	SLC6A9	0.023433319733647637
SSBP3	AL358075.2	0.02342894191469275
TAL1	RBBP4	0.023415753215629803
HEYL	YTHDF2	0.02341250423350703
ZNF684	TMEM35B	0.02340462890415999
PRDM16	FOXJ3	0.02336083847931683
ZFP69	KLHL17	0.0233478984783092
RUNX3	ERRFI1	0.023346438518426344
ZNF362	UBXN10-AS1	0.02329628096754571
ZBTB48	ECHDC2	0.023293451624803098
KDM4A	EVA1B	0.023272386584678485
POU3F1	AL590822.1	0.023223171973706463
HDAC1	PIK3R3	0.02321389374325871
VAMP3	RLF	0.023209906383686644
JUN	TEKT2	0.02318752299263917
ZFP69	NOC2L	0.023184694380674414
RUNX3	ELOVL1	0.023181164192050022
ZCCHC17	PLEKHM2	0.02317884874299919
NFYC	RERE-AS1	0.023137770424129275
LUZP1	MIR34AHG	0.023100785811621453
MORN1	TNFRSF18	0.023081690266333294
ZCCHC17	GRIK3	0.023051311656512675
HIVEP3	C1orf167	0.0230445562354043
ZNF691	PSMB2	0.023033250153559982
POU3F1	AC004865.2	0.02302693284867386
DMAP1	AL513493.1	0.022983976651421618
ZSCAN20	HSPG2	0.022979956169561278
NFYC	PDZK1IP1	0.022968215730363836
YBX1	FO704657.1	0.02296626958196378
CPTP	MIR4422HG	0.02295259631934374
ZBTB48	AC099791.4	0.022936931853570874
POU3F1	MAST2	0.022932754176432563
VAMP3	BMP8B	0.02293080614654424
HDAC1	CDKN2C	0.02292817982861728
GMEB1	GJA9	0.022888708730654014
NFYC	RAVER2	0.02287334804738185
ZNF436	AL031432.3	0.022844034327553636
ZFP69	PARK7	0.02283534239648902
ASAP3	C1orf167	0.022827674476200446
AKR1A1	UBXN10-AS1	0.022810226311592612
ZSCAN20	TNFRSF8	0.02279592057988911
AKR1A1	CPT2	0.02277015475586579
POU3F1	ATG4C	0.022767490923283642
AKR1A1	LINC00115	0.02273851212302797
EXO5	OMA1	0.022725491508461603
HES4	ASAP3	0.022710358255853096
NOC2L	NBPF1	0.022691537855920183
CPTP	AL353622.1	0.022691253501945355
MYCL	LINC01359	0.02269063705072612
NFYC	BEND5	0.022686890781094315
HES5	UBXN11	0.022685222679631047
MTF1	DOCK7	0.022668389399690264
HES4	AGMAT	0.022666578532142708
MTF1	AL512353.1	0.022663900532990788
HDAC1	ATAD3A	0.022648894578070997
ZNF362	GPR157	0.02264734528490885
AGMAT	AL031280.1	0.022642486133708447
ZNF691	SMAP2	0.022606458574175963
ZFP69B	CDC42	0.022601163956985946
RUNX3	FBLIM1	0.02259345922335244
HES4	SLC35E2A	0.02257439460338702
ZNF684	FAM167B	0.022552957165180534
NFIA	LINC02812	0.022550244884126953
ZBTB17	SRM	0.02254139480361091
ZBTB40	RUNX3	0.022486225670938345
ZCCHC17	CDC42-AS1	0.022478414018562574
ZSCAN20	AKR1A1	0.022472490778506465
MAGOH	PLPP3	0.02244030826026971
NOC2L	NMNAT1	0.022434158744538222
LUZP1	STPG1	0.022397980516860483
HIVEP3	KIF2C	0.022361302989736098
GMEB1	WDR78	0.02227408191405937
ZBTB40	AC098484.4	0.02225825260688047
ENO1	LINC01771	0.022253489352057943
PRKAA2	GPATCH3	0.02224034008563107
ZNF362	PRDM16-DT	0.02221180118643841
MAGOH	AC099791.4	0.022208024135490192
ZNF691	LUZP1	0.022190490538421485
ZNF436	ALPL	0.02217123781620916
FOXD2	TINAGL1	0.02216642836480175
MTF1	TMEM35B	0.022149205341936144
CPTP	YIPF1	0.02213841734606906
ZBTB17	TTLL10	0.022137550310438465
ASAP3	AL136115.2	0.022119807265085584
HEYL	MAST2	0.02209574628377176
POU3F1	AL139424.1	0.022092613474466172
GMEB1	MTOR	0.022082227808635287
ZBTB48	ALG6	0.022079573579818206
MORN1	MTFR1L	0.02207677427707783
PRDM16	AL139260.1	0.022075663029805414
ZBTB40	LRRC47	0.02206585841208752
FOXJ3	PLEKHN1	0.02206270227160504
HES4	RCC1	0.02204351310174809
NFIA	CA6	0.022022772509428322
VAMP3	AL357078.2	0.021991460430660425
ZFP69B	SMAP2	0.021985715892509028
AKR1A1	LINC01783	0.021984591028834412
RUNX3	JAK1	0.021981535594089305
NOC2L	OTUD3	0.02197845062540127
ZCCHC17	FBXO2	0.02196729611793522
PRDM16	RPS8	0.02195879193614114
FOXD3	DOCK7	0.021935691987945222
HEYL	ANKRD65	0.021916134897995248
TAL1	SLC25A33	0.021906313315878556
ZFP69	FAM229A	0.02190567463698503
SCMH1	ZNF691	0.021862464534623604
PRDM16	GALE	0.02186102970845733
LUZP1	KIF2C	0.02185601157182979
POU3F1	XKR8	0.021845464954827386
HES5	PUSL1	0.021830303195064536
TAL1	UBXN10-AS1	0.02181230002607135
ZFP69	DFFA	0.02179582665350093
HEYL	DFFA	0.02178658011838451
MAGOH	FOXD3-AS1	0.021767192596726805
NFYC	E2F2	0.02176400298041812
ZNF362	CDCA8	0.02174176254435744
PRDM16	HMGCL	0.0217391215590827
POU3F1	AL031602.2	0.021732469059171255
HIVEP3	LAPTM5	0.021716342673628215
SMAP2	AUNIP	0.021698635889961966
NOC2L	SRM	0.021697859183879814
ZNF362	EXOSC10-AS1	0.02168583298134858
ZNF684	PRDM16	0.021682220940480907
ZNF362	CCDC30	0.021669879280570264
SCMH1	STMN1	0.02165780091734339
ZNF684	PIK3R3	0.02165727164185382
MTF1	MOB3C	0.021652321337300703
ZBTB48	CNKSR1	0.021651133314937218
AKR1A1	TTC34	0.021647374367028332
EXO5	PLCH2	0.02162251965277364
AGMAT	RCC2	0.02157224679617715
GMEB1	SMAP2	0.021563920999687652
ZNF684	RPL11	0.021483509198315445
ZBTB17	ATAD3C	0.021478612473073054
HIVEP3	SLC35E2A	0.021472328601221023
VAMP3	CRYBG2	0.021402009382957866
SCMH1	AL020997.2	0.021358256724311308
DMAP1	TAS1R3	0.021345205766298496
ZSCAN20	ID3	0.02133693199992619
GMEB1	RRAGC	0.02131891183167823
CPTP	MAGOH	0.021316450813411325
HIVEP3	ZFYVE9	0.021310624962351792
RUNX3	KLHL17	0.021290719647352997
ZBTB17	NSUN4	0.021284297892547405
ZNF436	AL139423.2	0.021244072523163994
TP73	MXRA8	0.02123342003836563
FOXD2	NBL1	0.021232266710705064
YBX1	AL139286.2	0.02122169597485949
RUNX3	AL034417.4	0.02121005037596209
ZCCHC17	ZYG11A	0.021187609045255008
ZBTB40	LEPROT	0.021187516555031895
ZNF362	TMEM69	0.02118564740054972
HDAC1	KIAA1522	0.021184028591079995
GMEB1	SPATA6	0.021182093557531458
ZNF684	ECE1	0.021172639754940298
HP1BP3	AL513477.2	0.021156018015605096
RUNX3	C1QTNF12	0.02111848733376618
EXO5	ZMYM4	0.021096458426770635
SCMH1	AL031432.4	0.02109085917071475
ZNF691	RCAN3	0.021075634637252608
E2F2	DNAJC8	0.02103243348162967
RLF	AL590822.2	0.021016377462647708
GMEB1	AC004865.2	0.02101105130069381
HES4	MEAF6	0.021007344687573475
RLF	HPCA	0.020982338380357825
ZBTB17	AL627309.1	0.020971830571878753
SCMH1	FAM229A	0.020970446865874525
ZFP69	SNHG3	0.020968270237521763
YBX1	PADI2	0.02095313790347491
RUNX3	AL606760.2	0.020924313258048433
NOC2L	AL139424.2	0.020904660356353594
MTF1	SDC3	0.020894799263621575
HES5	C1orf167	0.020876783607332403
FOXJ3	AL357078.2	0.02085399313973264
HES4	DDOST	0.020845776160238833
MTF1	RCAN3	0.02081519612212782
HDAC1	AL359881.2	0.020807184848928652
TAL1	MMP23B	0.020789348589074965
SCMH1	EIF3I	0.020769740577457146
NFYC	HPCAL4	0.02075577338335379
FOXO6	PHC2	0.020751509235770394
DMAP1	KCNQ4	0.02073407138951446
AKR1A1	AL627309.1	0.020726357430006965
HES4	RPL22	0.02071467300895896
ZFP69	AL031432.4	0.020712103040560096
SCMH1	SRRM1	0.02071058885356243
AKR1A1	RPS8	0.020693055663775127
AKR1A1	CLSTN1	0.02067727242011263
HIVEP3	ZYG11A	0.02065415688488523
ZNF684	TENT5B	0.020653621281953485
ZBTB40	ITGB3BP	0.02065110007439941
ZNF684	SRSF4	0.020644336766199266
HP1BP3	AL137857.1	0.02064159943528289
HIVEP3	EIF4G3	0.020617105305750307
EXO5	CRYBG2	0.020611263335013903
ZNF691	FO704657.1	0.020611135158645346
MAGOH	ESPN	0.02061092358741528
POU3F1	AL606760.1	0.020597935009688997
HEYL	EFHD2	0.02058146007040203
HDAC1	AL020996.1	0.02054384327453187
HIVEP3	GJA9	0.020543700314713136
JUN	TSSK3	0.02053809892027692
MORN1	SPATA6	0.020519779715707145
LUZP1	TFAP2E	0.020517949666686856
VAMP3	FGR	0.020492807543581185
FOXO6	ZSCAN20	0.020491967492599125
DMRTA2	IFI6	0.020489448132042287
NOC2L	ZSWIM5	0.020487725334235193
ZNF362	PAFAH2	0.020486086590692384
FOXJ3	RHCE	0.02047567973632166
DMAP1	DRAXIN	0.02047309062161067
NOC2L	PGM1	0.020466626503276818
RUNX3	AL356055.1	0.02046652181287871
MYCL	CD52	0.02046225978612789
DMAP1	RPS8	0.02045622082767993
NOC2L	MMEL1	0.020453771600374794
RLF	SGIP1	0.020451388434134233
RLF	FAAH	0.020439485057688177
NOC2L	CLIC4	0.020429455368440957
KDM4A	DRAXIN	0.020421914047718648
MAGOH	AL139423.1	0.02041746249945656
HIVEP3	CPT2	0.02040106285240524
FOXO6	SLC2A1	0.02039077731805139
SFPQ	AKR7A3	0.02038052556946099
ZNF362	LZIC	0.02036899650087007
NOC2L	KDM4A-AS1	0.020368125456978095
ASAP3	KTI12	0.020364732069235527
ZFP69B	GALE	0.020350722368425635
MTF1	SMAP2	0.020346741690985253
ASAP3	TNFRSF14-AS1	0.020341750337884348
ZNF436	UBXN10-AS1	0.02034026211969853
ZBTB17	YIPF1	0.020311282752979894
TAL1	LINC00115	0.020304632636713168
RUNX3	AL450043.1	0.020298890169020655
HDAC1	FOXD2-AS1	0.0202963688019826
ZBTB40	ERRFI1	0.02028761734432277
ZNF362	TNFRSF25	0.02026270896375438
ZBTB40	TCEANC2	0.020255872419408863
ZBTB40	HES5	0.020201959959341872
LUZP1	PRDM2	0.02019507724095343
FOXJ3	AL590438.1	0.020192467661108385
SMAP2	FO704657.1	0.020169037768435507
HEYL	CD52	0.02016613742643323
SSBP3	RERE-AS1	0.020164432483073792
LUZP1	IPP	0.02014430439713993
ZBTB40	PINK1-AS	0.0201423711843975
CPTP	C1orf216	0.020129056660314105
ZBTB17	PHF13	0.020123777239976604
ZBTB40	KIAA0319L	0.020120109644229316
DMAP1	NBL1	0.020113542005857014
HDAC1	AL031283.2	0.020060984366774736
ZNF691	RLF	0.020059768370780696
ZSCAN20	TMEM39B	0.020048146203500636
ZFP69	ATP13A2	0.02004258118310974
GMEB1	SCNN1D	0.020021142169504725
ENO1	Z97987.1	0.020012314612292494
POU3F1	ENO1-AS1	0.01999996949596608
FOXO6	FAM167B	0.019999358455335504
VAMP3	EFCAB7	0.01999220396982706
KDM4A	LINC02777	0.019987572008060672
FOXJ3	AL136115.2	0.01997688184229964
NFYC	FOXD3	0.019965959776695682
HDAC1	MDS2	0.019947915692607236
VAMP3	TSSK3	0.019939046769583788
SCMH1	RUNX3	0.019933915020091328
ZCCHC17	SLFNL1	0.01992671720780022
ZBTB40	STIL	0.019911522614697703
NFYC	COL9A2	0.019906553203897833
HIVEP3	AC119800.1	0.01989065229984111
ZBTB17	EYA3	0.0198599882481528
ZBTB40	CYP2J2	0.019850016846576248
CPTP	AL136985.3	0.019847226026063095
ZFP69	AKR1A1	0.019839764715007417
CPTP	TMEM269	0.019838522128962893
MYCL	FAM167B	0.01983586492996169
FOXJ3	RBP7	0.019820727785696567
FOXO6	YIPF1	0.01981638527347269
RLF	AL050343.2	0.019810897452047338
SCMH1	BTBD19	0.01979556426880961
NFYC	SLC45A1	0.01979556135591049
POU3F1	AL109811.2	0.019764912895440946
MTF1	CC2D1B	0.019753512936726517
POU3F1	Z97987.1	0.019716855058172326
SCMH1	KCNAB2	0.01969438701924063
RLF	LINC01144	0.01968959285960526
ZFP69	NIPAL3	0.019666179629563452
YBX1	TSSK3	0.01961907998967674
EXO5	ZBTB8OS	0.019610389252527772
ZFP69	MACO1	0.019601238625153165
ZCCHC17	LINC01562	0.019593220973484676
RLF	AL031005.2	0.019584225291847415
ZFP69B	ANKRD65	0.019582708374784895
POU3F1	MAD2L2	0.01955413580140749
TAL1	HOOK1	0.019551704707267106
PRDM16	AL050343.2	0.01953628098429153
NFIA	IFNLR1	0.019534087430853466
KDM4A	DHCR24	0.019516896462950746
ZNF362	CZIB	0.019512649753308617
GMEB1	GRIK3	0.019506266664698315
ZNF691	PAFAH2	0.019493646394472312
ZBTB40	THEMIS2	0.01948437323260036
AKR1A1	RIMS3	0.019457964317663577
CPTP	ERMAP	0.019452996603130282
NFIA	TNFRSF9	0.019448903423128508
ZNF684	SNIP1	0.019442353051073318
SCMH1	CYP4X1	0.01943074723829926
FOXJ3	LINC01358	0.019412432849309887
ZNF691	ZNF436	0.01939977489860268
ZCCHC17	FAM41C	0.01939630640448851
NOC2L	AL513218.2	0.019382356460000038
ZBTB17	CLIC4	0.019372021306374852
TAL1	LINC00339	0.019333776216273524
SMAP2	AL606491.1	0.019329254007803543
EXO5	CITED4	0.01931787529413021
HIVEP3	LINC01358	0.019288158801269606
NOC2L	DLEU2L	0.01927584142453143
MAGOH	C1QB	0.019267513787675154
SSBP3	CPT2	0.01926130861936625
ZFP69B	FGR	0.01924234723709046
KDM4A	AL604028.1	0.019207266542025512
CPTP	LNCTAM34A	0.019203100464736077
NFIA	AL109811.1	0.01919131818171659
KDM4A	TINAGL1	0.019190855837644922
ZBTB40	ANKRD65	0.019189483240410782
POU3F1	AL606760.3	0.019153612555266913
NOC2L	AL031432.4	0.019152908188168276
RLF	LINC02812	0.019139111431400964
ZBTB17	FOXD2	0.019123899691033543
TAL1	MAST2	0.019110704396125694
MTF1	PRKCZ	0.01910760452952762
MAGOH	AL109936.2	0.019065591674933272
HDAC1	NCDN	0.019026124497080864
DMAP1	AL136985.3	0.019020014456981735
MORN1	VWA1	0.019016694516222572
MORN1	STPG1	0.01898784747169705
SSBP3	LRP8	0.01898275035023406
RLF	AL050343.3	0.01896794910528884
ZNF436	MAGOH	0.018933545349484042
ASAP3	TRIT1	0.01891605890690749
SCMH1	TCEANC2	0.01891403118524404
POU3F1	DOCK7	0.018900112246386984
NOC2L	BX293535.1	0.018881592227168554
ZCCHC17	EFCAB7	0.01888026361343083
CPTP	TMCO4	0.01887025057071097
ZBTB48	RUNX3	0.018865553201349472
POU3F1	C1orf174	0.018859281209790066
ZBTB48	THEMIS2	0.018858464973127546
NFYC	ZFP69B	0.01885467349781342
ZNF436	LINC01409	0.018830445653463018
HP1BP3	HPDL	0.018815075618062997
ZBTB17	ZFYVE9	0.018800798485197827
ZBTB40	AL031727.2	0.018790279953851484
NFYC	CCDC24	0.018774192668891035
NFIA	FAM41C	0.01877120744625406
ZNF362	WDR78	0.018742387958124475
HES4	KLHL17	0.018729255975625404
KDM4A	SMAP2	0.01872236294974774
NOC2L	SH3D21	0.018719667628159374
GMEB1	AL135960.1	0.018717782606797725
NFYC	CDA	0.018709846190725975
CPTP	EPHA10	0.01869803725728547
HIVEP3	AZIN2	0.018684361828561428
ZBTB48	DAB1	0.01864248028644474
RLF	STPG1	0.018634390999516002
FOXJ3	ERMAP	0.018621634268016916
HIVEP3	SLC35D1	0.01861817287463185
HDAC1	SGIP1	0.018617874022998974
ENO1	TTLL10-AS1	0.018596898007262073
HEYL	RLF	0.01858743165347196
MYCL	MICOS10	0.018584599016436082
PRDM16	LCK	0.018569352104703413
SSBP3	BMP8B	0.018567092562379123
SCMH1	SLC35E2B	0.018558498844312484
ZNF436	LINC02777	0.018556582664839033
SCMH1	SPSB1	0.01855189463312887
FOXJ3	CORT	0.01854325841033873
HES4	MDS2	0.018535615432127197
MTF1	PUSL1	0.018530618768904814
ZNF691	CAMTA1	0.01851321723745654
HDAC1	FOXO6	0.01850866585853931
CPTP	AC004865.2	0.01848546149878349
ZBTB48	LINC01137	0.018485194362714338
ZBTB17	FAM167B	0.018456360913434767
ZBTB48	MARCKSL1	0.018442315040891215
HEYL	DDOST	0.01843970651193911
FOXJ3	ZDHHC18	0.018423641111015562
ZCCHC17	CROCC	0.01842359471490989
POU3F1	CPT2	0.01839223654748514
HEYL	CNKSR1	0.018391637508489437
PRDM16	LINC00115	0.01838538112280825
ZNF691	ATPAF1	0.01836869446601344
HDAC1	AL357078.2	0.01835512937330556
SMAP2	AL357079.1	0.018345187331045617
ASAP3	AL034417.2	0.018318400064337298
NOC2L	AL627309.5	0.01831706723237428
ASAP3	SCNN1D	0.018306039222636027
NOC2L	AL445183.2	0.01830514838850958
HDAC1	KIF2C	0.018275913086394185
VAMP3	PLEKHN1	0.018266451221441486
KDM4A	RSRP1	0.018244702179333598
SMAP2	AL591845.1	0.018242734615829
ZBTB17	AL137127.1	0.01821605874492406
ZNF691	EYA3	0.01820944889016511
PRDM16	EYA3	0.018201082129893145
RLF	AL034417.3	0.01819912735068582
ASAP3	NBL1	0.018180567009840016
NFYC	CYB5RL	0.01817266172003501
VAMP3	AL805961.1	0.018157317893475643
HES4	TNFRSF8	0.018150975738333835
ZNF691	TRIM62	0.018143104141437643
GMEB1	CCDC28B	0.018142213536984097
ZBTB48	AL606760.1	0.01813721163108362
CPTP	DHDDS	0.018129004595650092
ZCCHC17	AL050343.2	0.018102333768836354
VAMP3	DHCR24	0.01809370065604495
SSBP3	COL9A2	0.01808071927483948
NOC2L	LINC01772	0.018072966757993775
ZCCHC17	AL139220.2	0.018046754202934903
HIVEP3	MRPL37	0.018034979893358893
ZBTB40	AL034417.4	0.018034921568402473
NOC2L	FABP3	0.018026103161300152
ZBTB40	LINC02574	0.018004843758932344
NFYC	RAB3B	0.017990656712156515
MTF1	AL096840.2	0.01798256513419574
HP1BP3	PRKAA2	0.01798143032650199
ASAP3	NSUN4	0.01797700898650293
HES5	ATP13A2	0.017948093099655303
ZNF362	TMEM39B	0.017939905863663584
NOC2L	FBXO6	0.017933595070322456
TAL1	KPNA6	0.017925238301635078
NOC2L	GPR3	0.01791173390467754
DMAP1	FBLIM1	0.017890711582983967
HES5	CNKSR1	0.017888011777838622
ZBTB48	ERMAP	0.01787338407023812
AKR1A1	LINC02574	0.017850835860556594
NOC2L	NDUFS5	0.017848221229598397
NOC2L	LINC01355	0.017820028077347595
ZCCHC17	COA7	0.017766827630590284
MTF1	FUCA1	0.017758408803268382
HIVEP3	TRIT1	0.017744157274972593
ZFP69	PODN	0.01773489607650356
ZNF362	LINC01409	0.01771491119791228
ZFP69	DMAP1	0.017708925537734323
NOC2L	ID3	0.017702201775705428
HP1BP3	MXRA8	0.017699783525836208
GMEB1	RAB3B	0.017689360366162633
NFIA	LINC01772	0.01767820915817231
ZNF684	TRNAU1AP	0.01767273454267642
CPTP	LINC01409	0.017665944948685265
NFYC	SNIP1	0.017659179951190238
ZBTB48	EIF3I	0.0176582954648791
SCMH1	PIGV	0.01765224446859405
AKR1A1	TRIM62	0.0176396652944314
SMAP2	RAB3B	0.017590218680875173
MYCL	SLC45A1	0.017576785121974216
MORN1	THEMIS2	0.01751218410874529
ZNF691	CNR2	0.017497795756435473
FOXJ3	TTC22	0.01748996245083394
HIVEP3	SLC45A1	0.017470045059952494
GMEB1	LINC00115	0.01746660469240289
NFIA	SFN	0.017459918976989244
NFYC	SMIM1	0.01745641627089956
MTF1	OMA1	0.017452207205083288
NOC2L	PIK3CD-AS1	0.01744724128208341
ZFP69	CLIC4	0.01744283668398041
HES5	TNFRSF8	0.01743742360878557
RUNX3	ROR1	0.017433673028137087
RLF	FAM167B	0.01740868282852763
ZNF436	OXCT2	0.017384868587198544
KDM4A	TMEM201	0.01736628355768974
GMEB1	ASAP3	0.017355001710352
NFYC	TNFRSF9	0.01733776875411867
POU3F1	SZT2	0.01733567336925002
ZCCHC17	EPHB2	0.017280792126374993
CPTP	AL590822.3	0.017270416464057897
NOC2L	C1QB	0.01721574225698347
RLF	FHAD1	0.017195756326858085
NFYC	AL645728.1	0.017187989016888748
E2F2	CMPK1	0.01718386594013165
EXO5	UBE4B	0.017166828587619407
ZSCAN20	SYNC	0.017159376227513855
FOXD3	C1orf122	0.017147218485399265
NFYC	ZMYND12	0.01713309849686975
AKR1A1	PINK1-AS	0.017131825992065548
SCMH1	AC004865.2	0.017126093340795963
ZNF362	PATJ	0.017117616706486177
VAMP3	AL513493.1	0.017083652773470452
DMAP1	STX12	0.017059264438512037
RLF	INTS11	0.017058354315267307
ZNF436	PRKCZ	0.017045933039026
HES4	AL050341.2	0.01703801943959648
LUZP1	WNT4	0.01703545819450948
NOC2L	CNKSR1	0.017033783049169665
ZSCAN20	CDC42-IT1	0.017001526389755824
FOXO6	AKR7A2	0.016997845345999563
MORN1	ZMYM6	0.01699119153417674
ZNF436	ORC1	0.016934283063947543
ZNF436	HCRTR1	0.016933138504125898
FOXO6	SMAP2	0.01692118951264386
ZBTB17	ERRFI1	0.016915953115245873
PRKAA2	AKR1A1	0.016914183149890506
ZNF691	ARTN	0.016894309846246385
AGMAT	ATAD3C	0.016888948370610495
HES5	KIAA2013	0.0168491551536824
RLF	NOL9	0.016846377813332803
KDM4A	DMAP1	0.016839711737884264
SSBP3	SLC45A1	0.016834856617762402
SSBP3	PAQR7	0.016832637232002193
HDAC1	SCP2	0.016813223964537074
DMAP1	HPCAL4	0.0168068091597598
NOC2L	MIR34AHG	0.016800099358848932
VAMP3	CCDC24	0.016793261027974297
ZFP69B	TENT5B	0.016782365848732037
TAL1	MTFR1L	0.016772805328746598
ZNF684	GPR157	0.01677128099888884
FOXO6	NFIA	0.01676572708487494
ZBTB48	TCEA3	0.016701843058489277
SSBP3	MDS2	0.016656331130865128
GMEB1	CAMK2N1	0.016651141783159386
GMEB1	RCAN3AS	0.016648518517686284
SSBP3	PINK1-AS	0.016645237085973107
ZNF684	HSPB7	0.016641755983438408
ZNF691	CCDC30	0.016637068201869366
GMEB1	RPL11	0.016633979886747165
POU3F1	SLC30A2	0.016626003965425566
HEYL	RSRP1	0.01662016466433752
ENO1	BMP8B	0.016615986525026872
PRKAA2	CZIB	0.016614658189014017
ZNF362	DMRTA2	0.0166119569816349
LUZP1	CPT2	0.016606081260483352
ZBTB40	AUNIP	0.01659156686751813
VAMP3	C1orf216	0.016582683433469022
HDAC1	AC119677.1	0.016581444564406102
ZBTB40	MANEAL	0.016562780007813478
HES5	DFFB	0.01654825394106844
ZNF436	AHDC1	0.016548063015418255
ZBTB40	UBXN10-AS1	0.016525360078397923
AKR1A1	CAMTA1-DT	0.016520860452641475
FOXJ3	C1orf167	0.016518076557553815
RUNX3	AL357078.2	0.01650319536500302
MYCL	PRKAA2	0.016498918411291915
KDM4A	ZC3H12A	0.01649406410282797
AGMAT	ZBTB8A	0.01647962093157497
AKR1A1	LINC01772	0.01647681686730881
GMEB1	ZNF436-AS1	0.01647654699554588
DMAP1	AL590822.1	0.016467452354444263
HEYL	MEAF6	0.016463560964151393
MTF1	DPH2	0.016457961718699062
CPTP	MOB3C	0.016457482144872974
ZBTB40	LCK	0.016408189712153028
AKR1A1	AL020996.1	0.016398336485953117
ZFP69B	ARHGEF10L	0.016382131123627137
MTF1	ARMH1	0.016346193188166665
ZFP69	MATN1-AS1	0.016332336910984558
NFYC	SLC35E2A	0.016321584738088524
MTF1	RNF207	0.016300923442623964
MTF1	FBLIM1	0.01629901823496923
SFPQ	EXTL1	0.01628749716359045
SCMH1	BEST4	0.016239176056764473
MTF1	OSCP1	0.016211810963058508
RUNX3	PRKCZ	0.016205389251403905
VAMP3	AL691432.2	0.016167327742696275
AGMAT	DFFA	0.01612379500446274
SCMH1	HOOK1	0.01610281238212269
GMEB1	RPL22	0.016088291174115896
RUNX3	AL139286.2	0.016077189951003525
POU3F1	CD52	0.016065779233479294
ZBTB48	FBXO44	0.01605365549624728
HDAC1	ZNF436-AS1	0.016050514831936622
ZNF684	EMC1-AS1	0.016050282583009844
DMAP1	AC254633.1	0.01604458820608906
ZBTB40	AL357079.1	0.01603831949568131
HDAC1	GJA9	0.016030307205527203
VAMP3	TMEM269	0.016030089591516083
HES5	TMCO4	0.01602414129493681
MTF1	YIPF1	0.016019597793659548
FOXJ3	GPR3	0.015963651422873884
SCMH1	SELENON	0.01595572464765282
NOC2L	PLEKHN1	0.015951476015015457
ZBTB48	FABP3	0.015946859737034236
HIVEP3	RPL22	0.01594255288327165
PRKAA2	CEP85	0.015939821334367246
HDAC1	NDC1	0.015909270464016793
AGMAT	AC004865.2	0.015905005212271773
FOXJ3	CRYBG2	0.01589879215454212
ZBTB48	ST3GAL3	0.01588602239463879
ZFP69	ZFP69B	0.015871374046635283
RUNX3	AL031432.3	0.01587113158901964
KDM4A	DDI2	0.015860009202137863
SSBP3	AL096840.2	0.01585823321531843
ZBTB17	RNF223	0.015854185500074086
ZBTB48	VWA1	0.015851917229187253
HDAC1	AL445183.2	0.015828899927683715
HEYL	AL121992.1	0.01582537250545608
ZCCHC17	ACOT11	0.015823599410459972
RLF	SAMD11	0.01582313811663898
ZNF684	PNRC2	0.015821841664698053
MYCL	THAP3	0.015785630670391394
GMEB1	AL590822.2	0.015764568120738443
SCMH1	SCP2	0.01576369898746002
PRDM16	MED8	0.015760713704742378
AKR1A1	AL033528.2	0.015756847893408865
GMEB1	FBXO42	0.015744309969370845
SSBP3	BMP8A	0.015741252022123085
FOXJ3	AL139289.2	0.015730695781415834
ASAP3	SH3D21	0.01572777434348159
SCMH1	ACAP3	0.0157240200892361
CPTP	TCEANC2	0.015722155432575876
HES4	AL590434.1	0.01571923816904403
ZNF691	TTC34	0.015716581920239437
MAGOH	SLC2A1	0.01571585527047776
ZBTB40	DFFA	0.01571287681047575
POU3F1	AL136985.3	0.015708754761708767
FOXO6	MED8	0.015685718320092492
ENO1	AL451042.2	0.015683486729665873
YBX1	CDCA8	0.01568211514910163
HIVEP3	PTAFR	0.01568147419087058
PRDM16	ST3GAL3	0.01567800868418081
ZNF436	AC119800.1	0.015674308061067566
SSBP3	AC114488.3	0.015670147397131497
FOXJ3	RAB3B	0.01565872366985938
SCMH1	TACSTD2	0.015637214060995233
NOC2L	FNDC10	0.015607275850554315
POU3F1	YBX1	0.015600543786417275
EXO5	TINAGL1	0.015575097592021112
HES4	ZYG11A	0.015572973371340814
NFIA	SKI	0.015566402686102262
HDAC1	FAAH	0.015561646278892595
VAMP3	MIR4422HG	0.015550742780577165
VAMP3	TMEM240	0.015544760123406932
FOXJ3	Z97987.1	0.015534367919722814
HP1BP3	CSMD2	0.015527217377380723
SMAP2	CELA2A	0.015522288181938213
DMAP1	DISP3	0.015517422591926183
ZBTB48	SAMD11	0.015493547335141113
SCMH1	FAAH	0.015457983611510373
SMAP2	AL031727.2	0.01545381187686938
KDM4A	AL034417.3	0.015441121889633983
ZBTB40	CNKSR1	0.015434244071274646
ZBTB17	NBL1	0.015418107679071697
ZBTB48	AL020997.2	0.01537284314120193
NFIA	KANK4	0.015358454018495591
NOC2L	KPNA6	0.015340933633509609
PRDM16	ECHDC2	0.015333427313180912
MAGOH	FABP3	0.015331310639065957
PRDM16	YARS	0.015313929378713032
HIVEP3	ARTN	0.01530783422193876
RUNX3	LINC01771	0.015305785984220322
NFYC	YBX1	0.015304643380047233
RUNX3	EXOSC10-AS1	0.015289135598408702
ZFP69	CAMTA1	0.015272561501853939
CPTP	DHCR24	0.015266074528455678
ZBTB48	CLCN6	0.015256453617342975
FOXJ3	ZMYM4	0.015253695030957368
SMAP2	SAMD11	0.015228583126241146
ZNF362	IQCC	0.015226709296960989
ENO1	AL031602.2	0.015165574463653927
HES5	EFCAB7	0.015164770626010621
ZFP69B	PRDM16-DT	0.01515580863976645
HDAC1	PRDM16	0.015152518768556104
MTF1	RERE-AS1	0.015150659212846538
ZNF362	NFIA	0.015148607207556872
MTF1	AGRN	0.015139641788751922
ZNF684	LINC01409	0.015118629386449091
MORN1	FOXO6	0.015112845972060317
LUZP1	AL109811.2	0.01510306550050415
HES4	EPHB2	0.015100751744173236
ZCCHC17	UBXN10-AS1	0.015098747758185932
SCMH1	HIVEP3	0.015069340403126014
SFPQ	LINC01562	0.015068301024780115
NFYC	UTS2	0.015067634808595605
SMAP2	SGIP1	0.015062125691557933
FOXJ3	FOXD2	0.015061356199347732
NFYC	AJAP1	0.015043349706713751
NOC2L	GABRD	0.015018942043054609
MAGOH	PLCH2	0.01501537012784695
FOXJ3	TP73	0.015000770367328437
ASAP3	MORN1	0.015000761991350848
AKR1A1	AC119674.1	0.0149951531806075
RLF	AC099791.4	0.01498780928794786
MAGOH	BMP8B	0.014981801857463136
ZCCHC17	GABRD	0.014973632742411322
ZBTB40	RBP7	0.014941867242062291
EXO5	EPHA2	0.01491464385309876
RUNX3	AL603839.3	0.01490712032368799
ZBTB17	CDCA8	0.014889177389416626
POU3F1	SLC2A1-AS1	0.014879405966798279
NOC2L	AL121992.1	0.014869859353117413
ENO1	CAMTA1-DT	0.014861544763207946
CPTP	CLSPN	0.014845134843735733
LUZP1	CSF3R	0.01483937899183891
ZNF362	FAM131C	0.014830419958032791
DMAP1	FBXO44	0.014815102404682071
SCMH1	LAPTM5	0.014800879962973777
FOXJ3	AL356055.1	0.014799500475037603
SSBP3	TNFRSF9	0.014786635357265822
ZBTB40	SLC35E2A	0.014780094362798183
GMEB1	EXO5	0.014752862999009854
RLF	TFAP2E	0.014751862703186796
FOXD2	TMEM35B	0.014747746750454822
TAL1	SCMH1	0.014745670483440294
CPTP	RHD	0.014725979237357332
AKR1A1	TMEM240	0.014725897119735952
VAMP3	NSUN4	0.014712854409372516
ZCCHC17	KDM4A-AS1	0.014708843854356437
POU3F1	PEX14	0.014682793346336424
PRDM16	HSPB7	0.014679492347422326
ZBTB48	AL109811.2	0.014652775754812046
GMEB1	TMEM51	0.014649836082122647
NOC2L	STPG1	0.0146405063640271
MAGOH	PLA2G2C	0.014631013681173087
HIVEP3	AL513493.1	0.01462455965033112
ZFP69B	ELOVL1	0.014624011689485704
ZBTB17	SLC2A1	0.014622848327885147
SFPQ	WNT4	0.014608805952753254
KDM4A	CCDC24	0.014599792626714122
JUN	AC093424.1	0.01459616922961525
MTF1	GJA4	0.01459129976761282
ZNF362	RPL11	0.014581915639091355
TAL1	ACOT11	0.01455898686577112
HIVEP3	PTPRF	0.014538475181612335
TFAP2E	RLF	0.014523358893321339
NFIA	AL357140.1	0.014516518401210939
ZNF684	AGMAT	0.014514631457770487
POU3F1	LURAP1	0.014487282495445132
HES4	SLC1A7	0.01446622341588267
ZBTB17	LINC01772	0.014457256583390487
HIVEP3	MTF1	0.014453020010378043
CPTP	AL096840.2	0.014447003705443497
ZFP69	SRSF4	0.014441105977486563
FOXJ3	C1QC	0.01443866264454021
KDM4A	IPO13	0.014432568881055126
HIVEP3	BX284668.6	0.014423746591802724
ZNF362	UTP11	0.014417164428497813
GMEB1	SLC6A9	0.01441179147074401
AGMAT	SCP2	0.014406624093635186
KDM4A	CLSPN	0.014395009129124958
TP73	PRDM16-DT	0.014393730998910413
VAMP3	RIMS3	0.014377946374237805
POU3F1	SLC66A1	0.014376100008057998
GMEB1	KDM4A-AS1	0.014375247809665629
POU3F1	UROD	0.014368320948908737
SSBP3	AL139286.3	0.014366424480020672
SCMH1	ST3GAL3	0.014364901805890793
ZFP69B	CDC42-AS1	0.014363346224591962
GMEB1	CNR2	0.014362479797408423
SMAP2	PLEKHN1	0.014351036887810184
ASAP3	IPP	0.014341621715392393
AKR1A1	PIK3CD-AS1	0.014320859618520206
NFYC	C1orf159	0.014317002710373445
SFPQ	E2F2	0.014293710274919416
RLF	TTLL10-AS1	0.014290096964272733
NOC2L	ORC1	0.014289817817106719
SSBP3	TNFRSF18	0.01427487403307237
VAMP3	WDR78	0.014270661806581143
NFIA	LINC01715	0.014240513584619205
ZNF362	AL513218.2	0.014224871006515377
RLF	BX293535.1	0.014223664932574997
SSBP3	AL805961.1	0.014217400673287216
AKR1A1	AL109811.1	0.014193573979382632
DMAP1	YIPF1	0.01418455507005741
MTF1	HMGCL	0.014159529137840337
MTF1	LINC01128	0.014137557100202343
ENO1	FAM87B	0.014130726865038124
ZBTB40	MIER1	0.014105377639021246
NFYC	DLEU2L	0.014094748502776665
FOXJ3	AL109627.1	0.014092974096465961
AKR1A1	PLA2G2C	0.0140878002230411
VAMP3	MTF1	0.014082637380549453
NOC2L	IFNLR1	0.01406914644201014
SSBP3	WRAP73	0.014066761801763882
SCMH1	CROCC	0.014060941990676768
ZNF684	EMC1	0.014049906344262949
ZBTB48	UQCRHL	0.014048230413704172
AKR1A1	CENPS	0.014019357611581735
CPTP	AL137127.1	0.014004742569487147
ZCCHC17	RSRP1	0.014000057917383239
HEYL	AL360012.1	0.013987976348060854
LUZP1	EYA3	0.013984485533963066
HDAC1	PADI2	0.01397766529394285
SCMH1	GJA9	0.013976928515430115
DMAP1	LNCTAM34A	0.013937867302028463
RLF	NBPF3	0.01393633972402525
ZNF691	PHACTR4	0.013928083022256846
VAMP3	CYB5RL	0.013886498404441254
SFPQ	AC119677.1	0.013874321453345202
HP1BP3	SLFNL1-AS1	0.013868713061770751
ZNF436	AL391244.2	0.01383907675598531
ZNF362	YTHDF2	0.013838362947005398
ZBTB40	MRPL20-AS1	0.013783403317603062
CPTP	AL031280.1	0.013764779935668409
RUNX3	IPO13	0.013763059911640283
POU3F1	ARTN	0.013751133177783799
GMEB1	ARHGEF19	0.013723191755544492
ZNF436	TEKT2	0.013716806045932346
HIVEP3	ATG4C	0.013716387122570183
SSBP3	LDLRAD2	0.013713785146618007
ZSCAN20	AL357140.1	0.013696937869937125
ZNF362	FNDC5	0.013695426392001697
MAGOH	NBPF3	0.013678157036675697
DMAP1	THEMIS2	0.013667812785472681
ZBTB48	CDKN2C	0.013667612775247296
SCMH1	ZBTB17	0.01366289174621
NFYC	PDIK1L	0.01364060050331928
RLF	AC119800.1	0.013635790548202907
KDM4A	PLK3	0.013632108899865405
NFIA	AL590822.1	0.013625774764090309
POU3F1	POMGNT1	0.013595680628347574
MTF1	AL031432.4	0.01357929774390529
SCMH1	AL031432.5	0.013578642374342573
YBX1	AL096840.2	0.013576894635695436
ZNF362	AL031432.3	0.013569406329355275
NFIA	AL512408.1	0.013556184822308907
HIVEP3	TINAGL1	0.013546062366120376
SSBP3	AL137802.2	0.013539731200247321
POU3F1	MACF1	0.013532872061603753
NFYC	OSCP1	0.0135135404860345
MTF1	EFCAB7	0.013501293097201291
RLF	AL031005.1	0.013482013280864333
ZBTB17	LZIC	0.013451154661838065
ZNF684	SCNN1D	0.013448122870970445
RLF	AL139286.2	0.01343206410849833
POU3F1	TTC22	0.013430531855066676
HDAC1	LNCTAM34A	0.013416534934613134
NFYC	AGMAT	0.01340660354541676
AGMAT	KDM4A-AS1	0.013406411816504812
HDAC1	BMP8B	0.013405493178935754
ZBTB17	NBPF3	0.013392004651615094
NFIA	IL23R	0.013365275206453982
NOC2L	AL139286.3	0.013337848866799232
ZFP69	EYA3	0.01333506373241637
SSBP3	SCNN1D	0.013313230461947014
ZBTB17	CALML6	0.013304163863525138
POU3F1	TMEM35B	0.013302114254468292
HIVEP3	GJA4	0.013292304011727984
AKR1A1	AL031727.2	0.013288944721901029
ZBTB17	EMC1-AS1	0.013287028571619069
NOC2L	PRKAA2	0.013249075919960097
KDM4A	CTPS1	0.013217897915617904
NFIA	RNF223	0.013217842093237786
TAL1	PUSL1	0.013215658687675944
MYCL	ANKRD65	0.01321224804818877
ZBTB17	WRAP73	0.01320406669564881
HES5	FAM131C	0.013200005604394983
ZNF362	STPG1	0.013183816553728175
LUZP1	AL139286.2	0.01317679362037283
HES4	CSMD2	0.013175242892044687
FOXO6	PTCH2	0.013161693934641823
ZFP69B	ATAD3B	0.013145368114839028
HDAC1	AL359881.1	0.013143114693849043
KDM4A	FOXD2-AS1	0.013133345146011723
HES5	PEX14	0.0131321353967938
MTF1	CYB5RL	0.01312432358567657
VAMP3	BX293535.1	0.013122672922504559
ASAP3	AL359881.2	0.013116965452454743
KDM4A	AL139289.2	0.013110907580824675
HES4	LINC01135	0.013075096745479917
ZBTB48	CAMTA1	0.013058228020462814
ZSCAN20	SLC25A33	0.013057016617005554
NFYC	PRKCZ	0.013036582594810928
POU3F1	ZFP69	0.013023675397348134
NFIA	OXCT2	0.013021914918010788
PRKAA2	CELA2A	0.013021016588353113
PRDM16	SMIM1	0.013009009207231413
HEYL	IPP	0.012989473101404926
DMAP1	LINC01772	0.012970192717575236
AGMAT	WASF2	0.012964807951078705
SSBP3	SMIM1	0.012964729103874594
KDM4A	MMP23B	0.012958473447492787
MTF1	RPS8	0.012956332339616837
POU3F1	GJA9	0.012946517907375324
NFIA	AL162430.2	0.012944798187653215
CPTP	YBX1	0.012943274825675736
MTF1	ARHGEF19	0.012938091106609678
SSBP3	L1TD1	0.01292535302813978
LUZP1	SLFNL1-AS1	0.01288149117273126
ZNF436	PTCH2	0.01288005410248612
MTF1	AL606760.3	0.012873194469744102
EXO5	RBBP4	0.0128716256892455
ZCCHC17	NCMAP-DT	0.012852539948751646
SSBP3	TMCO4	0.012844974888583592
AKR1A1	SAMD11	0.012842848145515779
LUZP1	AL512408.1	0.012838013254420919
MTF1	AKR7A2	0.012835664287175131
ZFP69B	CAMTA1	0.012826626821445607
ZNF436	FAM229A	0.012816808185579879
ZBTB17	TNFRSF9	0.01281440324777942
ZCCHC17	PRKCZ-AS1	0.012792065931647398
ZBTB17	TINAGL1	0.012780994070638551
TAL1	AL031280.1	0.012753561971037261
GMEB1	ID3	0.01274327157030658
ZFP69B	ALDH4A1	0.012741012243791558
SMAP2	AL513218.2	0.012731024881792924
RUNX3	DISP3	0.012724353889938415
SCMH1	JUN	0.012716086561562088
NFYC	LINC01135	0.012713894945355898
HES5	UBE2J2	0.012711301503894223
TAL1	PRKCZ	0.012686687805744232
RUNX3	HPDL	0.012682523275918237
AGMAT	MATN1	0.012678486714702758
ZBTB40	BMP8B	0.012677992610794905
HES4	AL031005.2	0.012666972595074577
CPTP	ZMYM1	0.012652648362032799
TAL1	HSPB11	0.012627937126866183
POU3F1	DNAJC16	0.012616723002772537
ZBTB17	ZYG11A	0.012603616187505669
HES4	SMIM1	0.012601082196913638
ZNF362	CAP1	0.012599805316522984
NFIA	AL357078.2	0.012597026579378303
TAL1	FBLIM1	0.012584548700752898
TAL1	PDZK1IP1	0.012571395267755322
ZNF362	AC093425.1	0.012558429402981273
MORN1	AL358075.2	0.012553435439024362
HES5	AL606760.3	0.012545127099752293
ZNF691	CCDC163	0.012539435679859962
HP1BP3	AL161644.1	0.012533728266592693
EXO5	ID3	0.012524591631939253
HDAC1	ASAP3	0.012466985480451113
ZFP69B	AL627309.5	0.012456636579651301
NFIA	HYI-AS1	0.012436062999886222
RUNX3	RIMS3	0.01242293471633797
HEYL	ERMAP	0.012380185543448406
ZBTB40	TMEM51-AS1	0.012378697115280122
MAGOH	FOXD3	0.012372969582806318
HES5	BMP8B	0.012367159851799593
TP73	AL096840.2	0.012364010080214352
ZNF362	SMIM1	0.012362735763784997
HEYL	HECTD3	0.012349803405793475
RUNX3	FHAD1	0.012338442149236097
NFYC	L1TD1	0.012336668432388313
HES5	TCEANC2	0.012335815907297962
ZBTB17	SH3D21	0.012323835255486798
NFYC	TFAP2E	0.012314144142130626
ASAP3	ZBTB40	0.01229663393983726
E2F2	PTCH2	0.012289203404387028
HP1BP3	AL662907.3	0.012267423696088825
ASAP3	OXCT2	0.012251784264469084
GMEB1	SLC45A1	0.012231447787962743
FOXJ3	OXCT2	0.012214705467148548
PRDM16	AL031283.2	0.012206061809969367
ZBTB40	PLA2G2C	0.01219553195005449
POU3F1	TMEM125	0.012184289985762193
ZNF362	HECTD3	0.012177517483764744
ZFP69	RBP7	0.012164867255174532
ZNF436	RHCE	0.012163788246775224
HIVEP3	PRDM16	0.012158250031788534
ZNF436	CYP4X1	0.012150507479752834
FOXJ3	COL9A2	0.012141343646628895
VAMP3	ARHGEF16	0.012136009725644142
TP73	TRIM62	0.012102922073696972
HP1BP3	ATP5IF1	0.01208983029020556
VAMP3	AL031985.3	0.012078124063219705
HES5	MMP23B	0.012062631882829983
SCMH1	HSPG2	0.01205797143030524
ZFP69B	UQCRH	0.012052802752206555
ZNF362	AGO4	0.012047201120944016
HDAC1	BMP8A	0.012042742828264064
TAL1	SZT2	0.012038039733893967
NFIA	TTC39A	0.0120330591031517
PRDM16	C1orf109	0.012001634697063245
FOXO6	CD52	0.011973720101559173
VAMP3	SFN	0.01196936168922964
ZNF436	NFYC-AS1	0.011964844429781225
MORN1	LEPR	0.011957886990489932
HDAC1	IFNLR1	0.011914553239943759
PRDM16	SLC35E2B	0.011895025339914472
ZNF436	UBXN10	0.011890207724227478
MTF1	PRDM16-DT	0.011889557340646258
GMEB1	PPP1R8	0.011886971542267491
HES5	MYSM1	0.011883053672558725
ZNF684	KLHL17	0.011876551838302758
RUNX3	KIF17	0.011876542071983532
ZNF691	ZBTB40	0.01186449694753048
SSBP3	AL359881.2	0.011842962346868217
ZBTB40	BX284668.5	0.011834098987999999
LUZP1	TMEM125	0.01182785848976954
MORN1	PGM1	0.011820158776038084
AKR1A1	CRYBG2	0.011819399211878528
SSBP3	TTC39A	0.011814669196335602
HES5	AL031005.2	0.011806554915545235
ZBTB48	SLC2A1-AS1	0.011799585164171459
TAL1	BSDC1	0.011780215002240302
NOC2L	EXOSC10-AS1	0.011775646088462913
POU3F1	AL031985.3	0.011765216274502508
HP1BP3	SLC2A1-AS1	0.01175347104127718
HIVEP3	LINC01767	0.011751171439459276
ZNF436	RIMKLA	0.0117457115654189
ZBTB40	LEPR	0.011714305674505134
DMAP1	PLA2G5	0.011711308858209897
EXO5	AL691432.2	0.011706471069448473
ZBTB40	TRNP1	0.011703355507094487
ZFP69	TXLNA	0.011686656567232638
HDAC1	THEMIS2	0.011686394067099605
NFIA	ZYG11A	0.011682995994884928
MAGOH	TRNP1	0.011681493002273561
FOXO6	MTHFR	0.011656594629608358
LUZP1	AL096840.2	0.011654893349333704
YBX1	AL603839.3	0.011609587011126729
MORN1	KCNAB2	0.011596219817227976
CPTP	KDM4A-AS1	0.011577342670093539
FOXJ3	CAMTA1-IT1	0.011577059170280951
ZFP69	TTLL10-AS1	0.011570026175069774
EXO5	MEGF6	0.011561867987982042
ASAP3	MRPL20-AS1	0.011555414613472249
GMEB1	CENPS	0.011546974148979875
FOXO6	PINK1	0.011546669943786525
SSBP3	ZFYVE9	0.011543543383642456
ZNF436	MTF1	0.011533443173632215
ZBTB48	ZMYND12	0.011529767764384205
NFYC	C1QA	0.011529579192399327
MAGOH	WNT4	0.011527612627541402
MTF1	AL645728.1	0.01152506636006796
MAGOH	CA6	0.011520037895795645
NFYC	ACAP3	0.011515812545088554
FOXJ3	FAAH	0.011493446745150905
NFIA	AL033528.2	0.01146781574070437
MTF1	OXCT2	0.011454007991011506
HIVEP3	C1QTNF12	0.011447421282245893
ENO1	SRARP	0.011443337949166688
SCMH1	AL645608.7	0.011434455934249674
NFYC	C1orf109	0.011426437705271256
RUNX3	AL359881.2	0.011426086897506463
RLF	AL031602.2	0.011416967151237191
ASAP3	OTUD3	0.011393300541629021
ENO1	COA7	0.011386276979858839
NFYC	ATP13A2	0.011360631157117714
CPTP	AL590822.1	0.01134880553754726
ZBTB40	KDM4A-AS1	0.0113276711963375
TAL1	UQCRHL	0.011310849606489355
SSBP3	KLHL17	0.011298580542851001
ZBTB48	AL020996.1	0.011286621128483774
VAMP3	ZFP69B	0.011286485525650605
DMAP1	IFNLR1	0.011282780512731983
SSBP3	AC119800.1	0.011258998805261683
TAL1	LINC01137	0.011258314407178803
HEYL	ECE1	0.011257922692357961
ZFP69	ZYG11B	0.01124997112848042
PRDM16	MRPL20-AS1	0.011246964033705268
TAL1	MATN1	0.011238916890313136
NOC2L	PLA2G2C	0.011237366498950529
ZNF684	PDE4B	0.011236601088218135
HDAC1	TTC34	0.011232646892983875
SCMH1	AL031728.1	0.01123102621371135
ZBTB17	NFYC-AS1	0.011212894515637126
HES4	FGGY	0.01121255653196825
AGMAT	NBL1	0.011211258573709516
MYCL	WDR78	0.011208285834473596
HDAC1	AL450043.1	0.011199736845406823
GMEB1	LRRC47	0.011186855224034701
HP1BP3	MED8	0.011185508321994131
SSBP3	AL139424.2	0.011179635428335092
ZBTB48	CELA2B	0.011179600810449724
GMEB1	SLC35E2A	0.011174252700180192
ZBTB48	HMGN2	0.01116802070602495
FOXJ3	C1QA	0.011155136519874664
TAL1	TOE1	0.011153284985596134
ZBTB40	HMGCL	0.011150500043170811
ZBTB48	AL161644.1	0.011146131284565496
AKR1A1	FAM43B	0.011133741892966493
FOXJ3	LEPROT	0.011132572439712982
AGMAT	ID3	0.011129175949554928
RUNX3	ARTN	0.01112647006516672
RLF	BMP8A	0.011116394908228104
VAMP3	AL031005.2	0.011104787021722002
NFYC	BX293535.1	0.011103858717907727
AKR1A1	KIF2C	0.01108592776090798
ZBTB17	FUCA1	0.011071426216405741
MORN1	LEPROT	0.011058383167262232
HDAC1	TFAP2E	0.011049205428844534
SSBP3	SLC66A1	0.011045334541474208
ZBTB17	FAAH	0.011040021765735555
VAMP3	MFSD2A	0.011033721618139099
PRDM16	ID3	0.011022989653759318
ZFP69	SVBP	0.011019353982060357
POU3F1	SFN	0.011016140167107275
CPTP	FOXD3	0.01100579040356013
ZNF684	ERRFI1	0.011001520488272486
ZBTB17	AL357140.1	0.010990768476904977
ZBTB48	AL034417.3	0.010981712400615745
ZBTB48	AL020997.5	0.010962199331557317
POU3F1	AL031728.1	0.010962038825553687
ZBTB48	LINC01767	0.010960120098371634
POU3F1	PNRC2	0.01095239381133048
RUNX3	CAMTA1-DT	0.010947350167014787
SSBP3	FAM43B	0.010936754155893694
ZBTB17	RBP7	0.010932894521592573
KDM4A	ACOT7	0.010930696612021755
HDAC1	AL390719.2	0.010929016880674398
RLF	UQCRHL	0.010925911529180305
SCMH1	UTS2	0.01091529212129333
HDAC1	AL513218.2	0.010902979390261707
ZFP69	RPL22	0.010901484498879396
SSBP3	LINC01358	0.010888603921992965
ZFP69	BX284668.5	0.010882417888664979
FOXJ3	KCNQ4	0.01087995409321585
FOXJ3	FOXD2-AS1	0.010876262030556564
GMEB1	ANKRD65	0.01084305441275633
ZNF436	OTUD3	0.01083474479676663
POU3F1	SHISAL2A	0.010827521867993534
ZBTB17	AL034417.3	0.010824773974915443
FOXD2	LEPROT	0.010822467041685496
SCMH1	DPH2	0.010821886319282537
FOXD2	CD52	0.010820295004571812
DMAP1	AL109811.2	0.010813185411006988
ZBTB40	PEX14	0.010804377231475072
MAGOH	PADI2	0.010800570007115172
SCMH1	AGO1	0.010794836570042668
VAMP3	EXTL1	0.010778470425264934
ZBTB48	COL9A2	0.010777696643295141
RLF	AL513493.1	0.010777089901553521
GMEB1	UBXN11	0.010760907428813174
ZBTB40	LINC01715	0.010758182233749471
ASAP3	TMEM240	0.01075504945094044
GMEB1	MDS2	0.010752267169406573
RLF	PLA2G5	0.010736477528948872
POU3F1	NFYC-AS1	0.010733499722272439
ZNF436	TNFRSF9	0.010729687928710532
DMAP1	MDS2	0.010723991964898363
SSBP3	ZYG11A	0.010695066921801109
RLF	ZMYND12	0.01068828510603547
ZNF691	CLIC4	0.01066918597185355
RUNX3	KANK4	0.010654465023172533
ASAP3	PIGV	0.010652742029527748
VAMP3	SLC30A2	0.01062484082134283
NOC2L	E2F2	0.010601848121065275
MAGOH	AL031283.2	0.01058972376648469
ZBTB40	AL136115.2	0.010589694255304039
MAGOH	SLC1A7	0.010575133867307688
ZBTB17	TTC34	0.010571878246761923
MYCL	PDE4B	0.010544597852476797
POU3F1	ANKRD65	0.010541061718582174
PRDM16	SLC45A1	0.010509052446381794
SCMH1	AKR1A1	0.010497459624680378
ZBTB17	GJA4	0.010475159698206062
LUZP1	MRPL20-AS1	0.010459076608727507
HDAC1	AL050343.2	0.010454449196830617
ZFP69	ZMYM6	0.010435568442231967
HDAC1	CCDC17	0.010424979570982568
ZBTB17	AL513493.1	0.01042443935537066
HDAC1	CLDN19	0.01042438667140672
MAGOH	AL031602.2	0.010419351659059235
RLF	ZSCAN20	0.010414970698884423
NOC2L	TAS1R3	0.010400312890111483
ZSCAN20	RBP7	0.010380618707301932
LUZP1	CLDN19	0.01037931224897445
VAMP3	DHDDS	0.010374226573966992
ZNF436	AL031283.2	0.010374065653946218
PRDM16	RPS6KA1	0.010371545184742944
GMEB1	NCMAP-DT	0.010367712993278287
ZCCHC17	AL627309.5	0.010355983609001623
AKR1A1	EFHD2	0.010350867666948264
ENO1	ARHGEF10L	0.010350404812536419
SCMH1	ORC1	0.01033200626418071
RUNX3	OSCP1	0.01032010324414187
MORN1	NMNAT1	0.010319032262485666
ENO1	AL606760.2	0.010317485301772214
SSBP3	TFAP2E	0.010315609709317526
CPTP	KCNQ4	0.010312074891409576
ZFP69	LEPR	0.010308854237288726
TP73	AL109811.2	0.010294075326542895
VAMP3	AL606760.2	0.010283505655802128
ZFP69B	ECE1	0.010280809714360472
FOXO6	AGO1	0.010275303043783152
SCMH1	AL359881.2	0.010258717590176117
RLF	AL020997.5	0.010246963062395
ZBTB40	ZFP69B	0.010245532803218802
ASAP3	ZMYND12	0.010243884165588095
SSBP3	AL391244.2	0.010242060122916865
HIVEP3	AL359881.2	0.010234493118173928
ZBTB48	FOXO6	0.010224997101179073
ASAP3	AL590822.3	0.01022293099769517
ZBTB40	SLC30A2	0.010217154357813616
HIVEP3	AL031728.1	0.01020870077331641
MAGOH	AL139424.3	0.010205358287931976
AGMAT	ZMYM4	0.010190442825920323
ZNF684	VWA1	0.010188046637453476
ZNF436	TRABD2B	0.010162510344641915
RUNX3	CLDN19	0.01015358814682993
FOXJ3	FAM43B	0.010143039228876105
ZNF362	TMEM54	0.010141530892864577
RLF	SDC3	0.010134852857352182
FOXJ3	CCDC17	0.010125918695923799
SMAP2	GABRD	0.01012121495661552
ZNF691	OTUD3	0.010115067691257673
ZBTB48	CLIC4	0.010098723978654101
RUNX3	AL034417.3	0.01009682169324781
KDM4A	AC099791.2	0.010085422801321839
EXO5	CACHD1	0.010080128362025409
ZBTB17	FCN3	0.010064382998017582
ZBTB17	CPTP	0.01005455277345098
ZCCHC17	DLGAP3	0.010048434541300574
HIVEP3	HPDL	0.01004755520129406
ZBTB17	AL606760.1	0.010043275440866792
NOC2L	CASZ1	0.01003224223170379
NFYC	CCDC28B	0.010027588323398359
AKR1A1	TTLL10	0.010004264264478918
FOXJ3	SAMD11	0.009994234791231441
YBX1	AC119677.1	0.00999323391120721
NFYC	CDC20	0.009990259649933615
ZNF436	MYSM1	0.009972400224167224
ZCCHC17	AL034417.3	0.009965050056515276
PRDM16	KCNQ4	0.009962771969284374
VAMP3	AL390719.2	0.009949750164583281
ENO1	CALML6	0.00993732895371218
ZBTB17	MED18	0.009920258204777824
ZFP69B	PEF1	0.009915248665584936
ZNF691	SKI	0.009911355710099858
RLF	AL513477.2	0.009891445016079128
MTF1	SGIP1	0.009888054226439005
HIVEP3	RHCE	0.009884700359971273
HIVEP3	ZMYM6	0.009859217535879658
ZSCAN20	AL513320.1	0.009856491929489588
NFYC	NCMAP-DT	0.009851692965430306
ZBTB48	ZSWIM5	0.009851187768105561
PRDM16	CAMTA1	0.009840995879379744
VAMP3	LINC01772	0.009837134159581479
AKR1A1	C1QA	0.009814278377384645
DMAP1	PHF13	0.009802532869787188
SSBP3	AL139424.3	0.00979197612751096
DMAP1	SLFNL1-AS1	0.009768873346644476
ZBTB40	AC093425.1	0.009758819832218013
HP1BP3	AL512408.1	0.009757807905294503
EXO5	GNB1	0.009751313719243338
SCMH1	PLCH2	0.009742111264690767
RUNX3	CCDC17	0.00974067146640108
TAL1	PINK1-AS	0.00973676990613944
MTF1	LAPTM5	0.009732875976108273
SCMH1	ARHGEF19	0.00972936310808087
HEYL	MRPL20-AS1	0.009726657929432421
ZBTB17	RIMS3	0.00972310374700175
ZFP69	PIK3CD	0.009720574892730378
RLF	AL391244.2	0.009717173984099128
E2F2	ATP6V0B	0.009712226694714322
TAL1	GABRD	0.009701589960389261
PRDM16	B3GALT6	0.009694599660646272
ZFP69	AL020997.2	0.009678834341190538
ZFP69	NFIA	0.009673638806347423
ZCCHC17	AL139289.2	0.009661721252237819
NFIA	RIMS3	0.009645375254095517
AGMAT	CD52	0.009639416925001532
HDAC1	MIR34AHG	0.009633407711432115
SCMH1	ZFP69	0.009632160466107969
ZBTB48	CCDC17	0.00963000453556059
MORN1	EBNA1BP2	0.009626625835546831
NOC2L	AL606760.1	0.009620818170852823
NFYC	AC254633.1	0.009619702664708601
HES5	AL513218.2	0.009615247861594999
DMAP1	HSPB7	0.009614022299264072
NFIA	AL139286.3	0.00960423671986847
RUNX3	NFIA-AS1	0.009602144573907321
RLF	AL109936.2	0.009592736301402786
LUZP1	AL161644.1	0.009582940630650601
ASAP3	EIF3I	0.009558894250060042
NFIA	AL691432.2	0.009535544286975693
TAL1	LINC01778	0.009533795670827997
VAMP3	IFNLR1	0.0095042138103632
SSBP3	IL23R	0.009501612879891298
HDAC1	PRDX1	0.009494785256692024
ZBTB17	OSCP1	0.009484825793274193
MTF1	DLEU2L	0.009483644434256769
MTF1	AGO4	0.009482017743434356
MYCL	C1orf216	0.009456348122588668
HEYL	TCEA3	0.009455118075051012
ZNF684	ANKRD65	0.00944929141488902
AKR1A1	AL451042.2	0.009447572034335518
NOC2L	FAAH	0.009444625746589412
SMAP2	AKR7A3	0.009431238839944381
POU3F1	AL356055.1	0.009419114774331983
RLF	AL450043.1	0.009415794947713252
FOXJ3	TTLL10	0.009413693199570574
ZNF362	DFFB	0.00941323373894728
ZBTB17	CYB5RL	0.009390741009105983
CPTP	PRKAA2	0.009390395088336397
ZNF691	VPS13D	0.009385377266411254
ZNF691	KDM4A	0.00934632081882998
ASAP3	AL096840.2	0.009339558302934162
HES5	FAM167B	0.009328183207110296
SSBP3	AL606491.1	0.009317215408446105
ZNF362	PRDX1	0.009313544203167518
KDM4A	SPEN	0.00930657219180994
DMAP1	TRABD2B	0.009290248862036924
HP1BP3	LEPR	0.009286888941307801
SMAP2	PLA2G5	0.00928599331690232
RUNX3	FAAH	0.009283642556099822
RUNX3	BMP8B	0.009279112444179123
ZBTB48	EMC1-AS1	0.009274266026348135
LUZP1	AC093151.8	0.009272230390618688
VAMP3	ACAP3	0.009263346513644643
ZCCHC17	AL512353.1	0.009247021795338544
ZFP69B	MKNK1	0.009244328079824948
GMEB1	CDC42-AS1	0.009220157937597975
SMAP2	AL590438.1	0.00921100168631408
PRKAA2	STMN1	0.009208495082907556
ZBTB48	HYI-AS1	0.009206562661340961
ZBTB40	PRKAA2	0.009203605277301586
KDM4A	PAFAH2	0.009184727957622199
MTF1	CCDC24	0.009156311999964866
SSBP3	AL031432.3	0.009150819095191104
ZCCHC17	HPDL	0.009134495210888216
ZBTB40	AL135960.1	0.009131506026031758
FOXD2	DHRS3	0.009110549180843612
ZFP69	AK2	0.00910491549964317
VAMP3	LRP8	0.009101952510728506
RLF	FOXD2-AS1	0.009098355359402392
KDM4A	PRKCZ-AS1	0.009095768217720231
AGMAT	YARS	0.009086016215636025
NOC2L	KIF17	0.009083053518545386
DMAP1	EFCAB7	0.009081388073332822
KDM4A	AL590822.3	0.009075402805844677
SCMH1	TRIM62	0.009071516005711901
ZNF436	BX284668.2	0.009051293196715018
NFYC	AL109936.2	0.009048380591014553
HP1BP3	CELA2B	0.009035277597795516
FOXJ3	AL513218.2	0.009025043049406403
SCMH1	RPL11	0.009015565614116244
HIVEP3	GNB1	0.009000575044330808
HIVEP3	HECTD3	0.008964903046489192
POU3F1	RIMKLA	0.008963624917657429
SCMH1	AL353622.1	0.008960159957170963
HDAC1	LINC02596	0.008955327658985367
ZNF362	AL034417.4	0.0089516831874349
ENO1	EPHA10	0.008950814387655402
ZNF436	AL031728.1	0.008926041197690462
FOXJ3	TEKT2	0.008921886596671928
HP1BP3	AL162430.2	0.008916346983752921
NOC2L	C1orf159	0.008913656053807084
SMAP2	FAM43B	0.00890145728319177
PRDM16	AL590822.2	0.008890802056455524
SSBP3	AL161644.1	0.008871998885862927
VAMP3	AL137857.1	0.008868690031907215
ZBTB17	AGMAT	0.008840406933335423
NFIA	CCNL2	0.0088379243886874
ZBTB17	AL050341.2	0.008800403940495237
FOXJ3	PDZK1IP1	0.008800275298879093
AKR1A1	AC254633.1	0.008796387092786774
AKR1A1	DLGAP3	0.0087927758164671
NOC2L	UQCRHL	0.00878760587056023
ZBTB17	KDM4A-AS1	0.008772521046594078
ZBTB48	AL356055.1	0.00872674094079538
ZNF684	AL645608.7	0.008724572757092366
ZBTB40	AL356055.1	0.008723495288261506
RUNX3	PTPRU	0.008704198266876169
ZNF436	TTC4	0.008703996111387892
HES4	PABPC4-AS1	0.008685661564189892
POU3F1	NCMAP-DT	0.008679396389830058
POU3F1	CDKN2C	0.008675041931207451
ASAP3	KIF17	0.008654406636476503
ZBTB17	AL137802.2	0.008647147947754102
POU3F1	LINC01135	0.008635711109022726
HP1BP3	TMEM52	0.008635553254986009
DMAP1	AL590822.3	0.008634972004438272
MTF1	IPP	0.008634954999570949
EXO5	AL590822.3	0.008628220976407986
SSBP3	AUNIP	0.008617421716626727
HDAC1	GABRD	0.008613860953270297
RLF	AL512408.1	0.008609441118011723
FOXJ3	SFN	0.008609262939008513
NFYC	ZYG11A	0.008607273597400288
MTF1	IPO13	0.008606175780309288
MYCL	RNF19B	0.008602654774406365
ZSCAN20	AGRN	0.008584213597998694
NOC2L	CCDC163	0.008583964640579556
NFYC	AL353622.1	0.008579727221687327
ZBTB48	EXTL1	0.008577678307383117
ZCCHC17	CLDN19	0.008562432731454642
DMAP1	TMEM125	0.008561561076064272
NFYC	CDCA8	0.00854846193879859
ZBTB48	FO704657.1	0.008539120275316168
RUNX3	ORC1	0.008533017736491986
NFYC	KLHL17	0.00852995472714426
FOXD2	ZYG11B	0.008528475948255676
POU3F1	TNFRSF14-AS1	0.008515842789250229
RUNX3	L1TD1	0.008507152786803637
SSBP3	DLGAP3	0.008504778900399416
NFYC	AL590434.1	0.008497159404698435
ASAP3	HTR6	0.008495522733467709
ZBTB40	AL357078.2	0.008494371654631813
DMAP1	KPNA6	0.008493142983889531
LUZP1	LINC01715	0.00847972194834045
MORN1	HSPG2	0.008478475445479491
NFIA	LINC01771	0.008470039793704523
ZSCAN20	PIK3R3	0.008469769925315507
DMAP1	E2F2	0.008464212112352133
HDAC1	MECR	0.008463538978657247
VAMP3	AL645728.1	0.008458824987362824
FOXJ3	AL137857.1	0.00843070753153182
ZCCHC17	KIF2C	0.008429333654743585
HIVEP3	PHC2	0.008424994487831572
FOXJ3	AL359881.2	0.008417145532951911
KDM4A	PARK7	0.008414753861227678
DMAP1	TTC22	0.008411750509280431
ZNF691	IPP	0.008410108560063483
ZBTB17	BMP8A	0.008409869154927804
ZBTB40	KANK4	0.008403253223162672
HEYL	SPATA6	0.008399409848780636
PRDM16	TMEM52	0.008396025871176445
POU3F1	AC119800.1	0.00839385153326002
KDM4A	SFN	0.008392054517934096
ZNF436	TMEM240	0.00839196363731564
SFPQ	AL358075.1	0.008389179758843103
ZBTB48	UBIAD1	0.008381021751809471
SSBP3	AC099791.4	0.008372532011704722
ENO1	AL662907.3	0.00836560818666112
SCMH1	CTPS1	0.008346935988778304
POU3F1	AGO1	0.008336424508993058
MTF1	CD52	0.008303480250789037
TAL1	MED18	0.008295818899429673
EXO5	UBIAD1	0.00827898261749668
POU3F1	HYI-AS1	0.008275093904948348
ZFP69B	TMEM54	0.008272817991144814
EXO5	LEPR	0.008269954420788154
FOXJ3	FBLIM1	0.008269226969903566
HES5	UTS2	0.00824696226505035
ZFP69	AL020997.5	0.008239453746579908
MYCL	C1orf174	0.008233533118148903
HDAC1	BEST4	0.008232340827148438
ZCCHC17	AL691432.2	0.008215138303875984
CPTP	FOXD2	0.008211487801835846
NOC2L	KDF1	0.008203502525233278
HDAC1	ERMAP	0.008178044863782838
HES4	AL137857.1	0.008170991622150814
HES4	PABPC4	0.008165397568600992
SCMH1	PRXL2B	0.008151183580587003
ZNF691	CASP9	0.008133988741752682
ZNF436	AL020997.5	0.008131107163377302
ZNF684	OSBPL9	0.00812542745359777
CPTP	SYNC	0.00811595800413129
ZNF684	E2F2	0.008109990162676186
ZBTB40	ZNF436	0.008100102568811598
FOXO6	INPP5B	0.008095131359119384
HDAC1	CRYBG2	0.008094596194150448
SMAP2	HCRTR1	0.008084101283656435
NOC2L	AC254633.1	0.00807707237159441
ZBTB17	DLGAP3	0.0080719831541991
JUN	TFAP2E	0.008066691250507935
NFYC	LINC01772	0.008065896638611824
FOXJ3	LINC01355	0.008056024017261082
NOC2L	CDCA8	0.008052757774972897
SCMH1	AC114488.3	0.00804385741240332
ZNF362	YIPF1	0.008024536699372623
VAMP3	AL034417.3	0.008022794724528782
ZBTB17	SLC25A34	0.008010775885508163
TP73	TNFRSF14-AS1	0.008002452820647455
ZNF684	PTCH2	0.007997775841128435
MTF1	PABPC4-AS1	0.007976482048420795
SCMH1	TRNAU1AP	0.007968287235678915
MORN1	NFYC-AS1	0.00796063935805322
HEYL	LINC01783	0.007958565558036864
HIVEP3	CELA2B	0.007954918452307006
SMAP2	TEKT2	0.007954568396070163
ZNF684	FNDC10	0.00793586006628532
NFYC	GJA9	0.007933003761718353
NFIA	FBXO2	0.007932972734581614
TP73	FBXO6	0.007921331381522243
RUNX3	AC093424.1	0.007919094566608463
HEYL	CLIC4	0.007908460976128528
AKR1A1	LINC01358	0.00790609122643935
ZBTB40	S100PBP	0.007901094013350122
TAL1	FO704657.1	0.007879890601331192
ASAP3	AL021154.1	0.007867641648014295
HIVEP3	C1orf216	0.007864450485133796
RUNX3	TAS1R3	0.007857594215809463
SCMH1	MFSD2A	0.007826627226673558
CPTP	PRDM16	0.007810252103921637
ASAP3	SLC25A34	0.00780895627763576
POU3F1	LINC01409	0.0077995929681229734
GMEB1	BX284668.2	0.007796262176875569
ZFP69B	FAM110D	0.007784149335217495
ZBTB40	SDC3	0.0077731653360173575
NFIA	BMP8B	0.00776271287718389
HIVEP3	TTLL10-AS1	0.007762163119392102
MAGOH	LINC01355	0.007760184093496013
TAL1	PAQR7	0.007749191536476558
ZNF436	TTC34	0.007745598810250211
POU3F1	LINC01562	0.007744954831294809
YBX1	AL135960.1	0.007731250443786312
HES5	TTLL10-AS1	0.007730613655375735
RUNX3	PRDM16-DT	0.007726855976880436
ASAP3	MATN1	0.007723045055897057
SFPQ	PRKAA2	0.007708947461909705
HES5	AC004865.2	0.0076893436434853565
ZNF436	AL445248.1	0.0076633495015223955
AKR1A1	PRKCZ-AS1	0.007658930991124759
ZBTB40	IQCC	0.007658495477803789
KDM4A	SLC35D1	0.007642316309356274
ENO1	IPP	0.007637552848444349
ZFP69	CEP104	0.007631998978388106
POU3F1	CCDC30	0.007605668060845063
RLF	TMEM200B	0.007598081786009246
HDAC1	TTC22	0.00759548914709674
ZBTB40	SLC66A1	0.007585609129797459
NFIA	DLGAP3	0.00758483775022595
FOXJ3	SLC2A5	0.007574532177014801
ASAP3	AL109627.1	0.007556858251502764
SMAP2	CA6	0.007552847360078324
AKR1A1	AL139424.1	0.007552551460771141
ZFP69	PDE4B	0.007551559912459471
DMAP1	HYI-AS1	0.007544893100847011
TAL1	UBE2J2	0.007533088391066978
HP1BP3	NFIA-AS1	0.007525991799769324
ZFP69B	BTBD19	0.00751474983879148
TAL1	LDLRAD2	0.007513659303212991
ZNF684	SYNC	0.0074868849346485305
POU3F1	CEP104	0.007476591079567227
RUNX3	LINC01783	0.007465126546508702
MTF1	AGMAT	0.007457576390529049
RUNX3	MMACHC	0.0074427239074629226
NOC2L	VWA1	0.007438354762737371
ENO1	PIK3CD-AS1	0.007429984048124588
NFYC	LNCTAM34A	0.007425944015014329
ZNF684	BX284668.6	0.007422384803789602
HES4	AL805961.1	0.007412882128186469
HIVEP3	FGGY	0.007410515510167225
ASAP3	AL034417.3	0.007399673428141547
AGMAT	PHC2	0.00739653721389991
VAMP3	PGD	0.007395952277210819
RUNX3	TMEM51-AS1	0.007383706760705982
HIVEP3	PLA2G2C	0.007380951202952947
ASAP3	EXOSC10	0.007373733650455995
MAGOH	ACOT11	0.007371999605269592
AKR1A1	SH3D21	0.007370380631068523
ZNF362	PDIK1L	0.007361883825882919
KDM4A	PDZK1IP1	0.007361008060351168
ENO1	FO704657.1	0.007351402705072747
FOXJ3	SLFNL1	0.007351060325748728
SFPQ	AL050343.3	0.0073509622575277005
ZCCHC17	AL359881.1	0.0073449147576733235
LUZP1	TMEM51-AS1	0.007334577594841065
HDAC1	AK4	0.007333553035297479
HDAC1	ESPN	0.007324622202772221
SCMH1	EPHA2	0.007315390335418091
GMEB1	NCDN	0.007314107720229242
NFYC	LINC01635	0.007296170701507337
NFIA	AL445183.2	0.00729232250739326
CPTP	AL606760.1	0.00728822443282867
ZBTB17	DRAXIN	0.0072881822294343385
HES5	CAMTA1-IT1	0.007286905503334181
ZNF436	PADI2	0.007270015430612621
MTF1	RBP7	0.007264098370723041
HEYL	FBXO42	0.0072621924111189945
RUNX3	TTLL10-AS1	0.007260904803883201
HES5	AL590434.1	0.007259367754917863
HES5	TMEM52	0.007255290694247378
RUNX3	HPCA	0.007245350196926302
HIVEP3	NFYC-AS1	0.007244138823567692
VAMP3	ZFP69	0.007241045968929003
GMEB1	E2F2	0.00723957096799482
NFYC	AL136115.2	0.00723369018129354
HES5	KCNAB2	0.007216690008608653
AGMAT	CMPK1	0.007208455153181057
SCMH1	CDC42-AS1	0.007200823464608306
ZCCHC17	AC119677.1	0.0071857612354590825
MTF1	AL109627.1	0.007183783820089187
ZNF362	NBPF3	0.0071781476615839215
HES4	AL513327.1	0.007164694988416955
MTF1	TENT5B	0.007164242996364017
SSBP3	PIK3CD-AS1	0.007139780257200729
HDAC1	AL627309.1	0.007136780592984006
HEYL	RERE-AS1	0.0071195720132449765
ENO1	AL109936.2	0.007113983208986031
HEYL	AL096840.2	0.0071055859687183046
DMAP1	AL590822.2	0.007081963765870416
CPTP	GRIK3	0.00707923805946927
NOC2L	AL020996.1	0.007075673844343766
ZBTB40	TNFRSF8	0.007066834625015534
LUZP1	BMP8B	0.007051733163076312
PRDM16	RCAN3	0.007031927046651239
HES4	CPT2	0.007030897751156605
ZFP69	DOCK7	0.007025375989348296
AKR1A1	AL590434.1	0.007001290037011355
ZBTB48	AGMAT	0.0069888775584265655
FOXJ3	PRKAA2	0.006985413336354867
ZNF691	RNF207	0.006984968977969414
ZBTB48	GPR157	0.006970171027869547
MORN1	DFFB	0.006947984469672269
DMAP1	AL451042.2	0.006940212295133535
SCMH1	RAB42	0.006930488983191013
SCMH1	Z97987.1	0.0069273039171968715
DMAP1	CCDC24	0.006921199726260859
CPTP	GPR3	0.0069207318035714805
ZCCHC17	AL137802.2	0.006913982320306791
KDM4A	ACOT11	0.006912594277331597
ZCCHC17	ELOA-AS1	0.006901140366056333
HIVEP3	DHRS3	0.006896134263778537
NFYC	KDM4A-AS1	0.006895265256611919
ZNF436	AGMAT	0.006886392899339955
MYCL	CMPK1	0.006883527190641339
NOC2L	SMIM1	0.006879328221761112
ZCCHC17	AL390719.2	0.006845304310651813
HDAC1	AL512408.1	0.006841749208227432
HES4	RPS8	0.00683927757849423
PRDM16	POMGNT1	0.006836134360895944
DMAP1	FHAD1	0.006832926653167109
ZSCAN20	FAM167B	0.006830161881629232
ZBTB40	FBXO6	0.00681811108306003
ZBTB40	DFFB	0.00681262273064501
NFIA	RHD	0.006808065021872085
VAMP3	AL512408.1	0.006802193072368844
HIVEP3	SMIM1	0.006802169622248528
ZNF691	HOOK1	0.006799760037647484
NOC2L	AL357078.2	0.006768903461076218
GMEB1	AL390719.2	0.006763262890472847
LUZP1	AL358075.1	0.006761942852277391
FOXJ3	AL606491.1	0.00675470062300991
ZNF362	HPCAL4	0.006751935215358749
SSBP3	KIAA1522	0.006747771490427357
HIVEP3	MTHFR	0.006739756589776336
HP1BP3	AL357079.1	0.006730041665859465
GMEB1	C1orf216	0.006729281926306317
ZNF684	AL604028.1	0.006723177778171601
VAMP3	AL031602.2	0.006718099933806226
ZNF684	MYCL	0.006710880804188661
ZNF436	AL136115.2	0.006708576188615086
HEYL	TMEM35B	0.006706697473307534
AKR1A1	CA6	0.006698652762754599
ZNF684	AL353622.1	0.006697360960984644
ZNF362	TEKT2	0.0066819798175180795
ZNF684	AL049795.2	0.006672947568948478
SMAP2	SH2D5	0.006668289159434716
HES5	LINC01772	0.006652921406691176
HES5	RERE-AS1	0.00664785043049948
ZNF436	SZT2	0.006634479053396719
NFYC	AL139424.3	0.006625311063145465
ASAP3	SLC1A7	0.006620742835741723
NOC2L	AL139424.3	0.006620486961401416
ZBTB40	EXTL1	0.0066039256467872575
ZNF684	CCDC17	0.006594857656881925
EXO5	NDC1	0.006587715422656386
MTF1	LINC00115	0.006579486948451476
ZNF691	HES4	0.006569240415467071
MAGOH	LINC01715	0.006566682994498938
ZNF684	CCDC163	0.00655378213909502
KDM4A	NCMAP-DT	0.0065464096170071255
HES4	TTC22	0.006544049736885831
MTF1	EXO5	0.006536204583318103
SCMH1	FAM167B	0.006534915310456633
ZNF362	TMEM240	0.006533705400548849
ASAP3	CEP104	0.006527236303044288
MAGOH	AL512408.1	0.006524279109802652
ZBTB17	AL513320.1	0.0065086453675525305
LUZP1	AL049795.2	0.006505793604211305
ZCCHC17	OSCP1	0.006502938040848118
SSBP3	RIMS3	0.00648347671924293
VAMP3	DMRTA2	0.006470117231848164
KDM4A	TESK2	0.006460942842639889
ZBTB17	CDC42-AS1	0.006460897694100557
NOC2L	AL109936.6	0.006458185391013596
SCMH1	AL109811.2	0.0064544633052348
PRKAA2	TIE1	0.0064458177839228584
RUNX3	ALDH4A1	0.006440481564302686
ZBTB48	ACOT7	0.0064392719161221156
ZCCHC17	C1QC	0.006436455443729184
RLF	TTC39A	0.0064314725146117045
ZCCHC17	AL357140.1	0.006424660189477062
JUN	AC093151.8	0.006422512882711126
NOC2L	AKR7A3	0.006418107881995992
GMEB1	TTLL10	0.0063996763031641994
NFIA	AC093151.8	0.006382422923330818
AKR1A1	SLC2A5	0.006368138808365428
ZBTB48	AL031005.1	0.00636093119774031
SSBP3	TTC22	0.006360013458673186
CPTP	CTNNBIP1	0.0063387743846858805
LUZP1	AC119677.1	0.0063364414269415185
ZCCHC17	MIR4422HG	0.0063345146697701945
SCMH1	B4GALT2	0.006332169232735672
NOC2L	TMEM54	0.006332139556212215
HES4	UQCRHL	0.00632724838459898
NFIA	AL139286.2	0.006323138680977451
POU3F1	SCNN1D	0.00630954348771625
LUZP1	AL034417.4	0.006306005114105543
ZFP69B	PRDM16	0.0062965369468734
ZNF362	LEPR	0.00629074498109854
FOXJ3	AL033528.2	0.006285394423996612
FOXO6	NIPAL3	0.006262895351575882
SSBP3	KIF1B	0.006253294273377965
SSBP3	AL390719.2	0.006251990541128387
ZNF684	MXRA8	0.00623933333446217
ZNF362	PDE4B	0.006196783049915654
DMAP1	CDKN2C	0.006173890179571354
SMAP2	LINC01359	0.006168737146314345
HIVEP3	PAFAH2	0.006137318684751772
NFYC	AL031728.1	0.006135116249594618
POU3F1	AL353622.1	0.006129450169866378
ZCCHC17	HNRNPR	0.006118689042558348
FOXJ3	PIK3CD-AS1	0.006115511153623887
ZBTB17	LRP8	0.006115443684225081
ZNF691	TMEM51	0.006092558340618207
NOC2L	EFHD2	0.006089136254795929
ZBTB48	DNAJC6	0.006085126195260094
HDAC1	DLEU2L	0.006084132598168055
ZBTB40	AGMAT	0.006071417094698085
ZBTB17	SH2D5	0.006053320211301279
HDAC1	AL139286.3	0.00605099203222689
AKR1A1	NBPF3	0.006021036522206996
GMEB1	PINK1-AS	0.006020413347200523
ZFP69B	DHCR24	0.006013872239251101
SSBP3	FOXO6	0.0060080609789024035
EXO5	KIF17	0.006004344908401164
HP1BP3	AL390719.2	0.006003740776834042
HEYL	NCMAP-DT	0.0060023669167545025
KDM4A	AGMAT	0.005985973395049916
NFYC	TNFRSF8	0.00597791537032753
ZBTB48	HCRTR1	0.005974296532540108
RUNX3	AC114488.1	0.005961191558048527
CPTP	TCTEX1D1	0.005943012700179147
MORN1	PPIE	0.005939411326211077
HDAC1	SLC2A5	0.005928242857784957
RUNX3	AL034417.2	0.005924004123309611
ZNF436	EXO5	0.0059225975504438345
SSBP3	AL357079.1	0.005918693181356969
PRDM16	TCEANC2	0.005913768264927563
AKR1A1	RHD	0.005909027278631475
GMEB1	AL359881.1	0.00589967308334806
ZCCHC17	FOXO6	0.005894231534483412
ZBTB40	SSBP3	0.0058825102314303485
ZCCHC17	LINC01771	0.005879566474205953
HDAC1	TTC39A	0.005852865789390348
NOC2L	AC119800.1	0.005846210553956644
ZBTB48	AL513477.2	0.005842091851747061
HES4	COL9A2	0.005835340240721806
POU3F1	FAM131C	0.005829890044131314
ZNF436	RPL22	0.005818810280678122
CPTP	PLCH2	0.005816925005589788
TAL1	C1QA	0.0058146816208838594
HDAC1	AL662907.3	0.005808297018695368
AKR1A1	AL031289.2	0.00579814477749175
HES5	LINC01135	0.0057942023801176405
HES4	TMEM54	0.005787407963932606
FOXJ3	TAL1	0.00577816351404941
ZFP69	FBXO6	0.00576862557602562
RUNX3	TENT5B	0.005752165647047602
ZSCAN20	LAPTM5	0.005732167548981683
ZCCHC17	AL121992.1	0.0057268613337834555
ZNF684	RBP7	0.005724095686568822
HES4	SFN	0.005721195089014991
TAL1	MANEAL	0.00572026440899568
KDM4A	KIF17	0.005714333927266342
ZCCHC17	IL23R	0.005706156336626771
DMAP1	KIF2C	0.005702081106661176
FOXD2	PIK3R3	0.0056914159443536
FOXJ3	KDF1	0.005684817157403011
RLF	AL627309.5	0.0056668005134833214
AKR1A1	NFIA-AS1	0.005650325154011065
NFIA	AL359881.1	0.005636954394250556
KDM4A	ZNF436-AS1	0.005629975615957141
ZNF362	AC099791.2	0.005607215138363126
ZNF684	TNFRSF8	0.005586732627813965
AKR1A1	TTC39A	0.005584479164254444
LUZP1	AL691432.2	0.00558140588883518
AKR1A1	AL137127.1	0.005574830777357863
ZFP69	SLC35E2A	0.0055687816266614815
CPTP	PDZK1IP1	0.005568021566015888
ZBTB48	KDM4A-AS1	0.00556652548970595
SSBP3	DISP3	0.0055638922012802286
AGMAT	BX284668.5	0.005554414880135012
RLF	AL162430.2	0.005541402002972741
POU3F1	LEPR	0.005541325073273711
ZNF684	NDC1	0.005540448550155344
ZFP69	DDI2	0.005517065388924263
NFIA	LINC02596	0.005515280365543822
HES4	AL031283.2	0.005513669285682317
HDAC1	RBP7	0.005509644268395115
AKR1A1	TRNP1	0.005492838088565001
ZNF684	LINC01135	0.005487611528747999
DMAP1	TMEM240	0.0054726086429555355
SCMH1	TNFRSF14-AS1	0.005460634780814987
ZNF691	HPCAL4	0.005454452088452304
ASAP3	CDC42-IT1	0.0054375744745348105
POU3F1	KDM4A-AS1	0.0054356728431612135
ZNF684	TPRG1L	0.005435473332521786
LUZP1	AL513320.1	0.005434126572858667
HDAC1	MMEL1	0.00543257775348882
FOXJ3	BEST4	0.005419691892282741
MTF1	TMEM240	0.0054070833846706304
MYCL	LINC01770	0.005405889500357707
ZBTB17	TRIM62	0.005386147493970457
FOXJ3	TARDBP	0.005370117412374792
FOXO6	EMC1-AS1	0.005349727025871299
SFPQ	SLFNL1-AS1	0.005338964212319059
ZBTB17	CNKSR1	0.0053342762694755744
ZNF436	AL096840.2	0.0053342019854307095
ZNF436	MIR4422HG	0.00531092641377262
MTF1	CDCA8	0.005298746471257402
ENO1	TMEM51-AS1	0.005296465190475604
NFYC	PIK3CD-AS1	0.0052904913677534575
FOXD2	PDZK1IP1	0.005288121072064584
MORN1	CAPZB	0.005283838470725131
MTF1	IQCC	0.0052826405079718555
SCMH1	TAS1R3	0.0052816790060347665
HDAC1	LINC02812	0.005278995186662387
VAMP3	AL034417.4	0.005272878135660389
ZNF684	TTLL10	0.005272363720670781
ZBTB17	CPT2	0.005264304333840496
FOXJ3	SLFNL1-AS1	0.005262943161523677
DMAP1	AHDC1	0.005261927270252925
ZNF436	L1TD1	0.005257115284461071
FOXJ3	BMP8B	0.005247458817200798
SCMH1	KLHL17	0.005238447136353533
ZNF436	NIPAL3	0.005229992710235077
AKR1A1	SLFNL1	0.005201259454635001
SSBP3	PTPRF	0.005197095642971305
ZBTB48	BX284668.6	0.0051969466215391735
GMEB1	LINC01772	0.005180859148118389
RLF	CITED4	0.0051805224232933916
ZBTB48	CC2D1B	0.005178097396921548
AKR1A1	AL390719.2	0.00517329856705198
NFYC	DLGAP3	0.005163923981883392
ZBTB48	NDC1	0.005161213679541875
HIVEP3	ZFP69	0.005151035885391599
ZFP69B	AL020997.5	0.005143523747945193
ZCCHC17	SCNN1D	0.0051352070491004044
JUN	AC098484.4	0.005130838504096646
AKR1A1	ZNF436-AS1	0.00512061907481117
KDM4A	PTPRU	0.005119544953478388
FOXJ3	AL109936.2	0.00511595967565309
HES4	AL513477.2	0.005114795588630997
RLF	AL031985.3	0.005113071973961249
DMAP1	FOXD3	0.005109178611417432
RUNX3	AL096840.2	0.005103843107453503
KDM4A	PIK3CD-AS2	0.005094360006074342
HIVEP3	CRYBG2	0.005091246810672388
ZBTB17	AL034417.4	0.005073422440404037
FOXJ3	L1TD1	0.0050651771445319104
ZNF362	AL031005.2	0.005063806630708831
HDAC1	AL109936.6	0.00506347396518358
NOC2L	PRDM16	0.005062240847220027
SSBP3	TEKT2	0.005056791444539336
MAGOH	AL359881.2	0.005050235668155515
EXO5	ZBTB48	0.005045319083514843
PRDM16	DFFB	0.005043695084301565
AKR1A1	ERMAP	0.005038294826496075
ZFP69B	MATN1-AS1	0.005034360353032229
NFYC	SLFNL1-AS1	0.005034169310560607
PRDM16	DNAJC8	0.00502346693799194
SSBP3	BX293535.1	0.005014663374238854
ZBTB17	AC119800.1	0.005001976731048345
ENO1	MIR34AHG	0.005001782663069672
NFIA	TTC22	0.005000574342321434
GMEB1	CSMD2	0.0049830125701887315
HES4	BMP8B	0.004982675373572749
SMAP2	CSMD2	0.004977562018422493
FOXJ3	AL512408.1	0.004972879514808208
ZBTB17	GPR157	0.004943063373294016
ZNF684	AL590822.2	0.004942115844370026
MAGOH	AL137127.1	0.004938106521453806
TAL1	AL034417.3	0.004936978857270969
VAMP3	AL031727.2	0.004924831938534323
HES4	CRYBG2	0.004921006033714303
HES4	AL049795.2	0.004918898815964019
NFYC	AC099791.2	0.0049056064198180855
ZBTB48	AL590434.1	0.004904509381602339
ZNF436	UTS2	0.004898363802755962
HDAC1	AL034417.2	0.00489454223009822
ZBTB48	EXOSC10-AS1	0.0048836175976862805
PRDM16	IPP	0.004878452533396158
MORN1	AL136115.2	0.004878373674354152
MTF1	SLC25A34	0.004878305002294559
FOXJ3	CAMTA1-DT	0.004876478812256695
LUZP1	PIK3CD-AS1	0.004868660806327126
GMEB1	AGMAT	0.004866559083530851
HP1BP3	FAM87B	0.004865006677621254
ZNF362	PPT1	0.004860179231071232
HIVEP3	SLC1A7	0.004834110060428219
GMEB1	ZFP69B	0.004827612404280646
FOXJ3	CD164L2	0.004826209240221253
KDM4A	EXO5	0.004812107267939877
VAMP3	RHD	0.004807532774703835
HIVEP3	ZNF684	0.004792796954022448
ASAP3	PRKCZ-AS1	0.00478087393222291
NFIA	ESPN	0.004779055298415114
NFYC	AL161644.1	0.004777794457893282
HIVEP3	CEP104	0.004768075325743496
PRDM16	NSUN4	0.004758519288527462
FOXJ3	LAPTM5	0.00475508948135952
MTF1	MATN1	0.004744451603100796
ZNF436	ENO1	0.004737879240034694
VAMP3	KDM4A-AS1	0.004734953067681016
ZNF362	ZFP69	0.004732406013559261
VAMP3	SLFNL1-AS1	0.004732333774514274
ZBTB40	AL513327.1	0.0047320402577239445
YBX1	AL162430.2	0.004728998450810002
HIVEP3	AC119674.1	0.004727165809658171
CPTP	AL135960.1	0.004719959154782187
ZCCHC17	C1QA	0.004711608250427395
ZSCAN20	HIVEP3	0.004711142292867361
TAL1	DNAJC6	0.00470950289382948
EXO5	MTF1	0.0047088599302883335
KDM4A	RPS8	0.004701647970929739
ZBTB17	TAS1R3	0.004699987433368844
SSBP3	AL031005.2	0.004690676775067184
GMEB1	DFFB	0.004689831364682945
NFYC	AL627309.5	0.004688355306318175
MTF1	PLPP3	0.004686212793132723
SSBP3	HPDL	0.004684100909869989
ZBTB40	IPP	0.0046459221221700885
SMAP2	RAB42	0.004640543714101476
FOXJ3	EXTL1	0.004639410808723824
MAGOH	TMEM125	0.004638872809020386
POU3F1	MYCL	0.004624045193304159
NOC2L	RBP7	0.0046238689075377955
DMAP1	AL359881.2	0.0046164240483509075
ZNF436	AC004865.2	0.00459919767069432
ZBTB48	MDS2	0.00459638753682455
NOC2L	AL031283.2	0.004591152725445801
ZNF436	PDZK1IP1	0.004589971070698749
HIVEP3	TNFRSF8	0.004583883073625549
CPTP	LINC01783	0.0045805304198208215
EXO5	MAD2L2	0.004579705440989078
ZFP69B	CNR2	0.004573141796180444
AKR1A1	MATN1	0.004571696409495358
TAL1	AL591845.1	0.004568546378257983
HIVEP3	CTNNBIP1	0.004568248821115005
SCMH1	LINC01772	0.0045553577415047165
SSBP3	HECTD3	0.0045483959306348186
HES4	LINC01144	0.004543009655076942
DMAP1	CYP4B1	0.004540538225497775
ZBTB48	C1orf50	0.004538137363434907
MORN1	CSF3R	0.004537075955138809
GMEB1	TAS1R3	0.004527972330094553
NOC2L	SCNN1D	0.00452166667422459
RUNX3	LINC01226	0.004518529458819868
HDAC1	AL109627.1	0.004513552123436706
ZBTB17	SLC2A1-AS1	0.004509664225547458
FOXJ3	MANEAL	0.004509195349508649
LUZP1	TRIT1	0.004507937991328158
AKR1A1	C1QTNF12	0.004492790951453328
POU3F1	CDC42-AS1	0.004490312730482551
ASAP3	AL627309.5	0.004487762719829183
SSBP3	SRARP	0.004484386886185677
AKR1A1	AL049795.2	0.00448161741366143
MAGOH	TRABD2B	0.004476090724277648
ZBTB17	LINC00115	0.004469721896234213
ZFP69	TMEM234	0.0044667263660007955
TP73	NUDC	0.004459617937593088
ZNF362	FOXD2	0.00445826169984918
ZNF684	LINC01359	0.004455274015584683
NOC2L	GJA9	0.004445413655986788
HES4	SH2D5	0.004433606020559965
SMAP2	PADI2	0.0044124301735248605
ZBTB48	CRYBG2	0.004410787571541069
HDAC1	FOXD3	0.004408832865617994
TAL1	HEYL	0.0043962443779899715
MTF1	UTS2	0.00439216821293863
E2F2	AC114488.1	0.004389671203490492
ASAP3	HPCA	0.004381253353951978
ZNF362	ENO1	0.004380183499450283
DMAP1	C1QA	0.004379894822854796
SFPQ	CAMTA1-IT1	0.004377021724046344
NOC2L	LINC01144	0.004373315153901855
ZBTB48	SNRNP40	0.004366803404203734
HES4	AC114488.3	0.004365898461604705
SMAP2	EPHA10	0.004354990759404679
ZBTB48	KLHL17	0.00434967018104859
MAGOH	AL445183.2	0.004343613488600609
ZBTB48	AL805961.1	0.004340808474563039
KDM4A	L1TD1	0.004337736098887771
ENO1	HPDL	0.004331405405307641
HIVEP3	PDZK1IP1	0.004326644513502525
ZBTB40	FOXD2	0.004325415225140428
SMAP2	AL513320.1	0.004318279441142752
ZSCAN20	RAVER2	0.004316394405106671
ZNF436	FOXD2	0.004307929432570387
ZBTB48	AC114488.1	0.004299725082795754
POU3F1	BX284668.5	0.004294446768205825
AKR1A1	C1orf216	0.0042912571343241565
HDAC1	KLHL17	0.0042901334144527245
HES4	OXCT2	0.004284468801732602
MTF1	TMEM52	0.004282707953718866
NOC2L	AL513327.1	0.0042826049287843495
FOXJ3	HPCA	0.004281290854243164
MYCL	LAPTM5	0.00427983741207809
MTF1	CRYBG2	0.004279121446640362
ZFP69B	JAK1	0.004266343476527072
VAMP3	C1QA	0.00426587056959318
FOXO6	RPL11	0.004235587648989082
FOXJ3	AL359881.1	0.004234046816524945
AGMAT	AL139246.3	0.004232789380275354
NOC2L	TNFRSF8	0.004229864824054791
SCMH1	LINC01409	0.004214703176049032
CPTP	MYCL	0.0042095986758280204
ZBTB48	EXO5	0.004203838793079373
MTF1	ACOT11	0.004194081230765244
HP1BP3	C1QB	0.004185377031961269
GMEB1	DOCK7	0.004171269815535343
HES4	AL033528.2	0.004166446777925793
SSBP3	PLCH2	0.004164338220140732
HP1BP3	AL137127.1	0.004158432871706575
SCMH1	EXO5	0.004140208450471116
KDM4A	NBPF3	0.004139248994258553
MAGOH	AL162430.2	0.004137211926007982
ZFP69B	TINAGL1	0.004135901807324732
HDAC1	EXTL1	0.004123424794822657
RUNX3	EXTL1	0.004114440328516051
SCMH1	PINK1-AS	0.004106077301497416
ZBTB40	PRDM16-DT	0.004095308976918911
HDAC1	EMC1	0.004094545025595075
CPTP	IPO13	0.004074817737561079
ENO1	AL604028.1	0.004065472877624583
DMAP1	LINC01137	0.00405010216408755
SSBP3	AJAP1	0.004049511370413568
GMEB1	AL031005.2	0.004041551493508014
HDAC1	FO704657.1	0.004034756010349247
AKR1A1	AL512408.1	0.004033987832386382
DMAP1	LINC01771	0.004026270747167771
KDM4A	AL359881.1	0.004024096291493725
RUNX3	AJAP1	0.004021362140556854
KDM4A	SCNN1D	0.0040166926912397725
AKR1A1	AL139286.2	0.004015104826179192
POU3F1	LINC01715	0.004008791752003828
ZNF362	RNF220	0.004007588366603446
ZNF684	SLC2A1	0.003993006439852746
DMAP1	C1QC	0.003970386639828212
RLF	GPX7	0.003962114728615583
HES4	PIK3CD-AS1	0.003958236894127892
AGMAT	PRDM2	0.003949000115508639
FOXJ3	TNFRSF25	0.00394452524472073
ZCCHC17	AL033528.2	0.003943241186059543
FOXJ3	AL662907.3	0.003942863141255514
NFYC	AL109627.1	0.003942833432356702
VAMP3	LINC01144	0.003942395590191568
ZNF362	CCDC17	0.003940741819557061
HES4	AL139424.2	0.00393558129413546
RUNX3	PDZK1IP1	0.003933385122757427
ZNF684	BMP8A	0.003932351819613915
PRKAA2	RUNX3	0.003928954134978294
POU3F1	TAS1R3	0.003921833411041257
VAMP3	LINC01409	0.003914359544996462
ZCCHC17	AC114488.1	0.003913550656875996
NOC2L	AL139286.2	0.003912617722316881
GMEB1	AL805961.1	0.0039033749066717735
ZNF691	UTS2	0.0039021004859548466
SSBP3	AC093425.1	0.003900711952058252
NOC2L	HSPB7	0.0038861186185521375
RUNX3	AL139423.2	0.0038837045687197184
SMAP2	AL139423.2	0.0038816385624395907
TAL1	ZMYND12	0.00387267743102507
HEYL	LINC01767	0.0038720612047904654
FOXJ3	LINC02606	0.0038596334432348255
FOXO6	GPR153	0.0038589433978625924
NOC2L	KIF2C	0.003857316140852168
NFYC	BX284668.2	0.003845849446617505
ZBTB48	FAM87B	0.00384250355800743
ZFP69	LINC00115	0.003841066198952798
ZBTB17	IPO13	0.003838356563522016
ZNF684	EXO5	0.0038370762988492626
NFIA	PIK3CD-AS1	0.0038364285557136767
POU3F1	LINC01355	0.003833123774660539
RUNX3	SERINC2	0.00383045899152527
ASAP3	SSBP3	0.0038223104624803494
ZBTB48	KDF1	0.0038206149444868463
CPTP	CCDC17	0.0038186096374203046
ENO1	AL139424.1	0.0038085010437869226
HDAC1	TRNP1	0.003808135945231977
YBX1	AL137127.1	0.0038010658689248845
HIVEP3	FAM41C	0.0037965743343256037
DMAP1	ORC1	0.003795257127865154
HES4	TFAP2E	0.0037910794944858877
CPTP	NASP	0.003788350005549968
SCMH1	ZFYVE9	0.003765561676030936
AKR1A1	SLFNL1-AS1	0.0037613828056783016
POU3F1	AC099791.2	0.0037505247331596284
HDAC1	NBPF3	0.0037449696014424222
POU3F1	ZMYND12	0.0037415568125783926
DMAP1	FABP3	0.003735192845898399
ZNF684	TMEM240	0.003732505920922826
ZNF362	L1TD1	0.003732069375269155
GMEB1	TMEM269	0.003731238429551846
POU3F1	AC254633.1	0.0036990006137850406
HIVEP3	C1QB	0.0036913937218390155
ZBTB40	MMP23B	0.0036836560488150436
ASAP3	LINC01359	0.0036802555008364018
HIVEP3	HCRTR1	0.0036752953207760592
SCMH1	RPL22	0.003669125909142982
ZNF436	CSF3R	0.003668115489520336
HES4	IL23R	0.003659833958727766
ZNF362	FHAD1	0.0036587325272664155
POU3F1	AL604028.1	0.0036518643976377082
HES5	RHCE	0.003650802199196713
ZBTB48	LINC01772	0.0036464012019978556
MORN1	DFFA	0.0036441202539628627
HIVEP3	RPS8	0.0036437010421297334
HIVEP3	FABP3	0.003643540965860367
ZBTB17	EXO5	0.003633275361093208
MAGOH	AUNIP	0.003632049513946743
POU3F1	TMEM240	0.0036287753807064446
CPTP	ZYG11A	0.003627809547588676
ENO1	FOXD3-AS1	0.0036179809465301934
DMAP1	C1orf159	0.003612520826004061
ZNF684	RERE-AS1	0.0036034118965964507
ZNF684	DRAXIN	0.003599521350707988
NFYC	GRIK3	0.0035898674316339387
NFIA	AL662907.3	0.0035890602291584043
SSBP3	BEST4	0.0035865840306727763
HEYL	TMCO4	0.003574648107449907
DMAP1	LINC01783	0.0035668532371476084
HES4	AL031602.2	0.003553794194713875
DMAP1	DAB1	0.003552447047346699
ZNF684	KCNQ4	0.0035479032833181726
ZBTB48	CELA2A	0.003536202558456081
DMAP1	RIMS3	0.0035351878606386007
HDAC1	LINC01783	0.003530753263467833
NOC2L	AL021154.1	0.003528100017184868
RUNX3	SLC1A7	0.0035270830348002654
MYCL	AL513218.2	0.0035191247078830068
ASAP3	PDZK1IP1	0.0035147781953790078
KDM4A	AL137857.1	0.0035140272383539705
NOC2L	TSSK3	0.003510753378056571
NOC2L	AL356055.1	0.0035101772884454344
ASAP3	GJA4	0.003505584529636857
MYCL	HSPG2	0.0035039273037215353
ENO1	CD164L2	0.003500576851749488
ZBTB40	KCNAB2	0.003499497361279165
HIVEP3	CCDC163	0.003479851720315803
SSBP3	RAB3B	0.003479690848483615
GMEB1	NBPF3	0.003473785144384192
MORN1	MMEL1	0.003472637065236871
ASAP3	CLIC4	0.0034672912675078413
MAGOH	AC093151.8	0.0034605850321308427
DMAP1	PAQR7	0.0034500776470147176
NOC2L	LINC01635	0.003440956020690468
ZFP69	SMAP2	0.0034389815266702753
HIVEP3	TNFRSF9	0.0034342768925352007
DMAP1	SRARP	0.0034164641265844843
VAMP3	LNCTAM34A	0.0033922933345726172
FOXD2	NSUN4	0.003390246870452227
TAL1	TAS1R3	0.003389404095681962
TAL1	Z97987.1	0.003386606826088786
KDM4A	JAK1	0.003379399613972798
SSBP3	LINC01562	0.0033740518289395965
ASAP3	L1TD1	0.0033736855287607374
PRKAA2	LINC00339	0.003355221602339145
SSBP3	AHDC1	0.003353550635709481
ZBTB48	PDZK1IP1	0.00335205919283382
DMAP1	AL662907.3	0.0033509482855863006
HES5	C1orf109	0.0033482060278109027
EXO5	DLGAP3	0.0033469391509514546
DMAP1	AL513477.2	0.003339277690294451
DMAP1	SDC3	0.003333361486222608
SSBP3	AL139286.2	0.0033197101773585966
HP1BP3	HPCA	0.0033173183778747667
ZNF684	TRABD2B	0.0032950997168533776
ZBTB48	PLEKHG5	0.0032937256781889078
GMEB1	ZYG11A	0.0032935164832077423
ZNF362	CORT	0.0032897712085844374
SSBP3	C1QB	0.0032878647775732906
ZCCHC17	AL591845.1	0.0032877258445912047
ZNF684	DLGAP3	0.0032855583251065077
FOXJ3	FNDC10	0.0032776800751556116
ZCCHC17	AL109811.1	0.0032771551775856644
SSBP3	HSPB7	0.0032735343457454924
ZFP69	SNHG12	0.0032596932235021392
HP1BP3	AGRN	0.003256523712744089
NFYC	RNF207	0.003246896846246598
KDM4A	AL020997.5	0.0032443740452084637
HDAC1	CDC20	0.0032417559188220786
VAMP3	DNAJC6	0.003234020759206558
HDAC1	AL513477.2	0.0032176177176092445
NFYC	AL357079.1	0.0032151062669241327
CPTP	TEKT2	0.003212121877004088
NFYC	AL805961.1	0.0032095264315187247
SSBP3	FABP3	0.0032060782873202963
HIVEP3	AL590822.2	0.00320561945297965
CPTP	SFN	0.003194064766784267
NFYC	OSBPL9	0.003187868149453214
NFYC	HPDL	0.0031861854824504075
NFYC	AL162430.2	0.003179998221117909
ZBTB17	ERMAP	0.00317920522364067
SSBP3	LINC01771	0.003177448989604931
RUNX3	CA6	0.0031641013154588282
HES4	CELA2B	0.0031631453403066184
MTF1	TMEM50A	0.003162368444626214
CPTP	TNFRSF9	0.003156144201328259
AGMAT	AK2	0.003154433941746174
VAMP3	TMEM51-AS1	0.00314271009119497
ZFP69B	NFIA	0.0031353364282128036
HIVEP3	SLC6A9	0.003134593161692641
KDM4A	NPHP4	0.003134201562853875
ZCCHC17	AL109936.6	0.003130895859407259
FOXD2	DDI2	0.003125432419128967
HES5	AL031602.2	0.003124004978455842
ZNF684	CYP4X1	0.0031236416362056887
KDM4A	NDC1	0.0031219411479674075
VAMP3	SLC2A5	0.0031109619272626622
ZBTB17	RHCE	0.003104461925518264
HES5	CYP2J2	0.00309830121230122
HEYL	RPL22	0.003097273418327015
PRDM16	TNFRSF25	0.0030945091439823565
LUZP1	CA6	0.0030820196178150986
SSBP3	AL049795.2	0.003080118743281273
HES5	AL031280.1	0.0030793049293986615
ZNF684	CASP9	0.003073147258621794
LUZP1	AL031602.2	0.0030722087075171897
RUNX3	AL139220.2	0.0030564064967316174
FOXJ3	ZMYND12	0.0030492801983872794
ZBTB17	C1QTNF12	0.003045686164956196
DMAP1	MIER1	0.0030431270112113136
HIVEP3	AL513327.1	0.0030368427673867614
MTF1	L1TD1	0.0030308160187189704
ZBTB40	DLGAP3	0.0030261959275873734
ZCCHC17	AL513477.2	0.0030251555291304737
MAGOH	FAM43B	0.003019253215838648
AKR1A1	TSSK3	0.003013605201493761
HIVEP3	MRPL20-AS1	0.0030133344515537296
GMEB1	FOXD3	0.0030066483142067676
ZNF436	SDF4	0.0030053545980871597
DMAP1	PIK3CD-AS1	0.003004542006116544
PRKAA2	YBX1	0.0030045097343872574
AKR1A1	AL357079.1	0.003001558592924049
AKR1A1	FO704657.1	0.0029960585308801075
HDAC1	LURAP1	0.0029950246089868143
KDM4A	OXCT2	0.002990391745633851
SCMH1	HP1BP3	0.0029855642948744404
ZNF684	MAGOH	0.002985235984824243
POU3F1	DAB1	0.002983599219416051
MAGOH	CDK11B	0.0029824661523268643
NOC2L	AL359881.2	0.0029805699503757635
CPTP	RCAN3AS	0.002973445846640129
RLF	PDZK1IP1	0.0029706195682780994
GMEB1	MMP23B	0.002958940928619309
ZCCHC17	AC099791.2	0.0029527314142057453
GMEB1	SLC30A2	0.002951017194077627
POU3F1	CDC20	0.0029502346290402885
SCMH1	AL137802.2	0.002946550377316414
RLF	FNDC5	0.0029413906806737234
MYCL	TMEM234	0.002939349840079702
HIVEP3	CCDC24	0.002926749114227483
NFYC	TMEM52	0.0029241740748997143
HIVEP3	LEPR	0.002917144868053568
HES5	SLC25A34	0.0029160764309364377
GMEB1	TTC22	0.0028950622612855833
KDM4A	KDM4A-AS1	0.0028816664647115862
ZNF362	TTC34	0.0028811971358311803
ZBTB48	ZYG11A	0.002877363404445698
NOC2L	TMEM52	0.002876907545774313
RUNX3	RNF223	0.0028690312523052823
DMAP1	BMP8B	0.0028641900366579206
EXO5	AKIRIN1	0.002863457024303893
FOXJ3	SMPDL3B	0.0028600059554114627
ZBTB48	AL359881.1	0.0028547759150929814
ZFP69	CCDC17	0.002851271896373403
FOXJ3	AL031727.2	0.0028490281404067778
HES4	CORT	0.0028469635272330945
NFYC	TMEM125	0.0028427868058055984
ZNF684	FOXO6	0.0028393192593949225
ZBTB40	AL353622.1	0.002838900935052892
HIVEP3	LINC01783	0.0028370186428780053
ZBTB48	ISG15	0.0028238952624538675
NOC2L	FOXO6	0.002819763097691697
ZNF684	AC114488.1	0.0028172648383893006
ZBTB48	PRDM16-DT	0.0028000984231180536
ZBTB48	OXCT2	0.002794657693847675
VAMP3	LINC02777	0.002794408376693771
AKR1A1	OXCT2	0.0027882153865591173
NFYC	CAMTA1-DT	0.0027796223724308373
ZBTB17	AL031432.4	0.0027794060271581263
ZBTB40	TTC34	0.002771271762534687
GMEB1	SLC25A34	0.0027697391851512583
ZBTB40	AL139424.2	0.0027565052199532715
RUNX3	NBPF3	0.002754192496645272
HES5	FAM87B	0.0027515506400855707
ZBTB48	LINC01635	0.002741126983722757
ZFP69B	EFCAB7	0.0027394561076495294
HES4	AL139286.2	0.002730863364950589
ZBTB48	MIR4422HG	0.0027264609156923054
ZBTB40	PDZK1IP1	0.0027256098424672894
SCMH1	C1QA	0.0027221243303296293
RUNX3	PADI2	0.002720256823396176
NFYC	SRARP	0.0027182946639501097
GMEB1	OMA1	0.0027142545815617373
NFIA	AL513493.1	0.0027105924859544663
ZCCHC17	SLC2A5	0.0027064191308064705
ZNF684	AC004865.2	0.0027063764097401927
ZNF691	RCAN3AS	0.002702674194455606
HES5	AL109811.2	0.0027006676882069453
SFPQ	SLC1A7	0.0026874608164440747
TAL1	TNFRSF9	0.002678400778309984
MTF1	AL513327.1	0.0026736262533728922
SMAP2	LINC01767	0.002668052375586842
RLF	SLFNL1-AS1	0.0026501178900687644
ZSCAN20	CAPZB	0.002647927593664902
MAGOH	HCRTR1	0.0026452282733302177
HIVEP3	DPH2	0.0026444576651781957
ZBTB17	UBXN10-AS1	0.002636900059117834
RLF	AL139424.1	0.00263418746611231
GMEB1	AL109936.2	0.0026329239040348193
HES4	LINC01355	0.002629242647442991
RLF	FCN3	0.0026288709329462547
SSBP3	CLDN19	0.0026286785449747877
HDAC1	EXOSC10-AS1	0.0026138377725727115
NOC2L	ENO1-AS1	0.0026128197559782277
ZBTB17	ZSCAN20	0.002612775646757601
HP1BP3	CSF3R	0.0026086314491186847
ZNF691	CAPZB	0.002603737279425393
ZBTB40	AL590434.1	0.002601071475581141
PRKAA2	ST3GAL3	0.0026000939430780036
FOXD2	CNKSR1	0.0025993107189134362
POU3F1	CLSTN1	0.0025944137908535427
AKR1A1	AL359881.1	0.002592200507672462
NFYC	AL031985.3	0.0025876401071002197
HES5	CCDC17	0.0025857356180043764
TAL1	KLHL21	0.0025841813990371654
MYCL	DNAJC6	0.002583029803343768
HES5	LINC02777	0.002575709604514585
HDAC1	AC254633.1	0.0025734194872459857
NOC2L	AL135960.1	0.002573013932709189
HIVEP3	AL139423.2	0.0025614594496924555
HES5	AL356055.1	0.002557905438038921
ZCCHC17	RAB3B	0.0025536846483679
POU3F1	SDF4	0.002551897594456055
HIVEP3	DRAXIN	0.002545514814349862
TAL1	GNL2	0.0025400096927447697
ZNF362	IFNLR1	0.002527386053319688
ZBTB17	AL033528.2	0.0025271299745719187
HDAC1	C1QA	0.0025239255708579852
SCMH1	HEYL	0.0025187223930959535
SSBP3	SLC2A5	0.0025173848516113415
PRDM16	AL031005.1	0.00250146393828203
ZBTB17	TCTEX1D4	0.0025006446381116063
ZNF684	FBXO2	0.0024985938551891165
ZBTB40	AL031728.1	0.002496119937024542
ZNF691	AL353622.1	0.0024874098608554016
SCMH1	HYI	0.002483786883339574
GMEB1	HPCA	0.002482129258132236
KDM4A	DHRS3	0.002480554530037377
HES5	AL031728.1	0.002479431225202718
POU3F1	ORC1	0.0024786462571299754
NFYC	AL031727.2	0.0024784566577535994
DMAP1	AL161644.1	0.002476509307078954
FOXJ3	TFAP2E	0.002468970059115148
VAMP3	AC098484.4	0.0024607615207681227
ZBTB17	MTFR1L	0.0024538735695451334
KDM4A	AL031005.2	0.002452187489202888
HEYL	EXOSC10-AS1	0.0024241056568395647
CPTP	FABP3	0.0024220251200701326
KDM4A	RAB42	0.002420594768670059
ZBTB48	LINC01783	0.0024084677668382137
ZNF362	LINC01144	0.002407053684289617
RUNX3	HYI-AS1	0.00240642811031123
AKR1A1	CSMD2	0.002405418284982336
AKR1A1	AL121992.1	0.0024041460366407133
HDAC1	PIK3CD-AS1	0.002399790489979384
HDAC1	AL627309.5	0.0023942030848891635
POU3F1	AL627309.5	0.00238959891442466
NOC2L	LINC02812	0.002386420462330275
SSBP3	TMEM52	0.002383084508627257
CPTP	AC093425.1	0.0023733053655160233
ZBTB17	PTPRF	0.002366670384066907
SCMH1	SFN	0.00236586615990051
KDM4A	FGR	0.002362631456736047
ZBTB17	AL021154.1	0.002359653524165053
ZNF436	KIF2C	0.0023588679211378433
SSBP3	AL020996.1	0.0023588293149113507
HES4	AL627309.1	0.0023584109116295483
MTF1	LINC01135	0.0023550492668920754
MAGOH	CD164L2	0.00234902275550638
HDAC1	CA6	0.0023462512872296504
HIVEP3	STPG1	0.002346063560046336
GMEB1	TNFRSF9	0.0023418951063172446
ZNF436	SLC25A34	0.002338506746048584
MTF1	PTPRU	0.0023332834800276333
MORN1	TCTEX1D4	0.0023271811942875927
AKR1A1	HSPB7	0.00232287426258658
AKR1A1	AL109936.6	0.002320097441867319
ENO1	AL096840.2	0.002306282240441367
VAMP3	CCDC17	0.0023007855483331867
NFIA	AL513477.2	0.0023002811526546324
ZFP69B	ZYG11A	0.00229999315090587
DMAP1	AL031432.5	0.002298392449662315
ZNF691	JAK1	0.0022979351121657997
EXO5	CASP9	0.002287298342138029
VAMP3	DLGAP3	0.0022814227493720093
HES4	AL358075.2	0.0022794344833992693
PRKAA2	ID3	0.0022785292137799153
POU3F1	HP1BP3	0.0022762513334331773
ZBTB40	AL049795.2	0.0022714349030478567
ASAP3	ORC1	0.0022709388158087514
GMEB1	BX284668.6	0.002268353272553208
GMEB1	PIK3CD-AS1	0.002268106811439576
JUN	AL590822.1	0.0022671623820428788
SSBP3	AL603839.3	0.0022590560036902436
CPTP	AL050343.2	0.002256581308755566
AKR1A1	SRARP	0.0022477320881746973
ZBTB17	CCDC163	0.002245717632257487
HES5	PANK4	0.0022454361387283174
HEYL	PINK1	0.002244878410258279
ZFP69B	ZMYM1	0.0022419805815186264
NOC2L	AL031283.1	0.002241459236269166
ZNF362	LINC01355	0.0022402779993324585
SCMH1	CCDC17	0.002236829995215339
ZNF362	ZYG11A	0.002235939512272433
NFYC	TAS1R3	0.002235453490182199
MTF1	FAAH	0.0022345942283080503
HES4	SRARP	0.0022339382564538885
POU3F1	AL359881.1	0.0022285591841072153
SSBP3	UBXN10	0.0022137304406625088
ZBTB40	DNAJC6	0.002207930280970003
HES4	TMEM269	0.0021970343495434164
SCMH1	AL121992.1	0.002192042937704928
ZNF436	AL359881.2	0.002190370798273488
ZCCHC17	LINC02777	0.0021894531770057777
VAMP3	MMP23B	0.0021836529378604762
HES4	LINC01771	0.002181641092657892
ZCCHC17	BMP8B	0.0021804140524813932
SFPQ	AL139423.2	0.002176954423446809
HIVEP3	ORC1	0.0021734923650871384
HES5	MANEAL	0.0021704788693674435
LUZP1	FOXD2-AS1	0.0021679630443906324
VAMP3	AL139424.1	0.002159754256702297
FOXJ3	ORC1	0.002157892854934509
ZNF362	LINC01635	0.002153107152793346
FOXJ3	AKR7A3	0.0021510758614164526
ZBTB40	SLC2A1-AS1	0.0021508803323249904
POU3F1	AL020997.5	0.0021390156601673554
HES5	RCAN3	0.002135336805705291
ZBTB17	MMEL1	0.002133374137388467
ZCCHC17	FOXD2	0.002130708570739083
SCMH1	PUSL1	0.0021302166364633997
ZSCAN20	AL590438.1	0.0021277140813264774
HDAC1	FABP3	0.0021177301229216303
NFYC	CELA2B	0.0021150528373825445
ZNF362	AL096840.2	0.0021119838464176573
POU3F1	AL139286.2	0.002110610406249018
HDAC1	AL031283.1	0.002108102907783497
HES4	NFIA-AS1	0.0021054172345472306
ZNF362	AL353622.1	0.0021025343812367796
SCMH1	FAM41C	0.0021024239031816193
NOC2L	LEPROT	0.002100567631999907
HES5	C1QC	0.0020990752902050893
HP1BP3	AL049795.2	0.002098051475337829
POU3F1	CYP4B1	0.002089823768546884
ZBTB48	AL139424.3	0.002071801698624686
RUNX3	TFAP2E	0.0020695294838215324
HES4	KDF1	0.002063268442523211
MTF1	AL109936.2	0.0020522166690330446
MTF1	TMEM125	0.0020481111331720264
ZBTB17	KCNQ4	0.0020431365393110456
NFIA	AL161644.1	0.0020324978281947245
FOXD2	PEX10	0.002030832780252659
CPTP	BX284668.2	0.002023571039456957
ZBTB48	AL353622.1	0.00202003532627231
NOC2L	SERINC2	0.0020188446191085046
VAMP3	AL109936.6	0.0020181947085484596
NFYC	AL137802.2	0.002014994620426478
NFYC	AC114488.3	0.0020138737630385753
ZFP69B	SCNN1D	0.0020089738360312705
ZCCHC17	AL109811.2	0.0020087920700912303
MTF1	HPCA	0.0020083357025887537
ZNF436	AC099791.4	0.002004924723489585
DMAP1	PLEKHN1	0.0020005041899622852
EXO5	KIF2C	0.001989759021546006
FOXJ3	AL591845.1	0.001986346508871023
ZBTB48	PINK1-AS	0.001985805072156443
CPTP	DNAJC6	0.001984599812126599
ZBTB40	C1QA	0.0019795336967784165
HES4	AL050343.2	0.001978766648608614
ZBTB40	C1QC	0.0019765067953680772
KDM4A	AL390719.2	0.001972265680122767
ZNF362	AL121992.1	0.001971840740334839
GMEB1	AL662907.3	0.001971768714304756
SMAP2	AL139424.1	0.0019701290250942875
ZBTB40	CAMTA1-IT1	0.001967615338135148
SSBP3	LINC01783	0.0019665849078731442
FOXJ3	CLDN19	0.00196150086355686
FOXJ3	CELA2B	0.0019606432975751895
MYCL	MTFR1L	0.001958068909926046
GMEB1	AL020997.5	0.0019570509882913664
CPTP	DLEU2L	0.0019502682112020496
SCMH1	TEKT2	0.0019461138645072052
LUZP1	AL031289.2	0.0019440399430897006
FOXO6	NUDC	0.001940999764275582
NFYC	AL031283.2	0.0019398988691587216
RLF	AL662907.3	0.001937743659350118
MTF1	LINC01635	0.001936921585626212
DMAP1	AL445248.1	0.001933321085573662
ZFP69B	LINC01226	0.0019289391989948082
ZFP69	LINC01635	0.0019259236281852009
NFIA	AL109936.2	0.001917526185551574
PRKAA2	ERMAP	0.001913895182685281
ZBTB17	MDS2	0.0019119833782999033
KDM4A	RBP7	0.0019056216484810817
HIVEP3	B4GALT2	0.0018993880669377246
KDM4A	AL050341.2	0.001892460077976566
LUZP1	TAS1R3	0.0018918563520558427
HES4	AL359881.1	0.0018903244433036443
AKR1A1	AL139286.3	0.0018843072654377054
MYCL	NFYC-AS1	0.001883818349750728
ZSCAN20	AL357079.1	0.001882477030804798
MAGOH	AC098484.4	0.0018789071035454276
TAL1	RERE-AS1	0.0018772207766446338
ZBTB40	AL139220.2	0.001876004831398644
FOXJ3	AL031005.1	0.001874865144465469
VAMP3	PIK3CD-AS1	0.0018701228726544436
POU3F1	AL359881.2	0.0018652419071125423
ZBTB40	RHCE	0.0018637247790087748
FOXJ3	FNDC5	0.0018626257047834954
CPTP	AL627309.5	0.0018624235345908432
AGMAT	RCAN3AS	0.0018583178259032973
AGMAT	C1orf167	0.001853910317050963
SSBP3	AL031602.2	0.0018508510603686044
RUNX3	Z97987.1	0.001850422987702278
MAGOH	PRDM16-DT	0.0018498255648694405
NOC2L	SRARP	0.00184220918043684
FOXJ3	LINC01359	0.0018420823875002676
HEYL	IFNLR1	0.001830124746767839
FOXO6	CASP9	0.0018275313930130688
DMAP1	AL512353.1	0.001827017505639828
MTF1	ZFP69B	0.0018266522024864068
HES5	KIF2C	0.0018264142130436137
ZBTB40	PIK3CD-AS1	0.001823269843707291
ENO1	LINC01767	0.0018084943527462074
AKR1A1	AL513493.1	0.0018073208248694593
KDM4A	AL139286.2	0.0018064108968907971
PRDM16	AL020997.5	0.0018032445291429338
FOXJ3	AL031283.2	0.0017970910131161807
NOC2L	BMP8B	0.0017956476844679578
ZBTB17	MIR34AHG	0.00179376245592486
MORN1	AL606760.3	0.0017907702226428015
DMAP1	TMEM269	0.0017847520257565053
NFYC	AL020996.1	0.0017822446286959587
ZBTB17	BMP8B	0.0017819308967496562
ZCCHC17	DNAJC16	0.0017798507527131933
FOXJ3	TMEM51-AS1	0.0017781710291418318
DMAP1	AL139286.2	0.0017747368141946356
MYCL	NCDN	0.0017732143257866168
FOXJ3	HSPB7	0.0017700524543004478
AGMAT	TRNP1	0.0017585818084648822
ZFP69	KCNAB2	0.0017551392220456108
FOXJ3	AL513477.2	0.0017547557373569574
AKR1A1	S100PBP	0.0017494587376233428
RLF	SLC2A5	0.0017470429003461979
NOC2L	DISP3	0.0017458873168943263
RUNX3	AC119677.1	0.0017434716495323267
HIVEP3	GPR153	0.0017433798063936174
ZNF684	TESK2	0.0017428832475388783
VAMP3	FO704657.1	0.0017411432865678277
POU3F1	AL139424.2	0.0017361574912617952
DMAP1	AL390719.2	0.0017338213249781193
RLF	IL23R	0.0017329715080138478
ZBTB17	AC093425.1	0.0017312032478061829
ZBTB17	EXOSC10-AS1	0.0017292082430743786
MYCL	GRIK3	0.0017247162267336553
TAL1	AL805961.1	0.0017230233920102495
MTF1	LINC01772	0.0017228611514308217
HIVEP3	SGIP1	0.0017224019513715568
HES5	AL591845.1	0.0017190860406171063
ZBTB48	AL109936.2	0.0017190370926470006
ZBTB17	RHD	0.0017190070645253337
NOC2L	PIK3CD-AS2	0.0017171022541793534
ZNF684	AC093425.1	0.0017146064267570442
ZFP69B	SLC25A34	0.0017124020037901986
ZBTB40	AL109936.2	0.0017031387070326285
DMAP1	BX293535.1	0.0017001299264226657
VAMP3	CALML6	0.0016992747170366965
DMAP1	UBR4	0.0016981540235328479
SSBP3	TTLL10-AS1	0.0016978296695708047
FOXJ3	TTC34	0.0016967240434463458
ZNF691	AL139220.2	0.001696527127168452
NFIA	NDUFS5	0.001689987407102551
HEYL	FAM41C	0.0016896386633871456
RLF	Z97987.1	0.0016802121905959634
SSBP3	TCTEX1D4	0.0016781130765219823
AKR1A1	AL137857.1	0.0016692284987710618
NFIA	AL390719.2	0.0016676289555993245
MTF1	AL390719.2	0.0016660776565919524
AKR1A1	CLDN19	0.001659111333116039
PRDM16	DMRTA2	0.001656415147742048
ZBTB40	ENO1-AS1	0.0016563511003152144
AKR1A1	AL357078.2	0.0016550677052393449
GMEB1	MAN1C1	0.0016507292135124812
FOXJ3	PRKCZ-AS1	0.0016486498172953283
ZBTB17	AL137857.1	0.0016463632734069415
HES4	AL109811.1	0.0016442504269758322
KDM4A	RIMS3	0.0016430252721684208
ZBTB48	SRSF4	0.0016418261698584163
ZNF684	NBL1	0.0016408274986990479
ZFP69	HMGCL	0.0016372980592805864
NFYC	KDM1A	0.001628048580927108
ZCCHC17	AL357078.2	0.0016273323568137086
VAMP3	CA6	0.0016271042678659147
DMAP1	AL805961.1	0.0016267716099839812
MAGOH	AC093424.1	0.001626225373274526
HDAC1	ORC1	0.001621791978270295
AKR1A1	TCTEX1D1	0.001619625865699078
HIVEP3	AL109811.2	0.001618690347629523
ZBTB40	FAM43B	0.0016174983570693803
AKR1A1	TTC22	0.0016167684643824353
AGMAT	CRYBG2	0.001612446925365407
ZFP69	JUN	0.0016111211358495793
NOC2L	UTS2	0.0016108374751343923
KDM4A	CYB5RL	0.0016028529459334042
NFYC	UBXN10	0.001601242815412257
ZNF436	TTC22	0.0015949769684507023
DMAP1	ZDHHC18	0.0015930181425381873
ZCCHC17	AL049795.2	0.0015914688043607579
FOXO6	AK4	0.001589824768273227
ZNF436	C1QA	0.0015890307442444343
SSBP3	AL109936.6	0.0015876184501133726
MTF1	SLC6A9	0.001586937392733603
HES4	ESPN	0.001586472412057902
NOC2L	NBPF3	0.0015830925671942598
ZNF436	AL353622.1	0.0015813729021362782
CPTP	CAMTA1-DT	0.0015757741095960235
ZBTB17	AL139286.3	0.0015715353311323548
HES4	AL357078.2	0.0015693216477867121
FOXO6	KIF2C	0.0015686239076965806
HES5	TOE1	0.001566784156896705
FOXJ3	AL031602.2	0.0015612282801125582
RUNX3	UBXN10	0.0015555507947367516
ZBTB17	AL359881.2	0.0015510287871106328
ZNF362	AL139289.2	0.0015493702018372832
SSBP3	AL359881.1	0.001548789652172572
GMEB1	AL137802.2	0.0015453268677996462
POU3F1	AL590822.2	0.0015445209131689731
RUNX3	FOXD3-AS1	0.0015404255442181564
AKR1A1	CELA2B	0.0015383345224613007
ZFP69B	FBXO2	0.0015378112956762867
SSBP3	AL139289.2	0.0015316790586182491
ZBTB17	CD52	0.0015299198567195456
MTF1	PIK3CD-AS1	0.0015298238988378059
AKR1A1	AL109936.2	0.0015285511778989356
NOC2L	CYP4X1	0.0015254310712670535
ZBTB17	TEKT2	0.0015220735432817526
AKR1A1	AL603839.3	0.0015115402841110548
MYCL	POMGNT1	0.0015115354058823623
ZBTB17	AL020996.1	0.0015074588388982945
ZFP69B	AC004865.2	0.0015066135067594714
VAMP3	AL033528.2	0.0015062783061576288
DMAP1	AL139286.3	0.0015048496349911648
MTF1	AL135960.1	0.001503365381295671
VAMP3	LINC02596	0.0015009507481881616
HES4	KIF2C	0.0014918753125856012
MYCL	C1QC	0.0014887558291580638
NFYC	MIR34AHG	0.0014856231679116465
FOXJ3	AL450043.1	0.001482865253910582
FOXD2	RPS8	0.00148081999026975
CPTP	TAS1R3	0.0014794499640536287
HDAC1	LINC01144	0.001478958228064157
ZNF436	GPR153	0.0014741032368466504
ZBTB40	TAS1R3	0.0014718790891288837
VAMP3	CDC42-AS1	0.0014709204443591882
POU3F1	RAB3B	0.0014638570136722062
LUZP1	ENO1-AS1	0.001457645608459712
POU3F1	BX284668.2	0.0014571776543225593
ZFP69	CSF3R	0.0014567708564054028
ZNF362	KLHL17	0.0014509316129478797
KDM4A	AL353622.1	0.001450060098784609
EXO5	TMEM59	0.0014473650603067658
ZNF691	ZSCAN20	0.001443481048667787
GMEB1	AL591845.1	0.0014337413748575958
TAL1	RHCE	0.0014328079179636
EXO5	FOXO6	0.0014314700756768754
SSBP3	AL031985.3	0.0014275224096688302
SSBP3	AL513493.1	0.001425970821558598
MTF1	LURAP1	0.0014228479697142304
ZBTB17	AL050343.2	0.0014223928721480716
RUNX3	BMP8A	0.001422348759450074
ZBTB40	IFNLR1	0.0014161056680605712
HES5	KDM4A-AS1	0.0014151142930383072
PRKAA2	AC099791.4	0.001414035411158991
KDM4A	AC254633.1	0.0014138785041089709
SCMH1	DLEU2L	0.0014132093620192999
RUNX3	TRABD2B	0.0014126760664811082
ZCCHC17	EXO5	0.0014112564952537072
ZNF684	AL031005.2	0.0014075509366703917
NFYC	BMP8B	0.0013934065514901953
GMEB1	CALML6	0.0013926294341347133
PRDM16	AL031602.2	0.0013925120411265232
ZCCHC17	AL031602.2	0.0013917285747904518
HES4	RHD	0.0013852330941033517
POU3F1	UBR4	0.001383330480075801
ZBTB40	AL390719.2	0.0013795339763433992
ZBTB17	AL049795.2	0.0013789557071514854
ZNF684	WNT4	0.0013786421058043054
ZBTB17	ARID1A	0.0013770157469230023
ASAP3	NFYC-AS1	0.0013751018509094196
ZBTB40	AL627309.1	0.0013689102752885698
GMEB1	TRNP1	0.0013674628070582768
RUNX3	AL031985.3	0.0013603463714155412
ZNF436	DOCK7	0.001356426227428941
ZNF436	AL357078.2	0.0013562957322261053
HES4	AL606760.1	0.001355819794655507
KDM4A	MATN1	0.0013524194831083327
PRDM16	FBXO2	0.001344229191958744
AKR1A1	AL162430.2	0.0013385961741325194
NFIA	BEST4	0.0013380634596605306
NOC2L	AL162430.2	0.0013349693343501605
NFYC	AL512408.1	0.0013296735382355102
NFIA	PADI2	0.0013282840969701432
RUNX3	LINC02606	0.0013256101493815894
MTF1	EYA3	0.0013248181145396338
ASAP3	LSM10	0.0013218217624823404
NFYC	AL109811.1	0.0013144378378023545
ASAP3	FHL3	0.001309785222634017
ZFP69B	AL162430.2	0.001308476311306671
ZBTB48	LINC01771	0.001294349842325992
ZNF362	AL020996.1	0.0012924565690641367
MTF1	AL034417.3	0.001282875709237095
AKR1A1	LINC02596	0.001278094647893834
NFYC	EPHA10	0.0012757610283798877
ZBTB48	AL139286.2	0.0012737215669262672
ZNF362	AL161644.1	0.0012716746345660605
TAL1	RCAN3AS	0.001267245491247264
GMEB1	KDF1	0.0012635733759118156
AKR1A1	TFAP2E	0.001263234220735408
RUNX3	WNT4	0.0012630026653570672
DMAP1	FNDC10	0.0012621944723688714
GMEB1	FAM131C	0.0012546338826187058
PRKAA2	SHISAL2A	0.0012501283570421691
ZBTB48	MATN1	0.001249548816459816
GMEB1	PRKCZ-AS1	0.001244018055238654
RUNX3	FAM43B	0.0012431298756094254
ZBTB48	AL357078.2	0.0012429723815228647
SCMH1	KANK4	0.0012428980104441636
TAL1	AL139424.2	0.0012418818461031973
MTF1	DNAJC6	0.001241696340443711
NOC2L	EPHA10	0.0012395048482897767
HES4	AL109936.6	0.0012389559249042328
HIVEP3	RERE-AS1	0.0012343800357582908
ZFP69B	LINC01135	0.0012313712997576729
NFYC	FABP3	0.001224165693932277
LUZP1	EFCAB7	0.0012238535961432838
HDAC1	TEKT2	0.0012229070978725522
ZNF436	LINC01358	0.0012205991153640323
FOXJ3	CSF3R	0.0012202776744447393
SSBP3	AL109936.2	0.0012201713781948256
AGMAT	C1QB	0.0012196568841005735
ZNF362	AL627309.1	0.0012165215888017313
AKR1A1	UTS2	0.001211013896006398
ZCCHC17	LINC02596	0.0012085886388419871
HES5	PADI2	0.0012073437695859503
FOXJ3	AC114488.1	0.0012051025834255553
CPTP	AL359881.1	0.00120470571407537
CPTP	DAB1	0.0012024477223465232
CPTP	AL121992.1	0.0012021557863820954
MORN1	MMACHC	0.0012004556826370083
HES4	AL390719.2	0.0011960687420989422
ZNF684	NIPAL3	0.0011859348868253244
ZNF436	CCDC17	0.0011855707105554913
ASAP3	SFN	0.001185344747019427
SSBP3	AL513477.2	0.001181398608528192
NOC2L	FOXD3-AS1	0.0011737655871815493
DMAP1	SF3A3	0.0011711233230552428
NOC2L	AL513493.1	0.0011693478870754546
NFYC	FAAH	0.0011681599928880305
VAMP3	FOXD2-AS1	0.0011674042936565523
MAGOH	CPT2	0.0011672749747075383
NFYC	CA6	0.0011660203199103211
FOXD2	TCTEX1D4	0.001161594921881459
VAMP3	AL109811.1	0.0011607471620263198
ZBTB40	AL050343.2	0.0011509724677923577
POU3F1	RHBDL2	0.001149452064685113
AKR1A1	AL161644.1	0.0011470746306240886
ZNF436	AL137857.1	0.0011461796179282233
ZNF684	ENO1-AS1	0.00114088747103328
RLF	DAB1	0.0011407390801302505
HES4	SLC2A5	0.0011405206318559637
ZCCHC17	AL031289.2	0.0011371429978904272
ZNF362	RCAN3AS	0.0011366196370234548
ZNF362	AL359881.2	0.001128702636883006
AKR1A1	ESPN	0.0011127739627501553
POU3F1	CAMTA1-DT	0.0011031710658627415
RUNX3	AL050343.3	0.0010948092087540477
AGMAT	ZSWIM5	0.0010923138462186868
POU3F1	AL513327.1	0.001091715952432031
SSBP3	CA6	0.0010903866753307083
FOXJ3	AL031289.2	0.0010892995867295523
HES5	ARMH1	0.0010864847084417638
ZCCHC17	AL031727.2	0.0010825198322785908
HDAC1	AL161644.1	0.001081655082986651
AGMAT	USP1	0.0010801744364848077
HES5	AL445248.1	0.00107771814398336
TAL1	PLCH2	0.0010747916225211762
ZNF684	DISP3	0.001071587589400656
CPTP	AL031602.2	0.0010707091288189691
TAL1	AL358075.2	0.001070049881344787
CPTP	SLFNL1	0.0010660204344497002
RUNX3	AL591845.1	0.0010651398094141124
HDAC1	SLFNL1	0.001062056409370846
VAMP3	AL031289.2	0.0010552572795155268
NFIA	CSF3R	0.0010519077409010512
EXO5	AL031432.5	0.0010503637730905021
DMAP1	AL512408.1	0.0010463761219295113
ZBTB17	BEST4	0.0010463481935959892
NFIA	AL603839.3	0.0010457985321858955
NFIA	SLFNL1-AS1	0.0010443499130452158
DMAP1	CDC20	0.0010443072071955725
HES4	LINC02777	0.0010404771628426599
NOC2L	AL031602.2	0.0010399581169087705
MTF1	RHBDL2	0.0010374245011960089
AGMAT	ALG6	0.0010371058216997644
HDAC1	AL358075.2	0.0010368673909925557
ZCCHC17	AL139286.3	0.001036272664684262
ZNF691	NCMAP-DT	0.0010359926060771768
ZBTB48	CDCA8	0.0010342953840091242
ZBTB48	PTP4A2	0.0010336964980884487
ZNF684	PTPRU	0.0010328392297567035
ZSCAN20	AL691432.2	0.0010326424255442455
HIVEP3	AL021154.1	0.0010263193939344906
DMAP1	BMP8A	0.0010255576649635537
GMEB1	RIMS3	0.0010180360380778308
HES5	AL137857.1	0.0010145449726355958
ZBTB40	LINC01772	0.001004562140722947
ZBTB40	IL23R	0.0010030487938835924
NFYC	AL109936.6	0.0009964344525251881
KDM4A	MUL1	0.0009913900475345106
EXO5	CD52	0.0009875467516580283
ZFP69	ATAD3A	0.0009840846718012666
HDAC1	AL590434.1	0.000983577055460738
ZFP69B	PER3	0.000983415379612756
ZFP69B	CLSTN1	0.00098312570310688
NFIA	AL031289.2	0.0009818290400742248
ZBTB48	AL109627.1	0.000979937463841109
ZCCHC17	NBPF3	0.0009799271545419038
ZNF436	FO704657.1	0.000978221182564068
NOC2L	AL137857.1	0.0009772839226347837
SCMH1	AZIN2	0.00097709818591478
ZNF362	AL050343.2	0.0009752568109499858
RUNX3	TCTEX1D1	0.0009727423191115408
POU3F1	LINC01771	0.0009681218098049633
DMAP1	AL020997.2	0.0009653201951306152
ZBTB40	LINC01226	0.000962943218333825
VAMP3	IL23R	0.0009622653493231755
ZBTB17	IFNLR1	0.0009619095593057634
MTF1	MFSD2A	0.00096123739216431
HES5	C1orf159	0.0009593365276240782
DMAP1	AL034417.4	0.0009590668455180918
HES5	MDS2	0.0009585337725308921
HES4	C1QA	0.0009578102191532959
SCMH1	CRYBG2	0.000952445998673518
ZCCHC17	C1QB	0.0009519144579875487
ZCCHC17	LINC01770	0.0009469530590495494
NOC2L	AC119674.1	0.0009449714363532082
CPTP	LINC01226	0.0009431657030426232
EXO5	ENO1	0.0009389250140199956
ZBTB48	SLC1A7	0.0009347394130977963
POU3F1	RHD	0.0009322019627459998
ZBTB40	BX293535.1	0.0009312641592058928
NFYC	AL139260.1	0.0009302481079781991
HP1BP3	SMIM12	0.0009301702326910361
ZBTB40	AL513218.2	0.0009248572817982092
ZNF691	LINC01772	0.0009240380651099945
FOXJ3	IL23R	0.0009223138835378368
MTF1	LINC01226	0.0009194632725092908
SCMH1	LINC01771	0.0009192658520287832
ZNF684	SLC25A34	0.0009180333576296545
RLF	CSF3R	0.0009128027457976678
TAL1	DMRTA2	0.0009112562710622128
KDM4A	SESN2	0.0009096904701371009
TAL1	AL109627.1	0.0009093352509873503
ZCCHC17	BTBD19	0.0009084104737250081
SSBP3	TAS1R3	0.0009053741677872323
ZBTB40	ZBTB8OS	0.0009045449463500714
ZCCHC17	TEKT2	0.0009042243727787779
GMEB1	PEF1	0.000904147845994944
SCMH1	KIF2C	0.0009038579982251181
HDAC1	LINC01771	0.0009035508996925045
HDAC1	IL23R	0.000902092384776606
HES4	AL109936.2	0.0009015866638165244
ZBTB40	AL031289.2	0.0008999612160191348
POU3F1	AL021154.1	0.0008998315897735636
POU3F1	LINC01226	0.000899642564782457
HES4	AC114488.1	0.0008973357859390886
ZNF684	TTC22	0.0008963537784176967
HES5	C1QA	0.0008944987284635587
SCMH1	CAMTA1-DT	0.0008919491295259248
ZBTB40	B4GALT2	0.000891929172668644
ZNF436	AL627309.5	0.0008916767026163994
ZBTB48	TMEM50A	0.000888270532465721
ZBTB40	TNFRSF9	0.000882377792168991
SSBP3	AL590434.1	0.000882235173574511
HES5	ZYG11A	0.0008815931373346541
ZNF436	CAMTA1-DT	0.0008815787955371706
ZNF436	AL034417.4	0.0008812784055455738
ZSCAN20	PTPRU	0.0008802354846663465
ZBTB40	LINC01783	0.0008786355002503873
HES4	AL162430.2	0.0008782685013794266
NOC2L	RAB3B	0.0008775059408513575
HIVEP3	CALML6	0.0008760289353484396
ZBTB40	TACSTD2	0.0008754117460440167
TAL1	AL590438.1	0.000874424338214384
HES4	LINC02596	0.0008708370571752597
YBX1	LNCTAM34A	0.0008670917828491725
HEYL	CLDN19	0.0008620625259218507
TAL1	EFHD2	0.0008573164124064934
TAL1	HPDL	0.0008560475008941543
DMAP1	AL357079.1	0.0008539779880990875
NOC2L	EIF2B3	0.0008516640474642311
AKR1A1	IL23R	0.0008503461580209281
NOC2L	LINC01359	0.000849584429759364
MORN1	LRP8	0.000848160761844713
ZFP69B	RBBP4	0.0008481121888207408
POU3F1	AL139289.2	0.0008475579753290981
ZBTB40	AL606491.1	0.0008431882115934307
ZFP69B	RERE-AS1	0.0008418924976795408
ZCCHC17	TMEM269	0.0008412437096500419
SSBP3	AL031289.2	0.0008399503976675389
ZBTB17	ESPN	0.0008396570172997785
VAMP3	AL356055.1	0.0008380177576816889
POU3F1	ESPN	0.0008360966034942948
ZNF436	DRAXIN	0.0008360561613349455
FOXJ3	BMP8A	0.000834388946368074
CPTP	IFNLR1	0.0008313763864389295
ZBTB40	AL109936.6	0.0008237081224689916
TAL1	AL139286.2	0.0008222914385017927
ZCCHC17	TFAP2E	0.0008220987922244306
HDAC1	AL357079.1	0.0008186676600391306
ZNF436	AL805961.1	0.0008171348778978973
NFIA	LINC01635	0.0008100319920514825
ZBTB48	AL139286.3	0.0008086533048027401
FOXJ3	ACOT11	0.0008076466280756979
HDAC1	AL590822.3	0.0008066654950539987
ASAP3	STPG1	0.0008060228825747061
NFYC	AL139286.3	0.00080295979776716
HES4	AL139423.1	0.0008006290625020665
ZBTB48	UBXN10-AS1	0.0007985327820877426
CPTP	AL662907.3	0.0007950045941702528
HIVEP3	AC114488.1	0.0007926775100033304
KDM4A	MAN1C1	0.000790698531015936
DMAP1	SLFNL1	0.0007904781568847069
DMAP1	AL162430.2	0.0007814657234352416
HES4	AL662907.3	0.0007801539566691152
GMEB1	AL590434.1	0.0007801512691515634
FOXJ3	CA6	0.0007745700854927209
ZCCHC17	AC093424.1	0.0007719201341754689
SSBP3	ACOT11	0.0007708605757424231
CPTP	TTC39A	0.0007670819470595228
E2F2	THAP3	0.0007642287209304248
ZCCHC17	EXTL1	0.0007629557986577787
ZBTB17	BX293535.1	0.0007591828192872124
VAMP3	PTP4A2	0.0007568293132792141
ZNF436	GABRD	0.0007561957517457847
HES4	AL109811.2	0.0007534983551669211
SCMH1	LINC01635	0.0007531121601374185
TAL1	LINC01144	0.0007529944274881624
RLF	TMEM125	0.000752653652541839
HDAC1	AL031289.2	0.0007494898801048941
ZBTB48	C1QC	0.0007494569466032193
ZCCHC17	CA6	0.0007471594828218902
NOC2L	AL139423.1	0.0007459609555359986
ZBTB40	SRARP	0.0007453519409586564
ZBTB17	AL109936.2	0.0007451327890309872
HDAC1	AL139286.2	0.0007448559047152283
SCMH1	YIPF1	0.0007443892505138501
ZNF691	MDS2	0.0007428909166631091
HES5	AL139286.2	0.0007393517995261513
CPTP	CLDN19	0.0007384686357546746
ASAP3	SNHG12	0.0007335888607679711
NFYC	FOXD2-AS1	0.000732429733896515
NFYC	Z97987.1	0.0007299613113208642
HIVEP3	SRM	0.0007269618830466794
ZNF362	RPA2	0.0007260519132830967
ZBTB40	AL513477.2	0.0007235062685453259
HES4	AL031727.2	0.0007226558865362026
POU3F1	NBPF3	0.0007214128406516553
NOC2L	CLDN19	0.0007205718871615666
MTF1	AL050343.2	0.0007197554497580414
ASAP3	RUNX3	0.0007177298207791494
NOC2L	SLC2A5	0.0007163359073486808
ZNF691	AL513493.1	0.0007155829277000303
HES5	AL020996.1	0.0007140760691103916
HDAC1	WNT4	0.000712677061273312
TAL1	SAMD11	0.0007111858919983563
NOC2L	AL161644.1	0.0007107596761304247
POU3F1	AL031727.2	0.0007101950698281387
MTF1	PGM1	0.0007091464473457317
POU3F1	PRDX1	0.000708473151941962
ASAP3	C1orf174	0.0007076651111385484
CPTP	SLC45A1	0.0007064481955561957
ZBTB17	AL139423.2	0.0007045707265826115
ZBTB40	AL162430.2	0.0007013056499652375
MTF1	AL139286.2	0.0006966604973354727
POU3F1	TTC39A	0.0006960577568248347
GMEB1	AL606491.1	0.0006956093737768285
ZCCHC17	FOXD2-AS1	0.0006938359734326381
ZBTB40	ORC1	0.0006931321285718879
HDAC1	AL603839.3	0.0006911758316291197
ZNF436	RAB3B	0.00069061150318155
GMEB1	AL049795.2	0.0006896857216902216
GMEB1	AL512408.1	0.0006891609081711341
DMAP1	CAMTA1-IT1	0.0006886247927151312
TAL1	AL513327.1	0.0006861158061929171
FOXJ3	MMEL1	0.0006841546419913165
NOC2L	AL590434.1	0.0006835146129192849
SCMH1	AL109936.6	0.0006810978969505279
TFAP2E	PTAFR	0.0006798052052171897
AKR1A1	AC098484.4	0.0006784160150468635
AKR1A1	CSF3R	0.0006730761427916727
VAMP3	LINC01715	0.000672366720143853
SSBP3	PADI2	0.0006716348340549323
MTF1	POMGNT1	0.0006713200433595017
GMEB1	TTC34	0.0006690292359942235
NFYC	TSSK3	0.0006637786740523496
ZNF362	TTLL10-AS1	0.0006637402802068083
DMAP1	FOXD3-AS1	0.0006617224254855594
ZBTB40	AL359881.2	0.0006612674135088386
FOXD2	MATN1	0.0006601639997237994
DMAP1	AC098484.4	0.0006591078435801775
NOC2L	AC114488.1	0.0006587609642606942
ZNF684	GPN2	0.0006568121310420472
ASAP3	AL050343.2	0.0006566067978664081
ZBTB40	AL021154.1	0.0006556031702202272
LUZP1	FOXD3	0.0006554867097522956
MTF1	AC093151.8	0.0006554202835256051
HES4	FOXD2-AS1	0.0006553255589054144
ZNF691	AL139423.1	0.0006542976525920957
POU3F1	EIF4G3	0.0006528677319213806
HES4	C1QB	0.000649309689386194
HDAC1	EPHA10	0.00064894105228389
ZBTB48	AL390719.2	0.0006477198482968248
FOXD2	DAB1	0.0006473776160183332
NFYC	PABPC4-AS1	0.0006449776483845131
ZNF684	AL031602.2	0.000644798578061392
DMAP1	KIAA0319L	0.0006401718218489243
PRKAA2	ACOT11	0.000638205409996769
HES4	HYI-AS1	0.0006361413401312642
HES5	TMEM125	0.0006339808423101574
GMEB1	CCDC17	0.0006324644030534774
ZNF691	AC114488.3	0.0006322285791301432
CPTP	SLC2A1-AS1	0.000631107800510166
POU3F1	CYB5RL	0.0006301784875048254
SSBP3	GPR153	0.0006295466857540593
KDM4A	AL050343.2	0.0006295258225764097
ZBTB17	IL23R	0.0006250854958676061
TP73	CC2D1B	0.0006250762537443937
NFYC	HPCA	0.0006242236993650485
E2F2	LINC01770	0.0006237158809499893
ZBTB17	CORT	0.00062291863472852
DMAP1	Z97987.1	0.0006226912696384608
MTF1	MMP23B	0.0006216578463705939
HIVEP3	IQCC	0.0006214188162645536
HES4	CA6	0.0006208802648854319
ZBTB17	AL390719.2	0.0006205520311835309
TAL1	AC004865.2	0.0006158256052824184
ZFP69	C1orf159	0.0006141134380164825
ZBTB17	AL513327.1	0.0006131393484318639
LUZP1	PIK3CD	0.0006085737702040937
FOXJ3	AL031432.5	0.0006049570146249398
HIVEP3	PIK3CD-AS1	0.0006039535193638634
ZNF684	KIF2C	0.0006035532737947006
MTF1	PRXL2B	0.0006027438916031701
SSBP3	SLFNL1-AS1	0.0006002917214821671
NOC2L	LURAP1	0.0005977735024101652
ZBTB48	PTPRF	0.0005953213205996268
NFIA	AL034417.4	0.0005935850356113848
DMAP1	AL109936.2	0.000590764756076011
AGMAT	AL136985.3	0.0005902609304975241
ZNF362	PAQR7	0.000590114838469959
ZBTB48	TMEM269	0.0005879306701427838
KDM4A	HPDL	0.0005869574435262208
ZNF436	BMP8B	0.0005858350884169731
GMEB1	AL033528.2	0.0005848626077743182
NFYC	AL050343.2	0.0005840132085645126
MTF1	AL359881.1	0.000583879093899091
ZNF436	AL031602.2	0.0005821508317404245
VAMP3	RAB42	0.0005801158292132395
MTF1	MAP7D1	0.000575625622525616
ZNF684	BMP8B	0.0005741044900920778
FOXJ3	AC098484.4	0.0005735729554892663
MTF1	KIAA2013	0.0005729566594650147
EXO5	NBL1	0.0005709981020161326
GMEB1	FAM87B	0.0005709533058828454
SSBP3	AL662907.3	0.000569514901768476
ZNF436	ZYG11A	0.0005685913697831403
NFYC	AL031289.2	0.0005668171185495678
ZBTB17	PAFAH2	0.0005662524849624164
DMAP1	SLC2A5	0.0005656391754330987
ZFP69	RPL11	0.0005619883945863248
POU3F1	CNR2	0.0005607801313107276
SCMH1	SMIM1	0.0005604564036535766
HES4	AKR7A3	0.0005587399613521074
ZBTB17	TMEM125	0.0005576342009828803
ZBTB40	AL050343.3	0.000557288701595858
ZBTB48	AL512408.1	0.0005541169978815147
HIVEP3	AL357079.1	0.0005540661868929406
HIVEP3	FAM87B	0.0005535185528535544
GMEB1	HTR6	0.0005529260261525005
ZCCHC17	AL512408.1	0.0005524806467311235
ASAP3	AC114488.1	0.0005513282593659802
SSBP3	EXTL1	0.000548710733993429
RUNX3	LDLRAD2	0.0005478640028787147
ZNF691	AC114488.1	0.0005441538604939374
HIVEP3	AL033528.2	0.0005439331182828816
ZNF436	AL512408.1	0.000535130979414006
NOC2L	AL591845.1	0.0005329141312118558
POU3F1	AL512408.1	0.0005312819696228217
CPTP	AL034417.3	0.0005296964024477074
NOC2L	EXTL1	0.0005288333561041587
SCMH1	SLC25A34	0.0005280839441892089
CPTP	EPHB2	0.0005269463189500024
MTF1	AL662907.3	0.0005237657832720316
DMAP1	BEST4	0.0005226810319580712
KDM4A	AL031728.1	0.0005226234061325272
NOC2L	CAMTA1-IT1	0.0005224245017185883
DMAP1	NFIA-AS1	0.0005180915247983046
SSBP3	CSF3R	0.0005156422439333238
ZNF436	AL513320.1	0.0005140146051600342
ASAP3	AL513327.1	0.0005114371500878539
ZSCAN20	LINC01135	0.0005090489052141488
NFYC	AL050343.3	0.000509010113601715
GMEB1	AL162430.2	0.0005078601867642064
KDM4A	C1QC	0.0005068694811773528
TAL1	DAB1	0.0005067157672207955
MORN1	DLGAP3	0.0005051688273365099
GMEB1	AL031602.2	0.0005038218563804855
POU3F1	HTR6	0.0005010191946154287
ZNF436	CA6	0.0004988059897312332
ZSCAN20	TMEM125	0.0004970658104187773
SCMH1	ZBTB48	0.0004945668791279639
GMEB1	AJAP1	0.0004930672725799599
AKR1A1	AL020997.5	0.000490993518414129
ZBTB40	SH2D5	0.0004902275251368704
ZFP69B	LINC01715	0.0004885384317366576
ZBTB17	AL031602.2	0.00048758205467965807
ASAP3	UBXN10	0.000487402600637494
ZNF436	IPO13	0.00048707708116603644
NOC2L	FAM87B	0.0004863712336406083
CPTP	AL137857.1	0.00048629020148847874
ZNF362	DLEU2L	0.0004849169612143094
TAL1	L1TD1	0.00048417779821221515
ZFP69B	TTC22	0.00048268280661216016
ZBTB48	BEND5	0.0004798412921429338
ZNF362	NADK	0.00047890999062324334
SCMH1	AL109811.1	0.0004779661302933995
SSBP3	AL606760.1	0.0004769173190513279
GMEB1	TTC39A	0.0004733470002060882
MORN1	AL020997.5	0.00047329933288865647
NOC2L	AJAP1	0.0004722917498321617
ZFP69	TNFRSF9	0.0004693418119925996
HIVEP3	FOXD3	0.00046916441735100065
POU3F1	TCEANC2	0.0004665820920611024
NOC2L	WNT4	0.0004655979351757168
EXO5	AL021155.5	0.00046493780066949057
NOC2L	AL450043.1	0.00046407951002722336
NFYC	PADI2	0.0004618134383232116
DMAP1	FAM43B	0.0004594761256941267
HES5	AL627309.1	0.00045462436539056496
HES5	AL513493.1	0.00045400335047474875
ZNF691	MIR4422HG	0.0004527269745610141
ZNF684	LINC01770	0.00045210802102831554
LUZP1	SZT2	0.00045027064078076684
NFIA	C1QA	0.00044818560687324516
DMAP1	ZNF684	0.0004481521514016667
MTF1	HPDL	0.0004476982021743357
SSBP3	MIB2	0.0004462165297059163
SSBP3	AL021154.1	0.0004458993240216462
POU3F1	AL162430.2	0.0004456639696660284
MTF1	AL358075.2	0.0004449825018526264
HES4	AL512408.1	0.00044484394478521756
NFYC	CLDN19	0.0004439609464756625
ASAP3	KIAA2013	0.0004434727430867068
AGMAT	AL161644.1	0.00044321442970567565
DMAP1	CLDN19	0.0004409433923324129
PRDM16	C1QC	0.00044014171384052414
ZBTB48	TNFRSF1B	0.0004399295000242692
EXO5	AL137802.2	0.00043794990425311534
ZBTB48	SH2D5	0.0004372174358865892
KDM4A	AC098484.4	0.00043412361045964547
SSBP3	RNF11	0.0004332951374561228
MYCL	ERMAP	0.0004325829851165041
SCMH1	HPDL	0.00043199010075487215
KDM4A	DMRTA2	0.0004308230468493242
ZNF362	AL357140.1	0.0004307291714316129
CPTP	SLC30A2	0.0004297755596487058
ZFP69B	AL606491.1	0.00042393527619277754
ZBTB17	SLFNL1-AS1	0.00042204167255553785
NOC2L	AC098484.4	0.00042164839687923065
ZBTB17	AC114488.1	0.00042155594619946654
NFYC	AC093424.1	0.00042034428439238617
MORN1	PINK1-AS	0.00041759700294091294
ASAP3	AL356055.1	0.0004143142088139364
DMAP1	AL603839.3	0.0004114915888240554
NOC2L	AL451042.2	0.00040948469867816995
TAL1	AL359881.1	0.0004067124064702183
HIVEP3	SLFNL1	0.0004049628027735967
ZNF684	AL109936.6	0.00040029603832829065
NOC2L	AL445248.1	0.0004001289808489534
PRDM16	PDZK1IP1	0.00039965876532336187
AKR1A1	LINC01771	0.0003961712415296844
MTF1	FOXD2-AS1	0.0003950273191569155
ZNF684	AL357078.2	0.00039254039041818203
ZNF684	AL050343.2	0.0003924453463974835
GMEB1	TAF12	0.0003896452205578842
ZBTB17	TMEM269	0.00038924671383134456
ZNF436	PLCH2	0.00038609258289283284
ZBTB48	AL050343.3	0.000385969742094778
SCMH1	AL357078.2	0.0003852957283647296
MYCL	AC119677.1	0.00038132949521242014
ZFP69	GALE	0.00038078957432111885
DMAP1	PADI2	0.0003787248209272947
ZBTB40	TFAP2E	0.0003781664389563625
ZNF362	BMP8A	0.00037737612012535103
CPTP	AL591845.1	0.0003747549167881741
NOC2L	HCRTR1	0.00037391460083606025
MTF1	LINC01715	0.0003738860115018367
TFAP2E	UBE4B	0.00037386943411932575
CPTP	SLC2A5	0.00037375826115708567
SCMH1	AL627309.1	0.0003709316905157471
MTF1	DAB1	0.00036988546285291927
DMAP1	NBPF3	0.00036897291887126756
HIVEP3	RIMS3	0.00036741119906956644
HP1BP3	AL033528.2	0.00036604040360762143
NFYC	AL603839.3	0.00036527385665298493
HIVEP3	AL512408.1	0.0003639544078533418
HIVEP3	AL137857.1	0.0003631522308680379
HES4	AL139423.2	0.0003618353983610776
FOXO6	AC119677.1	0.0003613436959303902
NOC2L	CSF3R	0.00035983249499122155
ZNF362	LINC01771	0.000357573242654619
RLF	KAZN	0.00035522391539314176
MYCL	AC254633.1	0.00035261913065762527
ZBTB40	FOXD2-AS1	0.00035209388912399453
POU3F1	AL031005.1	0.0003519793677242916
NFYC	MIB2	0.000350926786057742
ZNF691	CELA2B	0.0003499890384920975
TAL1	AL031283.2	0.00034907721943688673
ASAP3	SLC2A1-AS1	0.0003480120397170175
ZFP69B	AL109936.6	0.0003458151754605244
DMAP1	LINC01144	0.00034313374826835637
HES5	S100PBP	0.000343004881526266
CPTP	ZSCAN20	0.000341154120897371
HDAC1	SAMD11	0.0003410090325758498
RUNX3	LINC02596	0.00034014747052933263
MYCL	AL034417.3	0.00033920939472633233
MTF1	EXTL1	0.00033886217251875595
ZBTB17	AL662907.3	0.000337863682422176
HES4	ARMH1	0.00033605611195442527
ZBTB40	ZYG11A	0.00033502482595907973
ZBTB40	AL109627.1	0.00033274359609329976
MYCL	MMEL1	0.0003293860724165511
HES5	AL109936.2	0.00032904779512999164
SCMH1	PRDM16	0.00032828211238876545
ZNF684	SH2D5	0.0003265934221409677
NOC2L	AL050343.2	0.00032516252995784767
ZBTB40	CA6	0.0003239175322517961
ZBTB17	KIF17	0.00032367928195630466
ZNF436	AL031727.2	0.00032360855052273593
ZBTB48	AL031728.1	0.00032204687513900113
POU3F1	AL109811.1	0.00032157864886341275
ZFP69B	AGMAT	0.0003215453701577588
ZNF436	FAM43B	0.00031872454103988417
HEYL	UQCRHL	0.00031855091306516863
SCMH1	CYP2J2	0.0003173712278695803
POU3F1	RPL11	0.00031577057942698203
PRDM16	AC093424.1	0.00031290058746983213
ZNF684	AL513477.2	0.00031140010609687936
DMAP1	AL139423.2	0.00030956000829820523
JUN	AC119677.1	0.00030863795095105033
KDM4A	LINC02596	0.000306953465752969
ZFP69	THAP3	0.00030090363543333257
HIVEP3	PADI2	0.0002998517157551829
ZNF362	LINC01770	0.0002995914674578778
FOXD2	TMEM39B	0.00029939091283695573
ZSCAN20	LINC01778	0.00029852751263902296
MYCL	RAB3B	0.0002984624315685534
HIVEP3	DAB1	0.00029840438811180127
DMAP1	AL031727.2	0.00029767480040025096
KDM4A	AL512408.1	0.0002976663658240676
ZNF436	AL033528.2	0.0002964135775629954
ZBTB40	HPCA	0.00029564988518078516
ZNF691	SRARP	0.000294968483055137
ZBTB48	CAMTA1-IT1	0.00029479112922633425
ZNF362	WNT4	0.00029470620969496007
ZNF684	AL390719.2	0.0002942475275701606
HIVEP3	AL109936.2	0.0002937795018031403
ZBTB40	AL137857.1	0.0002934673089381336
NFYC	AL139423.2	0.00029125861024815964
FOXD2	LINC02606	0.00029109605031681004
MTF1	UBXN11	0.00028997587205340463
HIVEP3	AL604028.1	0.0002882240699498342
ASAP3	LINC01767	0.0002879231765705876
ZNF684	CA6	0.0002868441095231098
ZBTB40	LINC02812	0.00028652268230343027
SCMH1	AL139424.3	0.00028620723594887987
ZBTB17	WNT4	0.0002822952256887857
ZNF691	AL590434.1	0.0002815553725175646
FOXO6	LINC01770	0.00028142965348866805
MTF1	TFAP2E	0.00028121105582946054
NFIA	AL021155.5	0.0002768670530325345
CPTP	AL512408.1	0.00027607704822712385
ZNF436	AL031289.2	0.0002757411335695653
ZBTB48	SLC2A5	0.00027562717881387893
ZNF436	RIMS3	0.0002744753486123909
DMAP1	LURAP1	0.0002734109101010187
AKR1A1	AL662907.3	0.00027286420620426714
MTF1	AL031602.2	0.00027218233194468993
ZNF691	HPDL	0.0002695863042187581
ZNF362	AL031283.2	0.00026927522802432384
ASAP3	EXTL1	0.0002682240859764617
MTF1	BX284668.5	0.00026749377406268124
ZBTB48	ARHGEF16	0.00026720812002275243
FOXJ3	LINC02596	0.0002669244057984429
KDM4A	DAB1	0.0002653129431502341
GMEB1	IL23R	0.0002651070015825404
FOXD2	GJA9	0.00026460748775239423
NOC2L	MMP23B	0.00026424179781074316
ZNF684	SLC30A2	0.0002612680587065569
ZNF684	TTC39A	0.0002603264685255059
SCMH1	AL359881.1	0.00026003706767548074
GMEB1	WNT4	0.00025867570975589277
EXO5	PIK3CD-AS1	0.0002576699059270665
SCMH1	FCN3	0.00025747388443447973
SSBP3	IFNLR1	0.0002560627626162061
SCMH1	AC093151.8	0.000255169116768811
E2F2	LINC01562	0.0002535004238164728
ZBTB48	CLDN19	0.0002531725298300801
KDM4A	LINC01778	0.00025251020193687044
ZBTB40	RNF207	0.00025182651164823303
ZBTB40	PADI2	0.00025092618449324295
POU3F1	AJAP1	0.0002505735792141764
SCMH1	PLA2G2C	0.0002505606351670955
ZBTB48	SH3D21	0.00025053919630373947
RUNX3	AL139424.1	0.0002464165972017508
DMAP1	ZMYND12	0.0002457958149425911
MORN1	AC093151.8	0.0002455808380212504
ZNF436	AKR7A3	0.0002442466799076633
ZBTB48	TP73	0.00024314276829479634
CPTP	AL590438.1	0.00024263002810353038
HIVEP3	PLCH2	0.0002407927110077376
ZNF436	EXTL1	0.00023892385697307761
MYCL	HPCA	0.00023868073060483535
ZNF684	CYP2J2	0.00023803245665833753
NFYC	CALML6	0.0002361073522255201
NFYC	DNAJC11	0.00023523772489847023
ASAP3	BX293535.1	0.00023457910492333505
ZBTB40	AL590822.3	0.00023390072144416777
ZNF436	AL139424.1	0.00023372848543820807
TAL1	FAM43B	0.00023287152552252288
ZBTB17	ACOT11	0.0002327998726406784
CPTP	RIMS3	0.00023173612927948874
EXO5	AL139424.3	0.00022989199275483743
ZBTB40	AL450043.1	0.00022922165053265882
FOXO6	SLFNL1	0.00022882565806512203
KDM4A	FAM131C	0.0002272539861199144
GMEB1	FOXD3-AS1	0.00022588331443394532
AGMAT	AL805961.1	0.00022431433007582516
CPTP	CD164L2	0.0002238809684198044
ZBTB40	AC254633.1	0.00022187107494750074
PRDM16	LINC01144	0.00022112141988822826
MTF1	PLCH2	0.00021929894957301187
DMAP1	DLEU2L	0.0002188018979399996
AGMAT	ATPAF1	0.00021825225721576748
ZBTB48	PADI2	0.0002181003354259914
HIVEP3	HPCA	0.00021723236147132023
SSBP3	AL627309.5	0.00021713990729184328
MORN1	TNFRSF9	0.00021490772094920002
ZFP69	CDC42-AS1	0.00021488643303327549
ZNF684	AL805961.1	0.000214486865931551
CPTP	AUNIP	0.00021372510373102407
ASAP3	AC254633.1	0.0002135666296019061
HES5	TTC39A	0.00021202372678903384
HES5	AL049795.2	0.00021116873313977732
POU3F1	SNIP1	0.00021110931257442494
KDM4A	AL591845.1	0.00021016704936372617
PRDM16	AL805961.1	0.0002100694781431457
ZNF436	AL049795.2	0.00020900728359764655
FOXD2	BMP8A	0.00020885738599206766
ZBTB40	SLFNL1-AS1	0.0002086160728479958
E2F2	EPHA10	0.00020791458006192911
FOXO6	CTRC	0.00020483561490109562
HDAC1	LINC01635	0.00020348656365917208
NFYC	ZBTB48	0.00020344891514309358
FOXD2	AL031289.2	0.0002018826300810675
KDM4A	AL513493.1	0.00020050005598206308
ZSCAN20	KCNQ4	0.0002001197278123616
HDAC1	AJAP1	0.00019997845583737988
ZNF684	SLC2A5	0.00019963083407211258
KDM4A	AL031289.2	0.0001981566764926073
ZBTB17	AL451042.2	0.00019801087403779758
HIVEP3	ANKRD65	0.00019696638724370588
PRDM16	ORC1	0.00019628638279719121
ASAP3	GABRD	0.0001950528707308857
POU3F1	HCRTR1	0.00019426141404684774
SFPQ	AL021154.1	0.0001937318299729334
ZBTB48	AC098484.4	0.0001936100834681554
ZBTB17	PDZK1IP1	0.00019041990240361792
ZBTB48	AC093424.1	0.00018725582269358304
EXO5	AL050343.2	0.00018598288241211135
MYCL	TCTEX1D4	0.00018494866085291627
ZFP69	LINC02812	0.00018398783272819612
ZBTB40	FAM131C	0.00018359422848232904
SCMH1	AL161644.1	0.00018201733898893198
HIVEP3	AL445183.2	0.0001805544258959215
GMEB1	TMEM69	0.00018045410402721016
PRDM16	LINC02596	0.00017936276025123016
MORN1	PTPRU	0.0001791922139401706
POU3F1	CSF3R	0.00017909851788838776
NFYC	CTRC	0.00017690685303917822
MYCL	CTRC	0.00017610346438882884
MTF1	LINC01770	0.00017575409319040813
POU3F1	CALML6	0.00017569157973758575
NFYC	AL513327.1	0.0001744959879272693
ZBTB17	AL031432.5	0.00017230257712753656
HES5	SLFNL1-AS1	0.00017184863687049568
MORN1	SMPDL3B	0.00017033380382161146
DMAP1	AL050343.3	0.00016886894617176618
MTF1	C1QB	0.00016841388904636768
ZNF691	UBXN10	0.00016667373189988783
MYCL	AL357079.1	0.00016484386561903058
ZBTB40	LINC01562	0.00016423167293394444
ASAP3	TAS1R3	0.0001632551056976646
ZNF684	PADI2	0.0001621306298995364
MTF1	AL450043.1	0.0001584151788531728
MORN1	RAB42	0.00015781223720725805
ZNF691	TEKT2	0.00015716372460622302
ZNF362	AL391244.2	0.0001567016703879598
ZNF691	C1orf109	0.00015644629639437787
RUNX3	HSPB7	0.00015535303904272752
MORN1	PAQR7	0.00015525376352164462
ZFP69	IL23R	0.00015521801000514877
KDM4A	CA6	0.0001520171329474899
HIVEP3	LINC02812	0.0001508525901002148
SCMH1	SAMD11	0.0001502767016520094
ZBTB17	AL513218.2	0.000149971389055252
ZNF691	SRM	0.00014893366406303562
ASAP3	CAMTA1-IT1	0.00014888785215990153
ZNF691	RAB3B	0.00014854602756938918
EXO5	POU3F1	0.00014740316339136885
FOXD3	AC254633.1	0.00014699300865666224
ZNF684	TFAP2E	0.0001467280396278759
HEYL	EXTL1	0.00014479156206685418
ZFP69B	LINC01770	0.0001441217108089005
VAMP3	RCAN3AS	0.0001435880438758609
AGMAT	GPR153	0.00014194577490367284
CPTP	E2F2	0.00014129210344833952
KDM4A	PABPC4-AS1	0.00014032524838821772
ZBTB48	AL513493.1	0.00013879764834871312
ZNF684	TEKT2	0.00013752320826847638
ZFP69	AL513477.2	0.00013668994308518165
SCMH1	LINC01358	0.00013664074791837623
MAGOH	AC119677.1	0.0001365049685204208
ZNF362	AL513327.1	0.00013627186102299792
ZFP69B	AL139286.3	0.000135596847622689
ZBTB48	AL109811.1	0.00013355972496218333
POU3F1	AL031432.5	0.00013225392869350587
ZNF362	SHISAL2A	0.00013013636554131446
ZBTB48	BMP8A	0.0001299873487478904
ZNF436	AL590822.2	0.00012928673150258257
HES5	AC119677.1	0.00012865003029036278
HIVEP3	LRRC42	0.00012845565962713135
TAL1	LINC02812	0.00012797145010474533
POU3F1	MRPS15	0.00012774165969274353
ZBTB40	FABP3	0.00012703026023332955
HES5	AC093151.8	0.00012652529594910198
SSBP3	AC093151.8	0.00012582701473405378
FOXO6	AC093424.1	0.00012438512577016454
TAL1	FHAD1	0.00012407349655117536
KDM4A	AL805961.1	0.0001220755371681865
SCMH1	BX293535.1	0.00012185889872338323
DMAP1	AC119677.1	0.00012144875029850745
EXO5	AL136115.2	0.00012012052713432635
TAL1	UBE4B	0.00011994038994751043
HEYL	BMP8A	0.00011980890692545557
TAL1	AL031727.2	0.00011944588263202664
HES4	EFHD2	0.0001193354590135444
ZNF436	AL603839.3	0.00011907046652117383
CPTP	AL031727.2	0.000117939194989679
MYCL	TP73	0.00011626929927147981
HES5	RNF207	0.00011618992502411438
ZBTB48	LRP8	0.00011582393665222164
ZNF691	MATN1	0.000114273597763755
NOC2L	SLC2A1-AS1	0.0001139192706582073
FOXJ3	FOXD3-AS1	0.00011377997411572847
HP1BP3	AL513320.1	0.00011327020023983162
ZNF362	IL23R	0.00011218771010337507
SCMH1	KDF1	0.0001120858833405512
ZBTB48	RNF223	0.0001120507416123093
ZNF362	AC119677.1	0.00011065873344914702
PRDM16	FAM43B	0.00011014602058948008
ZFP69	AL357078.2	0.00010840452391112122
PRKAA2	AJAP1	0.00010840115071919593
ZBTB40	TSSK3	0.00010729981831334989
KDM4A	CASP9	0.00010724901355134294
TAL1	RHD	0.00010709673011103771
ASAP3	CELA2A	0.00010626204215262883
NOC2L	BMP8A	0.00010537865457965947
SMAP2	AL590822.1	0.00010503945619734071
HES5	RHD	0.00010466748283155793
MYCL	C1QTNF12	0.0001043526729636951
KDM4A	LDLRAD2	0.00010250545756844292
ZNF436	LINC02596	0.00010177884053810829
ASAP3	AL357140.1	0.00010099043850598949
HES5	LINC01226	0.00010095615571064213
ZBTB48	IFNLR1	0.0001003195725515033
ZNF362	AL139286.2	9.992156244432636e-05
ZNF436	AL139424.2	9.647916090767345e-05
ZNF684	SLC1A7	9.638671833563327e-05
ZCCHC17	RHBDL2	9.580817514271874e-05
HES5	C1orf50	9.482143732235886e-05
POU3F1	EXTL1	9.429188793777445e-05
MYCL	FHAD1	9.393714436720361e-05
ZNF362	GPR153	9.315952061058983e-05
ASAP3	FNDC5	9.305027272032125e-05
SCMH1	FAM131C	9.219070747083378e-05
SCMH1	AL031283.1	9.218744686921283e-05
ZBTB48	TMEM53	9.176944793944555e-05
DMAP1	FAM131C	9.157210683112694e-05
MTF1	AL445248.1	9.078896762277303e-05
MYCL	FOXD3-AS1	9.077962108210562e-05
HIVEP3	AL031283.2	9.076619451502542e-05
ZBTB48	AL031289.2	9.066214389185051e-05
ZNF436	MMEL1	8.981930675209e-05
ZFP69	SGIP1	8.942683311878869e-05
ASAP3	ESPN	8.936663053060007e-05
HIVEP3	CYP2J2	8.906225589568665e-05
NFYC	LEPR	8.884292211583107e-05
ZSCAN20	AL445183.2	8.765316106488842e-05
MTF1	CPT2	8.681433115599856e-05
EXO5	AL109627.1	8.638077472495004e-05
AKR1A1	LNCTAM34A	8.516220978222766e-05
PRDM16	LINC01358	8.513685142860318e-05
SMAP2	CYP2J2	8.511347750279858e-05
PRKAA2	XKR8	8.454609988895373e-05
HIVEP3	EXTL1	8.424289602732535e-05
ZNF691	WNT4	8.406009973018614e-05
SSBP3	LINC01226	8.3906367833442e-05
VAMP3	DFFB	8.373089182908747e-05
HES4	FAM43B	8.340339711799501e-05
ZBTB48	AL021154.1	8.330829617427577e-05
ZBTB48	RCAN3AS	8.14684821232084e-05
ZNF691	BSDC1	8.105765392616962e-05
HIVEP3	AL445248.1	8.093631512587902e-05
MYCL	BMP8A	8.083233180967808e-05
TAL1	CYP2J2	8.07789815693979e-05
TAL1	AL137857.1	8.01332388123402e-05
ZBTB40	CELA2A	7.915729682038742e-05
ZBTB40	C1QTNF12	7.877277328286584e-05
ZNF362	SH2D5	7.860748797360894e-05
ASAP3	LINC01770	7.836606030150682e-05
ZBTB40	PLEKHN1	7.789362357000162e-05
HES5	ORC1	7.716807671023982e-05
MTF1	CALML6	7.667691881066459e-05
ZSCAN20	SRARP	7.646743305415169e-05
GMEB1	PLEKHN1	7.601994042635195e-05
HES5	AC098484.4	7.550290889399714e-05
CPTP	CAMTA1-IT1	7.544740371699715e-05
ZNF436	AL139246.3	7.541133282732862e-05
CPTP	PLEKHN1	7.518015210688868e-05
YBX1	HYI-AS1	7.512055305514171e-05
SCMH1	AL603839.3	7.494812963978825e-05
MORN1	CA6	7.405578435646734e-05
HEYL	AL591845.1	7.384803374428527e-05
CPTP	CA6	7.370216324047355e-05
CPTP	PTP4A2	7.361808585752477e-05
ASAP3	FAM131C	7.318025325092177e-05
HIVEP3	SCP2	7.253020261178463e-05
EXO5	ANKRD65	7.220800455762435e-05
FOXD2	LINC01783	7.218634634956669e-05
SCMH1	DMRTA2	7.216596926617216e-05
PRDM16	CELA2A	7.166242308956191e-05
ZBTB17	LNCTAM34A	7.150984581438482e-05
ZFP69B	AL662907.3	6.99845171069448e-05
ZBTB48	LINC01409	6.960582963447349e-05
PRDM16	EPHB2	6.937689983025095e-05
FOXO6	RIMKLA	6.934410270347187e-05
HEYL	RAB42	6.911540914704153e-05
MORN1	SH2D5	6.853742715079001e-05
ZBTB40	DNALI1	6.817189871840286e-05
E2F2	RPS8	6.775290313218336e-05
ASAP3	CTRC	6.619336797840706e-05
ASAP3	CCDC28B	6.613601561848642e-05
SCMH1	KCNQ4	6.598433259933011e-05
MORN1	AL590822.1	6.586132083201045e-05
PRDM16	AL136985.3	6.57556940782793e-05
HIVEP3	EFCAB7	6.56475553315751e-05
ZNF684	AL445183.2	6.554670094999743e-05
FOXO6	TSPAN1	6.517150489419021e-05
ZBTB48	C1QB	6.458256276715766e-05
ASAP3	AL445183.2	6.450730113722845e-05
PRDM16	CSMD2	6.401099451450331e-05
ZNF436	DMRTA2	6.379780943770465e-05
MTF1	TP73	6.318808477953008e-05
HEYL	DISP3	6.269249508459996e-05
DMAP1	CA6	6.257961975380161e-05
ZNF436	TTC39A	6.251647581418448e-05
ZFP69	AL031728.1	6.211175247887827e-05
TAL1	AL050343.3	6.19805242994934e-05
PRKAA2	GPR153	6.107092541956343e-05
PRKAA2	KIF2C	6.1023833937086285e-05
MORN1	ZCCHC17	6.0678450422516184e-05
HES4	TMEM125	6.0555984075169746e-05
ZSCAN20	AL590822.1	6.0325434460404016e-05
RLF	KCNQ4	6.0033284920863466e-05
TAL1	RIMKLA	5.8968983516157915e-05
TAL1	AL031005.2	5.8784391504366834e-05
GMEB1	AL139424.1	5.856880490806978e-05
NFIA	AL590438.1	5.761535721323454e-05
FOXD3	PTPRU	5.7589226532000956e-05
PRKAA2	RAB3B	5.706696392670319e-05
SCMH1	CALML6	5.693796837968643e-05
HES5	AL021154.1	5.6799328528002325e-05
ZNF691	TNFRSF9	5.6739659812630314e-05
TAL1	TPRG1L	5.649549890478412e-05
PRDM16	LINC01767	5.646220373529047e-05
GMEB1	CLDN19	5.622983601269739e-05
CPTP	AC114488.1	5.621566550341047e-05
NFYC	EXOSC10-AS1	5.592363579168391e-05
SCMH1	FOXO6	5.5538727478213e-05
TAL1	MTF1	5.547130420339248e-05
PRKAA2	DMRTA2	5.545219638021661e-05
SCMH1	MIR4422HG	5.538661757834138e-05
ZNF362	ZSWIM5	5.515294801417045e-05
TAL1	LNCTAM34A	5.501994996424118e-05
ZNF436	FOXD3-AS1	5.50145096442095e-05
TAL1	FOXD3-AS1	5.4879890821072894e-05
MORN1	AL139220.2	5.485462916849319e-05
AKR1A1	FOXD2-AS1	5.474606243834379e-05
ZNF684	TMEM125	5.449818806162492e-05
ZFP69	CYP4X1	5.433921972416599e-05
PRKAA2	AL445248.1	5.427108787688391e-05
MTF1	SMPDL3B	5.369351779464852e-05
SCMH1	PRDM16-DT	5.339278666922676e-05
ASAP3	AUNIP	5.3053476288590885e-05
FOXD3	LINC01778	5.3020427750083445e-05
ZNF362	AL050343.3	5.2803776378964945e-05
CPTP	CTRC	5.276416052189684e-05
PRKAA2	LINC01767	5.2321147170302796e-05
DMAP1	AC114488.3	5.165109176696273e-05
ZNF691	ESPN	5.148768779780753e-05
ZBTB48	FNDC5	5.110561233148497e-05
HEYL	TIE1	5.101244792984257e-05
HIVEP3	IFNLR1	5.053132591470278e-05
DMAP1	CRYBG2	5.0454609328623584e-05
MYCL	TMEM51-AS1	4.9904029885178454e-05
HES5	IFNLR1	4.920683891217862e-05
ZFP69B	LINC01562	4.8582483496251956e-05
ENO1	AC119677.1	4.825017956914098e-05
POU3F1	LINC02596	4.8092026487391686e-05
ZBTB40	HPDL	4.792509130415282e-05
HES5	SMPDL3B	4.792383567602452e-05
PRDM16	SLC30A2	4.741026413592027e-05
ASAP3	AL590822.1	4.7403273567047386e-05
PRKAA2	AL109627.1	4.738760571359148e-05
MTF1	AL604028.1	4.6855145252623654e-05
MYCL	AC093424.1	4.655907122800462e-05
ZBTB17	LINC01409	4.644732449294174e-05
NOC2L	AL137127.1	4.6298612773481916e-05
NOC2L	AL805961.1	4.613240202060916e-05
POU3F1	TMEM201	4.600438516908063e-05
MORN1	TP73	4.584923272409634e-05
MORN1	AL109936.6	4.582941636689763e-05
ZNF691	AC119677.1	4.572053707478465e-05
HES5	AL512353.1	4.4721483002687204e-05
PRKAA2	Z97987.1	4.464725216350111e-05
MYCL	ZYG11A	4.446859816863948e-05
FOXO6	AL357140.1	4.444904636245738e-05
PRKAA2	AL031283.1	4.4328500823739454e-05
ZNF691	E2F2	4.412636335487388e-05
HEYL	SH2D5	4.407217890102537e-05
POU3F1	BX293535.1	4.39577002751874e-05
RUNX3	PLEKHN1	4.3929904248170786e-05
ZBTB40	RAB3B	4.363688388066465e-05
ZNF362	HCRTR1	4.312472085588875e-05
EXO5	TMEM39B	4.308689796561388e-05
NFYC	AL513477.2	4.269570823478076e-05
MORN1	LINC01715	4.2494696773907875e-05
GMEB1	UQCRHL	4.231278645112018e-05
HES5	TAL1	4.218167897075451e-05
DMAP1	AC004865.2	4.210219667601345e-05
LUZP1	AKR7A3	4.210200681302981e-05
HDAC1	SLC30A2	4.207078701884876e-05
HEYL	AL606491.1	4.2047353102072794e-05
ZSCAN20	HEYL	4.183971091128534e-05
ZNF684	ZYG11A	4.1835792835301055e-05
ZNF362	AL604028.1	4.1679040176293457e-05
ASAP3	AL513477.2	4.15497174183787e-05
ZNF362	HPDL	4.133350762995316e-05
TAL1	ARTN	4.127965825388042e-05
FOXD2	PLA2G2C	4.124540513460892e-05
ZNF691	FNDC10	4.117025162641472e-05
POU3F1	ZSWIM5	4.0849335717779776e-05
ZBTB40	LINC02777	4.061577244933521e-05
ASAP3	SH2D5	4.0600651505531684e-05
ASAP3	AL662907.3	4.013490865905916e-05
MTF1	IL23R	3.9804804462568467e-05
ZSCAN20	FBLIM1	3.9738868198507225e-05
HES4	CCDC17	3.963831634721667e-05
MTF1	AL020996.1	3.963486433896402e-05
CPTP	RERE-AS1	3.949058451695505e-05
NFYC	PLA2G2C	3.9341005558503136e-05
ZNF684	LINC01355	3.91927769451385e-05
MTF1	AC119677.1	3.9083520526267344e-05
RLF	FAM131C	3.907340098021625e-05
NOC2L	LINC01783	3.907054696036967e-05
SSBP3	CDK11B	3.888450108718183e-05
POU3F1	PABPC4-AS1	3.887207484595127e-05
EXO5	Z97987.1	3.8507771192770006e-05
JUN	CTRC	3.833839304077742e-05
ZNF691	NFIA-AS1	3.8092353775300633e-05
PRDM16	COL16A1	3.802481383367641e-05
RUNX3	AL513493.1	3.795492639366103e-05
HES5	FOXD3-AS1	3.7867345502482054e-05
NFYC	RNF223	3.781322685342247e-05
CPTP	LINC01715	3.7765301728125566e-05
MORN1	MAD2L2	3.7665635428408926e-05
AGMAT	PLA2G2C	3.764590409420853e-05
JUN	AL451042.2	3.7551407691544024e-05
EXO5	CNR2	3.750184294945501e-05
PRKAA2	AL137127.1	3.729184669047198e-05
ZNF691	CD164L2	3.684943781314319e-05
CPTP	MDS2	3.6784691717481944e-05
AGMAT	GJA9	3.672209081034528e-05
ZBTB48	FOXD2-AS1	3.650747303992834e-05
HP1BP3	FAM43B	3.6385381591215824e-05
PRDM16	LINC01770	3.635904971982212e-05
SFPQ	LINC01770	3.635558082480271e-05
FOXO6	DMRTA2	3.626443846064536e-05
GMEB1	DLEU2L	3.624835005410175e-05
ZNF436	GRIK3	3.6200564950226194e-05
ASAP3	TMEM51-AS1	3.61829342073937e-05
POU3F1	YARS	3.602657530709938e-05
MYCL	PODN	3.57304549969507e-05
POU3F1	LDLRAD2	3.571198768198864e-05
HES4	PAQR7	3.560817311185908e-05
ZNF691	FOXD3-AS1	3.5592848715633296e-05
ZBTB40	AL358075.2	3.5497814087403455e-05
KDM4A	TMEM51-AS1	3.5401826961757565e-05
ASAP3	TSSK3	3.531540636715795e-05
FOXO6	LINC01778	3.526357200584024e-05
HDAC1	AL034417.4	3.5261373003039995e-05
ASAP3	SGIP1	3.48638952332495e-05
PRKAA2	HPCA	3.4800012501024445e-05
SCMH1	FOXD2-AS1	3.479972269599915e-05
ZBTB48	SLFNL1	3.479606981200714e-05
HIVEP3	OXCT2	3.474068226054276e-05
ZNF691	LINC01770	3.4623519912678004e-05
ZFP69B	GABRD	3.4586167033060896e-05
DMRTA2	TP73	3.4265164168057456e-05
ZCCHC17	CALML6	3.425525341317581e-05
HIVEP3	ZSCAN20	3.408582259913816e-05
NFYC	KCNQ4	3.403203443242407e-05
FOXO6	Z97987.1	3.399879273511415e-05
HIVEP3	AL034417.4	3.382590413716279e-05
CPTP	COL9A2	3.37654804333422e-05
YBX1	TP73	3.3668175753819406e-05
HEYL	LINC01226	3.3645129098031826e-05
VAMP3	SH3BGRL3	3.349788581203494e-05
ASAP3	LINC01778	3.340350574776279e-05
ZBTB40	FHL3	3.336682994722059e-05
ZNF436	RHBDL2	3.3211140382786055e-05
EXO5	PRDM16-DT	3.320272289366115e-05
KDM4A	AC093424.1	3.295568609669383e-05
ZNF691	SFN	3.2675425844749195e-05
SCMH1	AL031289.2	3.2613335694424374e-05
HES5	CTRC	3.22865078074565e-05
ZNF362	SLC30A2	3.220025712492375e-05
HES5	SELENON	3.1476956785167805e-05
ZNF684	HTR6	3.100849433674507e-05
NFYC	FAM43B	3.09880286284578e-05
VAMP3	TP73	3.0892501345587286e-05
KDM4A	TMEM269	3.0815923808051794e-05
ZFP69B	CSF3R	3.0803473457178786e-05
ZNF691	AL445183.2	3.079153118322528e-05
DMAP1	AL031289.2	3.052785581050842e-05
HEYL	L1TD1	3.0484713491671762e-05
MORN1	TTC4	3.0456631294647733e-05
AGMAT	SMIM1	3.0190089037693933e-05
RUNX3	AKR7A3	3.0120146865474002e-05
NFYC	CROCC	3.010098124875421e-05
ZSCAN20	AC119800.1	3.0021876226034597e-05
MYCL	HPDL	2.9939068065920737e-05
SCMH1	ESPN	2.9833800528088758e-05
ZFP69	AL590822.2	2.982325472249588e-05
ZNF691	MFSD2A	2.9718295602244392e-05
PRDM16	CELA2B	2.9606030296576568e-05
SSBP3	LINC01770	2.9577407584522937e-05
HEYL	AL031283.1	2.9560515587814838e-05
CPTP	AL139286.2	2.9484265225915873e-05
HES5	NFIA-AS1	2.9425467238160065e-05
FOXD3	LINC02606	2.9330181073832654e-05
AGMAT	NDUFS5	2.9265515226228677e-05
POU3F1	OSCP1	2.9081332425595275e-05
ASAP3	ACOT11	2.903597736980824e-05
KDM4A	AL590822.2	2.9035196412795596e-05
GMEB1	AL513493.1	2.8816087506998097e-05
SMAP2	CSF3R	2.8727963428868908e-05
KDM4A	LINC01767	2.8664528184353e-05
MORN1	UQCRHL	2.8430734182589978e-05
EXO5	SMIM1	2.8367366352993685e-05
HEYL	FHAD1	2.8169742111959904e-05
DMAP1	AL031283.1	2.8070134762903975e-05
HES5	AL590822.1	2.803369361053918e-05
HEYL	PEX10	2.7940421758278685e-05
FOXJ3	MMACHC	2.7854686979424168e-05
ASAP3	PABPC4-AS1	2.7850855642819265e-05
ZNF684	AKR7A3	2.7754861421271698e-05
MTF1	AL391244.2	2.7720669151227317e-05
ZBTB17	AL445183.2	2.7640661908453916e-05
HES5	TRABD2B	2.754273482879155e-05
ZNF691	AC093424.1	2.7517290350246695e-05
MORN1	TEKT2	2.7509806982848702e-05
HIVEP3	FOXD2-AS1	2.7459761148094188e-05
PRDM16	AL450043.1	2.745749400152251e-05
RUNX3	PLA2G2C	2.736270796246308e-05
ZBTB48	AL136115.2	2.7319037268485973e-05
EXO5	LINC01355	2.7303146500293006e-05
POU3F1	CLDN19	2.6960943816634614e-05
ZBTB40	AL031005.1	2.6944978023767098e-05
ZBTB48	RHD	2.6903061355912314e-05
HEYL	AC119674.1	2.6780756535995428e-05
MYCL	AL445248.1	2.6757244598312025e-05
AGMAT	NBPF3	2.6682370443696e-05
MYCL	SAMD11	2.6679024248147398e-05
POU3F1	GABRD	2.6678989742733054e-05
CPTP	CELA2A	2.6508301306844408e-05
PRDM16	FAM131C	2.637006359617173e-05
ZBTB17	NFIA-AS1	2.6171091442015168e-05
HIVEP3	AL139286.3	2.5887695479464622e-05
ZNF436	ZBTB8A	2.5616441075686815e-05
GMEB1	AL513477.2	2.5583068493821392e-05
JUN	CELA2B	2.5506320410154147e-05
NFYC	AL450043.1	2.5183877966236153e-05
HIVEP3	AC099791.4	2.514998955787974e-05
HEYL	FNDC10	2.5087058367587465e-05
FOXJ3	RERE-AS1	2.4730753374005197e-05
CPTP	HTR6	2.4719288612801984e-05
JUN	HCRTR1	2.4580969221715166e-05
ZNF684	LINC01358	2.4559471299266127e-05
HIVEP3	NCDN	2.4439543902514425e-05
ZBTB48	AC093151.8	2.4428079713988744e-05
ZNF684	AUNIP	2.4175024908648713e-05
ZBTB48	TCEANC2	2.415263692267322e-05
ZBTB48	RIMKLA	2.41423002963262e-05
POU3F1	AL451042.2	2.4034222027940867e-05
MTF1	UBXN10	2.3807416744749066e-05
TAL1	HYI-AS1	2.3800015400663e-05
MTF1	AL033528.2	2.371039046846645e-05
PRDM16	LINC01783	2.3685349718282712e-05
ZBTB17	AL606491.1	2.3673884805848152e-05
MYCL	COL16A1	2.346415212323131e-05
VAMP3	HYI-AS1	2.333655407407773e-05
ZNF691	TNFRSF14-AS1	2.3234471345846446e-05
HES5	AL662907.3	2.298052527312366e-05
PRDM16	CDCA8	2.2914701728613718e-05
ZBTB17	SERINC2	2.2833466295075096e-05
ZNF691	RHCE	2.2805288620534867e-05
ZBTB48	SLC25A34	2.2704953313249655e-05
ZBTB17	AL031283.2	2.2433370431698313e-05
PRKAA2	AL031432.3	2.231788921800337e-05
ZNF436	PLA2G5	2.224170163251134e-05
YBX1	AL358075.1	2.2158355204902753e-05
ZNF691	AL049795.2	2.2104568427131205e-05
FOXJ3	CCNL2	2.198382519708247e-05
HES5	RCC1	2.196854243884935e-05
GMEB1	C1QB	2.1830991382028637e-05
ZBTB40	AL590822.1	2.1820664532219726e-05
MYCL	AL137127.1	2.1788136040674872e-05
PRDM16	ACOT11	2.1536232593507214e-05
EXO5	WNT4	2.12896307732871e-05
HEYL	AL357140.1	2.1278908652384182e-05
EXO5	LINC02596	2.1233155879357702e-05
AGMAT	RAVER2	2.1207738945315235e-05
PRDM16	RAB42	2.116942092276515e-05
NFIA	AL109936.6	2.116758484218074e-05
MTF1	DFFB	2.11505559338868e-05
HEYL	RAB3B	2.114924996095559e-05
FOXO6	LINC01783	2.079813513537405e-05
POU3F1	LINC01778	2.0788133881492133e-05
FOXJ3	LINC01778	2.0639430692982516e-05
PRKAA2	SH2D5	2.0587162169944263e-05
ASAP3	TP73	2.049343831134268e-05
POU3F1	TP73	2.046720450248521e-05
HDAC1	AL451042.2	2.038613241126089e-05
ZNF691	C1QTNF12	2.0167834890423386e-05
HDAC1	ACOT11	2.0019785028120006e-05
MORN1	AC099791.4	2.001699292980116e-05
SCMH1	E2F2	1.9878237823925702e-05
JUN	AKR7A3	1.9853747099206353e-05
SCMH1	CCDC163	1.978967588682625e-05
ZNF691	HTR6	1.974660579998941e-05
SSBP3	SLFNL1	1.9737797777014057e-05
HES5	RAB3B	1.9689315535417267e-05
HEYL	CYP2J2	1.9685970738675294e-05
FOXO6	HTR6	1.9680568905861274e-05
HES5	PABPC4-AS1	1.9567538276689603e-05
ZNF362	AL606491.1	1.95265348781498e-05
FOXO6	IPO13	1.9427711432758383e-05
HDAC1	SLFNL1-AS1	1.941147984218094e-05
HIVEP3	AL590822.3	1.938394979606536e-05
VAMP3	TRNP1	1.9338237139163866e-05
EXO5	DNAJC6	1.9291901304440433e-05
HEYL	UBXN10	1.925323767684801e-05
HIVEP3	MMACHC	1.913702763039837e-05
HEYL	SGIP1	1.9133576621747337e-05
NFYC	SH2D5	1.897284073680674e-05
TAL1	FAM87B	1.8951533921878032e-05
KDM4A	AL513477.2	1.8824386008139127e-05
ZNF691	AL109627.1	1.8757506961883508e-05
YBX1	HTR6	1.874887600791853e-05
ZFP69B	C1QC	1.874619370679027e-05
SCMH1	ADPRHL2	1.8707280821100524e-05
SFPQ	AL137127.1	1.8639811510019697e-05
KDM4A	AL139423.1	1.859666865201845e-05
ZFP69	AL590822.3	1.8548684334967433e-05
VAMP3	AL513477.2	1.846349976682229e-05
ZBTB40	MIR4422HG	1.8444822416246044e-05
ZSCAN20	LINC01562	1.8365598182397954e-05
MYCL	SH2D5	1.8361768973065707e-05
ZBTB17	LINC01783	1.8239911466991356e-05
ZSCAN20	AUNIP	1.8110199276529297e-05
HES5	PLA2G5	1.8092249513992047e-05
KDM4A	EPHB2	1.8046151017282172e-05
AGMAT	AUNIP	1.8002342002751522e-05
NOC2L	VPS13D	1.7998188949083514e-05
MTF1	AL357140.1	1.7970891711777127e-05
KDM4A	PRDM16-DT	1.787531476812418e-05
HES5	LINC01562	1.7831479140079655e-05
AKR1A1	SLC30A2	1.7822389805188033e-05
NOC2L	MANEAL	1.775788026188106e-05
TAL1	AL137127.1	1.7702103431194888e-05
ASAP3	CYP4X1	1.7694715391622034e-05
ZFP69	NFIA-AS1	1.766242705306255e-05
FOXD2	HTR6	1.7576703598771445e-05
GMEB1	AL109811.1	1.7575766625683928e-05
SFPQ	HPCA	1.7569782550405126e-05
SMAP2	AL358075.1	1.7462014093979415e-05
NOC2L	LINC02777	1.7433494348354665e-05
ZNF362	SLC45A1	1.7408105716948423e-05
ZBTB48	FAAH	1.7345748130897558e-05
PRDM16	FOXD3	1.7332175802704882e-05
GMEB1	HECTD3	1.728879617636077e-05
PRDM16	AL590434.1	1.7217337295284637e-05
SFPQ	DMRTA2	1.7180433149314263e-05
POU3F1	FAM43B	1.70763587867571e-05
ZNF684	EPHA10	1.692465433230607e-05
AGMAT	AL109627.1	1.6915236697510757e-05
POU3F1	AL445248.1	1.689254292282163e-05
MYCL	AL604028.1	1.6856736108753165e-05
MORN1	ZSWIM5	1.6800383095367127e-05
NFYC	AC093151.8	1.672108785914828e-05
HEYL	AC114488.3	1.6711427946410794e-05
TAL1	PRKAA2	1.665289690734649e-05
HEYL	GABRD	1.6638574747713756e-05
SSBP3	Z97987.1	1.6603864240297267e-05
HDAC1	AL139423.1	1.659540268595893e-05
DMAP1	EPHB2	1.6501170336776243e-05
ZNF362	LINC01778	1.648619051546745e-05
MTF1	OTUD3	1.6464649000754807e-05
ENO1	RNF223	1.6403885150757285e-05
KDM4A	AKR7A3	1.6336117068421042e-05
ASAP3	CNKSR1	1.6293147897716512e-05
ZBTB48	LINC01358	1.62810872556455e-05
MTF1	TCTEX1D4	1.626081903100862e-05
ZNF436	CDCA8	1.6183112271044906e-05
PRDM16	AL445183.2	1.6124108406334934e-05
ASAP3	FAM43B	1.60941129965335e-05
ZFP69	COL9A2	1.6061036415811834e-05
ZFP69B	AC114488.1	1.6050503499858686e-05
ZCCHC17	AL034417.4	1.6045641610601596e-05
ZNF691	SMPDL3B	1.599293165662599e-05
ZCCHC17	TP73	1.596357396073898e-05
ZSCAN20	C1QC	1.5961607191467456e-05
GMEB1	AC093424.1	1.5920245156741784e-05
RUNX3	PEX10	1.5883460341127204e-05
JUN	FO704657.1	1.5861534822281676e-05
ENO1	LINC01778	1.5852177914009192e-05
YBX1	CALML6	1.584456758273276e-05
RUNX3	AL662907.3	1.582400559977433e-05
DMAP1	PLA2G2C	1.5823942652984795e-05
ZFP69	AL139260.1	1.575855868212441e-05
CPTP	SH2D5	1.573947236469767e-05
ZBTB48	AL049795.2	1.5688879714715248e-05
ASAP3	MIR34AHG	1.5677162661758523e-05
DMAP1	HTR6	1.5675219565860002e-05
ENO1	EPHB2	1.5660816885673308e-05
ZNF684	AL139286.2	1.562656329781e-05
E2F2	CTRC	1.5535077789622135e-05
ZSCAN20	LINC01144	1.5524795140803958e-05
FOXJ3	AL645608.7	1.534342516688494e-05
NFYC	LINC01783	1.5287131560499122e-05
ASAP3	PLA2G5	1.527879126041543e-05
RLF	STK40	1.5223980932585844e-05
ZNF436	LINC01144	1.5176325166361802e-05
FOXJ3	PLOD1	1.5172604875117365e-05
PRKAA2	LINC01359	1.516257111844266e-05
NFIA	AL805961.1	1.514232581160496e-05
MYCL	AL109627.1	1.5135762683749663e-05
FOXO6	CELA2B	1.5108351790403596e-05
YBX1	RNF223	1.510121261772443e-05
KDM4A	AL031432.3	1.5088300014821903e-05
NOC2L	AL645728.1	1.5031895335127527e-05
FOXO6	MMP23B	1.4840240720955288e-05
KDM4A	Z97987.1	1.4792336873696995e-05
ZBTB17	MATN1	1.4741330966213964e-05
ZBTB40	AKR7A3	1.4638701814599602e-05
ZNF362	Z97987.1	1.4530714322533209e-05
MTF1	AUNIP	1.4508910910537596e-05
ZNF691	LINC01359	1.4467764420861912e-05
SCMH1	GRIK3	1.4465374323722514e-05
MTF1	AL139220.2	1.443573778441286e-05
ZNF691	HPCA	1.441817136397574e-05
ZNF362	TMEM269	1.440874687372526e-05
NOC2L	AL358075.2	1.4396966217914731e-05
HEYL	AL139286.2	1.4239732747051966e-05
HES5	ACOT11	1.4192847545076031e-05
HES5	PAQR7	1.4164377468270957e-05
MAGOH	HYI-AS1	1.4162692925712329e-05
HES4	AL031728.1	1.4076669868298028e-05
POU3F1	AKR7A3	1.4041840000412874e-05
ZNF684	AC093151.8	1.4018142216163964e-05
ASAP3	AL139424.2	1.401599755229474e-05
FOXO6	AC099791.4	1.3931796979163307e-05
ZSCAN20	PLA2G5	1.3929010421201748e-05
ZBTB17	AL135960.1	1.3916544064136796e-05
NFYC	HCRTR1	1.390933183387401e-05
GMEB1	AL451042.2	1.3811224699388369e-05
ZBTB48	AL031283.1	1.3798791657866978e-05
CPTP	TMEM125	1.3728433966387647e-05
ZNF362	AL590822.1	1.3674701176153997e-05
MTF1	AL136115.2	1.3587271415615837e-05
ZFP69	ZSWIM5	1.3479531398569224e-05
ZNF362	AKR7A3	1.3477655685661727e-05
CPTP	AL049795.2	1.3462005403268483e-05
FOXJ3	AL513493.1	1.3461986366880674e-05
NOC2L	LINC01778	1.3316546073089883e-05
PRDM16	ZMYND12	1.3299007304607314e-05
KDM4A	UBXN10	1.3248076262230576e-05
PRKAA2	EYA3	1.3194303844749753e-05
MAGOH	AKR7A3	1.3133112663493312e-05
ZBTB40	FO704657.1	1.312635359734837e-05
ASAP3	HEYL	1.299714496389878e-05
MTF1	LINC01562	1.2986572927791659e-05
POU3F1	AL031283.1	1.295435251734703e-05
LUZP1	TNFRSF8	1.2903040601790334e-05
POU3F1	HDAC1	1.288851149884828e-05
PRKAA2	PLEKHN1	1.2882853629284705e-05
ZNF436	AL137127.1	1.286454381293138e-05
ASAP3	EPHB2	1.2841373206168089e-05
KDM4A	UQCRHL	1.283723249271822e-05
AKR1A1	EXOSC10-AS1	1.2827573227246402e-05
ZBTB17	MORN1	1.2799003182719102e-05
HES4	AL451042.2	1.2795620384434056e-05
SCMH1	TCTEX1D4	1.2792234429997942e-05
GMEB1	TNFRSF14-AS1	1.2736853522293226e-05
ZNF362	RPS6KA1	1.2686728455443912e-05
ZBTB48	PDIK1L	1.2672313601511343e-05
KDM4A	FOXD3-AS1	1.2624973116601834e-05
PRDM16	PTPRU	1.26004500635397e-05
POU3F1	FGR	1.2596690562676227e-05
ZNF436	LINC01770	1.257686098968626e-05
HEYL	PPIH	1.256390355048209e-05
TAL1	SLC1A7	1.2542460098687473e-05
ZCCHC17	BX284668.2	1.2525275746714128e-05
MTF1	SH2D5	1.2471372430463412e-05
ZBTB48	BX293535.1	1.2448824500868414e-05
HIVEP3	DNAJC6	1.244279399246656e-05
NFYC	SLFNL1	1.2436878719531959e-05
PRKAA2	FO704657.1	1.2404186154499938e-05
NOC2L	KTI12	1.2360257151554511e-05
ZSCAN20	CAMTA1-DT	1.22578951824297e-05
POU3F1	FOXD3-AS1	1.2070690015579865e-05
ZNF362	PLA2G5	1.2023824081474496e-05
KDM4A	LINC01226	1.1919046981161051e-05
HES5	AL139424.3	1.1914660508016914e-05
HP1BP3	KDF1	1.1910051713219554e-05
ZBTB40	NBPF3	1.1889731819023842e-05
ZBTB40	ARHGEF10L	1.1872586249310384e-05
KDM4A	RNF223	1.184970364111662e-05
FOXO6	AL139424.2	1.183633648569321e-05
VAMP3	CDKN2C	1.182076197304136e-05
VAMP3	TMEM200B	1.1775952155901056e-05
CPTP	AL358075.1	1.1759828504595074e-05
MYCL	LINC01778	1.1731034055420459e-05
MYCL	PRDM16	1.168690242230145e-05
DMAP1	CYP2J2	1.1677183010092656e-05
ZBTB48	AL139246.3	1.1626650069306977e-05
HIVEP3	TEKT2	1.1603330087192369e-05
ZFP69	MAST2	1.1600375586617345e-05
VAMP3	AL357140.1	1.1596965298678717e-05
SCMH1	UBXN10-AS1	1.1585789285252333e-05
ASAP3	AL050343.3	1.1574749030297032e-05
PRDM16	TCTEX1D1	1.1556311132728758e-05
YBX1	FNDC10	1.1519907738535017e-05
HES4	FNDC10	1.151417144625761e-05
ZSCAN20	FOXD3-AS1	1.1455543856945421e-05
ZBTB40	AL591845.1	1.1422843468922984e-05
HES4	AL031283.1	1.1420071285204023e-05
ZNF362	SLFNL1-AS1	1.1327021685395504e-05
ZNF436	SERINC2	1.1283279542810014e-05
EXO5	TMEM51	1.1266696986569492e-05
FOXD3	TMEM269	1.1240072432580376e-05
PRDM16	LINC01778	1.122923839918878e-05
MTF1	SLC2A1	1.1220940172516231e-05
MORN1	UBXN10	1.1219101558775926e-05
MAGOH	AL109936.6	1.120380549963296e-05
MORN1	AZIN2	1.1087610523285216e-05
KDM4A	TXLNA	1.1081904856733606e-05
AGMAT	AL139423.2	1.1041864363028314e-05
MYCL	IFNLR1	1.1016046625773462e-05
HIVEP3	FAAH	1.0992838495570832e-05
HIVEP3	CTRC	1.098843480562228e-05
MYCL	CDCA8	1.0979888523818053e-05
NFYC	KDF1	1.0952664160033695e-05
HEYL	ZMYND12	1.0909654598827876e-05
FOXJ3	RHD	1.0901494010174694e-05
ZFP69B	BEST4	1.0900283674206472e-05
TAL1	RAB3B	1.0880413328424334e-05
VAMP3	AC119677.1	1.087462522197684e-05
ZNF436	ACOT11	1.082942257537592e-05
PRKAA2	L1TD1	1.075742461348126e-05
DMAP1	AL031602.2	1.0736156098048313e-05
PRKAA2	AL357140.1	1.0715720505817511e-05
ZNF691	ZFP69	1.0704096921657792e-05
NFYC	RIMKLA	1.0673630679851855e-05
ZCCHC17	AL161644.1	1.0671836715639816e-05
CPTP	LINC01355	1.0562309537634153e-05
PRDM16	SLC1A7	1.0556398016321528e-05
HEYL	LINC01355	1.0357175605742784e-05
GMEB1	SH2D5	1.0351163022164894e-05
CPTP	FNDC10	1.0348384536241662e-05
MAGOH	DISP3	1.0344358512565597e-05
MORN1	LNCTAM34A	1.0332189425502331e-05
ZCCHC17	AL137857.1	1.0325067026511764e-05
ZNF691	AL358075.1	1.0279900805450078e-05
FOXD2	EXTL1	1.0231828439889164e-05
ZNF362	GRIK3	1.020681184917314e-05
HES5	GMEB1	1.0176516642032114e-05
RUNX3	LINC01359	1.0132029533764828e-05
MORN1	AC114488.1	1.0116462763248712e-05
ZBTB48	AL357079.1	1.009524017298994e-05
ZBTB17	CRYBG2	1.0086134810391662e-05
GMEB1	BMP8A	1.0067195516117318e-05
ZNF362	ATP5IF1	1.0064007133637147e-05
EXO5	IFNLR1	1.0009651922244997e-05
HIVEP3	AC119677.1	9.999421903497023e-06
HES5	CENPS	9.965783079265601e-06
ASAP3	GPR153	9.927082514946903e-06
SMAP2	HYI-AS1	9.858753907821576e-06
PRDM16	NPHP4	9.838877004313209e-06
HIVEP3	HTR6	9.813892618818176e-06
ZNF684	OTUD3	9.804604361366082e-06
HEYL	Z97987.1	9.761439712443765e-06
ZSCAN20	UBXN10	9.753324275376272e-06
SCMH1	RAB3B	9.7528611293228e-06
FOXO6	EPHB2	9.752525783093015e-06
RUNX3	NASP	9.749317251174478e-06
ZNF436	PTPRU	9.740227059999695e-06
ZBTB40	CAMTA1-DT	9.712243207091557e-06
KDM4A	AL033528.2	9.711921643468933e-06
ZNF362	AL031728.1	9.70542538246162e-06
FOXO6	FGGY	9.696686644193115e-06
FOXO6	PLA2G5	9.679825792744454e-06
MORN1	LINC01778	9.651033611422339e-06
AKR1A1	AL031602.2	9.646866113105229e-06
CPTP	GJA9	9.629901721698643e-06
FOXJ3	DISP3	9.607444053836619e-06
DMAP1	AL445183.2	9.600531834384411e-06
NFIA	BTBD19	9.597777070819544e-06
DMAP1	IPO13	9.555345401578316e-06
POU3F1	TFAP2E	9.524123164493485e-06
TFAP2E	AL391244.2	9.498488299745374e-06
HIVEP3	PHF13	9.460537237364581e-06
JUN	MIR34AHG	9.430850015761374e-06
RUNX3	AL136115.2	9.424269820460062e-06
HES5	EXTL1	9.35349963063255e-06
ZNF436	AL390719.2	9.336097272202676e-06
ASAP3	MAST2	9.323758882265803e-06
MTF1	NFIA-AS1	9.31908234167673e-06
HDAC1	FOXD3-AS1	9.261484972839455e-06
ZNF684	FAM43B	9.220284996602738e-06
LUZP1	AL590438.1	9.206246764087992e-06
ZBTB17	C1QB	9.203303985801903e-06
SCMH1	AUNIP	9.181545526192938e-06
HP1BP3	WNT4	9.144950898071449e-06
SCMH1	AC119677.1	9.138741285114509e-06
NFYC	AC114488.1	9.134897708233224e-06
GMEB1	AL050343.3	9.114013252948426e-06
EXO5	DHDDS	9.109572983399294e-06
EXO5	GPR157	9.08262038136052e-06
ZBTB40	AL603839.3	9.078069156338198e-06
TAL1	PRDM16	9.055284866874761e-06
ZBTB48	AC093425.1	8.989546394333729e-06
KDM4A	EXOSC10-AS1	8.928780017950295e-06
HP1BP3	GPR153	8.918944068855131e-06
MTF1	DNAJC16	8.898815233890945e-06
MTF1	HTR6	8.795191155095989e-06
POU3F1	SLC25A34	8.732708278989833e-06
FOXD3	RNF223	8.729088195075904e-06
CPTP	AL357140.1	8.632097266406167e-06
ZNF436	TMEM53	8.581862900041783e-06
HES5	TMEM269	8.58152160606153e-06
HEYL	FAAH	8.53843982083752e-06
SCMH1	FAM87B	8.524840602274989e-06
ZBTB40	PLA2G5	8.507391885659296e-06
KDM4A	MIR4422HG	8.490147981243417e-06
HES4	TCTEX1D4	8.484623469822643e-06
HP1BP3	CTRC	8.47742037082033e-06
SMAP2	SLC30A2	8.46184396094586e-06
ZNF684	CRYBG2	8.460760184746277e-06
NOC2L	AL603839.3	8.430100753729721e-06
ZNF436	AL359881.1	8.419156133322852e-06
ZBTB40	LINC01635	8.369528357587403e-06
ZBTB17	AL050343.3	8.365378694069735e-06
KDM4A	AL121992.1	8.34305597621034e-06
SSBP3	AL590438.1	8.329881573164094e-06
HEYL	ALDH4A1	8.324834424936157e-06
MTF1	SZRD1	8.303433717375169e-06
PRKAA2	WNT4	8.299411188995586e-06
AGMAT	CLDN19	8.298203352044619e-06
DMAP1	GNL2	8.290240313962608e-06
EXO5	AL357078.2	8.286594815239023e-06
RUNX3	FOXD3	8.267452098721624e-06
HEYL	DMRTA2	8.261695812871741e-06
MYCL	KCNQ4	8.19689794479474e-06
ZNF691	HYI-AS1	8.186611178110082e-06
ZBTB40	AL139286.2	8.156820130427184e-06
SMAP2	DMRTA2	8.155239455437762e-06
ZNF436	ERMAP	8.117540282752048e-06
NFYC	DAB1	8.099252451136225e-06
FOXO6	RAB3B	8.08280848921244e-06
KDM4A	CELA2A	8.042742908805391e-06
TAL1	FNDC10	8.035107216006593e-06
ZNF362	LYPLA2	8.027055893249431e-06
ZSCAN20	CTRC	8.018973914343684e-06
ASAP3	PAFAH2	8.017155167851808e-06
ZNF691	SNRNP40	8.005440788178797e-06
CPTP	AL031005.1	7.997689033530351e-06
ZBTB48	AL604028.1	7.994079576144048e-06
ZSCAN20	RNF223	7.955376664412472e-06
GMEB1	LINC01355	7.950081991675133e-06
NFYC	AL137127.1	7.944348530745577e-06
FOXJ3	NBPF1	7.938065261292565e-06
HDAC1	KDF1	7.919509921810868e-06
HIVEP3	AJAP1	7.903205266397816e-06
KDM4A	AL445183.2	7.882710461416286e-06
ZNF436	AL513477.2	7.84982059643067e-06
ZNF362	AC114488.1	7.83947197850447e-06
RLF	AL031283.1	7.828509079772656e-06
VAMP3	AL031848.2	7.781422473106197e-06
MTF1	AL050343.3	7.727539605653836e-06
ZBTB40	HTR6	7.683289991618759e-06
ZNF436	CNKSR1	7.67875876930087e-06
HIVEP3	AL450043.1	7.67871530530123e-06
YBX1	KPNA6	7.676666007684285e-06
ENO1	AL139423.1	7.667785121024715e-06
SSBP3	SAMD11	7.661083758075918e-06
HDAC1	AL358075.1	7.65914612851851e-06
HIVEP3	LINC01778	7.627363885449922e-06
KDM4A	CAMTA1-DT	7.616613839474961e-06
ZNF362	UQCRHL	7.609034338042736e-06
MORN1	C1QC	7.597775087685131e-06
ZCCHC17	SLC25A34	7.597169193223125e-06
MAGOH	AL358075.1	7.558265459253773e-06
PRDM16	GPR153	7.557367970401674e-06
DMAP1	CENPS	7.535313301597451e-06
NOC2L	FAM43B	7.533742033535829e-06
VAMP3	TCTEX1D4	7.481194430966855e-06
CPTP	FHAD1	7.47223016456105e-06
ASAP3	STK40	7.45709619981346e-06
MTF1	UQCRHL	7.456293003716242e-06
AKR1A1	KCNQ4	7.431798975822834e-06
FOXO6	CCDC24	7.425710369049528e-06
MTF1	LINC01409	7.408451735338373e-06
PRDM16	YRDC	7.404354361701745e-06
ZCCHC17	FBXO42	7.391695245988713e-06
TP73	AL109936.6	7.374336241665275e-06
HES5	UBXN10	7.30579776754689e-06
ZBTB48	CAMTA1-DT	7.277076437225039e-06
ZBTB48	SLFNL1-AS1	7.272784819638295e-06
ZNF436	AC093424.1	7.260538057036838e-06
ZBTB17	TP73	7.238584441438344e-06
MORN1	HPCA	7.223589221820476e-06
HES5	AC119674.1	7.203899640844353e-06
ZNF362	GJA9	7.184360488202819e-06
ASAP3	DNALI1	7.178937326031568e-06
DMAP1	SERINC2	7.175965777160301e-06
NOC2L	PLCH2	7.140676884632896e-06
ZNF436	CDC42-IT1	7.138034146924514e-06
HES5	PODN	7.118997798725275e-06
ZNF436	AL513218.2	7.104011971638448e-06
ZFP69	AL109811.1	7.0971516391872316e-06
ZCCHC17	AL050343.3	7.095639386293764e-06
NOC2L	AC093425.1	7.07102433565645e-06
SSBP3	AL445183.2	7.0052402019349015e-06
HEYL	LINC01778	6.996012698333418e-06
DMAP1	UQCRHL	6.977763662560851e-06
HES4	EMC1-AS1	6.9470953941544835e-06
PRKAA2	AL590434.1	6.94251615722856e-06
MAGOH	AL359881.1	6.9313024727599974e-06
HDAC1	LINC01770	6.926223758986513e-06
HEYL	AUNIP	6.916166103308844e-06
RUNX3	AL357140.1	6.902590885330137e-06
SCMH1	AL139424.2	6.8883761935297585e-06
ZNF436	AL590822.3	6.883066345146656e-06
ASAP3	ALG6	6.88066143870167e-06
POU3F1	AL031283.2	6.8697203967627035e-06
ZNF436	FNDC10	6.863682522599932e-06
PRDM16	CDKN2C	6.783182185328786e-06
ENO1	AL353622.1	6.770544510914216e-06
ZNF362	AL162430.2	6.762900802741104e-06
ZNF684	SMIM1	6.751589745694743e-06
ZNF684	C1QB	6.748747114252317e-06
ZBTB40	COL8A2	6.735392288305599e-06
HES4	PSMB2	6.711505587333736e-06
ZNF436	LINC01226	6.709966586704048e-06
GMEB1	HYI-AS1	6.703666549404338e-06
PRDM16	AL161644.1	6.6868420937660475e-06
FOXO6	SH3D21	6.644805390889057e-06
MAGOH	PLA2G5	6.6369392328932335e-06
PRDM16	UBXN10	6.632555929402819e-06
TAL1	C1QB	6.625692517382307e-06
POU3F1	MAN1C1	6.612384225324128e-06
ZCCHC17	LINC01715	6.593161730120433e-06
TAL1	IFNLR1	6.57404667904189e-06
TAL1	PLA2G5	6.558675423494644e-06
ZNF691	AL513320.1	6.55647558674889e-06
HES5	LINC01771	6.54933934726992e-06
E2F2	FAAH	6.541522390573096e-06
MTF1	FOXD3-AS1	6.524471108130467e-06
PRDM16	AL606491.1	6.512150865230736e-06
HIVEP3	PGM1	6.490502039857122e-06
HIVEP3	CELA2A	6.4819177483576285e-06
ZNF436	LINC01715	6.445342479482634e-06
HP1BP3	AL603839.3	6.426805451163402e-06
HIVEP3	AL391244.2	6.422027093079325e-06
NFIA	ATP13A2	6.3918421099172695e-06
HES5	AL161644.1	6.389044116905811e-06
ZSCAN20	EXOSC10-AS1	6.387817763001296e-06
ZSCAN20	PPP1R8	6.384949766744982e-06
ZNF362	CNKSR1	6.302921050960777e-06
ZBTB17	AL139286.2	6.299273763729565e-06
ZBTB17	PRDM16-DT	6.274739143182527e-06
ASAP3	AL805961.1	6.250997092719463e-06
ZBTB48	AL627309.5	6.2317145984351714e-06
ZNF691	LDLRAD2	6.229004619391536e-06
TAL1	AC254633.1	6.215226459473602e-06
DMAP1	NPHP4	6.2064061160058125e-06
GMEB1	AL606760.2	6.202795332929006e-06
POU3F1	AL450043.1	6.18392439041214e-06
ZSCAN20	TMEM200B	6.156120598070051e-06
CPTP	AL050343.3	6.143960307922029e-06
ZNF362	PHC2	6.135998568652162e-06
HP1BP3	AL357140.1	6.127131593396687e-06
ZCCHC17	PLA2G5	6.0993432985344426e-06
HIVEP3	AL662907.3	6.086522955954154e-06
ZBTB40	UQCRHL	6.077105669800644e-06
RLF	RNF223	6.070339616438251e-06
MORN1	CELA2A	6.061472000987718e-06
MYCL	AL031283.1	6.041265031185843e-06
FOXD2	MMP23B	6.009833805468146e-06
ASAP3	CYP4B1	5.978905352296978e-06
ZNF684	AC119674.1	5.951638406027789e-06
ASAP3	AL137127.1	5.94172819947861e-06
ZBTB40	FAM41C	5.898809024582117e-06
MTF1	FAM43B	5.895251311136509e-06
ZFP69	EBNA1BP2	5.8947160876502165e-06
MAGOH	AL590822.1	5.88773066582565e-06
ZSCAN20	CNKSR1	5.8621612823482656e-06
TAL1	LINC01767	5.850065771376109e-06
MAGOH	PANK4	5.845308533409829e-06
PRKAA2	TMEM269	5.836035210990715e-06
HDAC1	BX293535.1	5.822374929201517e-06
POU3F1	HSPB11	5.783768584656305e-06
MAGOH	TEKT2	5.711791498209172e-06
MTF1	BMP8A	5.694661114857801e-06
SSBP3	CAMTA1-IT1	5.673283281774557e-06
FOXO6	FAM229A	5.654476527893774e-06
GMEB1	KCNQ4	5.6532120991460245e-06
MAGOH	SLFNL1-AS1	5.652790200911584e-06
MAGOH	AL137857.1	5.626849423508582e-06
ZSCAN20	TP73	5.60313350976202e-06
HES4	LINC01770	5.568193190778993e-06
KDM4A	AL109936.2	5.563016145151285e-06
CPTP	ATAD3B	5.557131066692303e-06
EXO5	FGR	5.5431533939245885e-06
NFYC	SLC66A1	5.532430342535998e-06
ZBTB40	RHD	5.5248463520629486e-06
ZNF362	AL662907.3	5.511455624708035e-06
DMAP1	FOXD2-AS1	5.510543288158965e-06
ZNF684	AL590438.1	5.495294004188856e-06
FOXO6	AC114488.1	5.494318883510234e-06
EXO5	TMEM200B	5.486648520669977e-06
ZNF362	AL627309.5	5.456731576678769e-06
ZNF684	ESPN	5.45171535235752e-06
GMEB1	TXNDC12	5.448806460372115e-06
RUNX3	TMEM269	5.4272681899338e-06
EXO5	KAZN	5.3885186972598914e-06
ZBTB17	AC119674.1	5.386575521418791e-06
DMAP1	AKR7A3	5.360569461834366e-06
MORN1	FAM43B	5.3577844515979335e-06
CPTP	AL445248.1	5.353165600267133e-06
DMAP1	CTRC	5.351144912898745e-06
ZNF362	RAB3B	5.331876258942691e-06
HDAC1	AL137857.1	5.317983533884891e-06
GMEB1	AC099791.4	5.317554872124883e-06
HES5	AL031283.1	5.303904288734901e-06
HES5	ARHGEF16	5.293683881330312e-06
CPTP	AC119677.1	5.2823280480634135e-06
HEYL	AL050343.3	5.259895231249109e-06
HES4	BX284668.6	5.255024290612946e-06
SCMH1	MMEL1	5.240475803877123e-06
MORN1	SHISAL2A	5.234357882590268e-06
HIVEP3	AL513320.1	5.227259353258297e-06
POU3F1	DMRTA2	5.210924127829128e-06
SSBP3	TNFRSF8	5.209580713550124e-06
TAL1	AC093151.8	5.191664444588466e-06
ZBTB40	Z97987.1	5.181091715752615e-06
POU3F1	ZYG11A	5.171476648684703e-06
HES4	FBXO42	5.150966912637079e-06
ZBTB40	MIR34AHG	5.147442226668019e-06
ZNF436	CDC42-AS1	5.1468218910698534e-06
ZNF684	FAM87B	5.090091179063776e-06
ZBTB17	CD164L2	5.0567962986612265e-06
POU3F1	ARID1A	5.040143748844676e-06
ZNF691	DISP3	5.032400036022733e-06
CPTP	C1QA	5.028046495848987e-06
ZNF684	FAAH	5.0162950163833555e-06
AKR1A1	LINC01715	4.983701572362788e-06
AGMAT	C1QA	4.974581829803866e-06
DMAP1	AL109936.6	4.957526218648074e-06
GMEB1	TCTEX1D4	4.952924725185313e-06
SMAP2	Z97987.1	4.922581560531899e-06
HP1BP3	MAN1C1	4.917062333598492e-06
POU3F1	FNDC10	4.897783889259696e-06
ZFP69B	AL513493.1	4.882070005016357e-06
NOC2L	AL359881.1	4.880892424315099e-06
SMAP2	TP73	4.85807224804676e-06
ZBTB48	TEKT2	4.8174427971017794e-06
FOXO6	MECR	4.815033905221044e-06
YBX1	TCTEX1D4	4.812594868149997e-06
MYCL	CELA2B	4.799646431619895e-06
AGMAT	SLC2A1-AS1	4.797278186012238e-06
ZBTB40	OSBPL9	4.778237415588285e-06
GMEB1	FOXO6	4.764302582558613e-06
KDM4A	PAQR7	4.763451306951322e-06
ZNF684	AL590822.1	4.747409159663764e-06
MYCL	DMRTA2	4.737765545540814e-06
ZNF691	EPHB2	4.7234651073757255e-06
VAMP3	STK40	4.695723111473346e-06
FOXD2	C1orf174	4.695267039589209e-06
HEYL	C1orf216	4.6896116847293585e-06
CPTP	AL109936.6	4.6832144230501094e-06
KDM4A	AC114488.1	4.676992654872572e-06
RUNX3	KCNQ4	4.673973804036668e-06
RUNX3	FNDC10	4.666027493727071e-06
ZBTB17	L1TD1	4.651448728758963e-06
RUNX3	SLFNL1	4.647619691446369e-06
ZNF362	MYCL	4.646410201078979e-06
SCMH1	SLC2A1-AS1	4.621853105653546e-06
MYCL	AL590438.1	4.6153889941720176e-06
PRKAA2	TCTEX1D4	4.584788291136736e-06
CPTP	AC119800.1	4.573462137334792e-06
GMEB1	NFIA-AS1	4.562155109189733e-06
PRDM16	TEKT2	4.540805103206319e-06
POU3F1	PABPC4	4.511185025842263e-06
ZBTB48	PANK4	4.511017690521409e-06
GMEB1	PLCH2	4.5067306902183385e-06
POU3F1	UQCRH	4.482516252446965e-06
NOC2L	AL590438.1	4.477511194056474e-06
MTF1	GPR153	4.464600073894397e-06
MYCL	AL358075.1	4.43142281493672e-06
ZBTB40	HCRTR1	4.4300161125371205e-06
ZSCAN20	CLDN19	4.41329034978118e-06
SCMH1	ACOT11	4.407239340389653e-06
NFYC	HYI-AS1	4.405931833086268e-06
HIVEP3	LINC01226	4.404171264255521e-06
PRDM16	EXOSC10-AS1	4.39116561230717e-06
ZSCAN20	AC114488.1	4.374213457308869e-06
KDM4A	FNDC10	4.367936040739692e-06
KDM4A	COA7	4.333352441528796e-06
ZFP69	KDM4A-AS1	4.316408111896971e-06
TFAP2E	SLC2A1-AS1	4.288610571806799e-06
MYCL	EXTL1	4.282742377439067e-06
PRKAA2	EPHA10	4.28106051936767e-06
NFYC	DHDDS	4.2776368283994155e-06
ZFP69B	RAB42	4.277029580788558e-06
ASAP3	HYI-AS1	4.27274642858159e-06
TAL1	AL606760.1	4.2673708288597084e-06
TAL1	AUNIP	4.266948173311409e-06
PRDM16	PAQR7	4.265018739679299e-06
ZBTB17	LDLRAD2	4.26262513546702e-06
GMEB1	AL031727.2	4.261123219589897e-06
CPTP	AL357078.2	4.259980324072131e-06
AKR1A1	AKR7A3	4.257140447466028e-06
TFAP2E	DISP3	4.2467885751273195e-06
FOXD2	CAMTA1-IT1	4.2412153740655275e-06
ZBTB17	TSSK3	4.229698087638361e-06
POU3F1	PLA2G5	4.224992843368988e-06
DMAP1	AL033528.2	4.212922985865285e-06
ZNF362	AJAP1	4.189399300343165e-06
SCMH1	LINC02596	4.186833728884423e-06
NOC2L	ZBTB8A	4.14629310650234e-06
ZBTB17	FOXO6	4.144968571138326e-06
ZNF436	SLC2A1-AS1	4.129821950164926e-06
HEYL	TP73	4.120730730526951e-06
ZNF436	DLEU2L	4.118404838052117e-06
JUN	RAB3B	4.1103182308537284e-06
POU3F1	AL358075.1	4.109302352149213e-06
FOXJ3	MFN2	4.1058770681268815e-06
HES5	WNT4	4.094159938226572e-06
ZSCAN20	WNT4	4.0765652746080054e-06
HIVEP3	MMEL1	4.069316428708518e-06
TAL1	BX293535.1	4.0321506509561905e-06
ZBTB17	AL161644.1	4.030192111131121e-06
ZCCHC17	PIK3CD-AS1	4.012784119604186e-06
MTF1	NBPF3	4.0110111820131116e-06
ZCCHC17	AL513320.1	4.007334116203052e-06
PRDM16	AL391244.2	4.003260777762809e-06
GMEB1	TMEM51-AS1	3.976677445239825e-06
ZNF691	AL139286.3	3.9735947855417e-06
MTF1	AL513493.1	3.969169535165865e-06
ZFP69	HTR6	3.921208366177427e-06
SCMH1	PABPC4-AS1	3.888279327151563e-06
FOXJ3	PADI2	3.887955164444922e-06
TAL1	PIK3CD-AS1	3.8824990012985535e-06
DMAP1	IL23R	3.860167477816672e-06
ZNF436	AL109936.6	3.857689839175408e-06
NFYC	AC098484.4	3.8575256487790185e-06
ZFP69B	UQCRHL	3.857445901480357e-06
ZFP69B	DISP3	3.84348398072074e-06
HDAC1	TAL1	3.8371166721140526e-06
SSBP3	AL109811.1	3.833613459041916e-06
ZFP69B	COL8A2	3.820539549881243e-06
ZBTB17	PABPC4-AS1	3.7977450797170767e-06
ZBTB17	FNDC5	3.791924642343978e-06
MYCL	AGO3	3.7768432636882464e-06
HIVEP3	AKR7A3	3.767314927770951e-06
ASAP3	TMEM125	3.7654087808106627e-06
SSBP3	ENO1-AS1	3.7645569237838435e-06
FOXD2	FOXO6	3.7636258186489625e-06
FOXO6	EFCAB7	3.758005159728428e-06
ZBTB17	PTPRU	3.757828409927845e-06
MYCL	FNDC10	3.7493345034505056e-06
MORN1	AUNIP	3.7487158877770082e-06
HEYL	AJAP1	3.747899144896066e-06
ZNF362	FAM41C	3.7382919198557573e-06
GMEB1	LURAP1	3.7259237954531984e-06
PRKAA2	HTR6	3.722101416035677e-06
ZSCAN20	TCTEX1D4	3.7109483847411374e-06
MYCL	AL357140.1	3.672075374301002e-06
CPTP	RAB42	3.6620965818331995e-06
ZBTB40	BEST4	3.657721325565595e-06
FOXO6	AL020996.1	3.6278871059635395e-06
PRKAA2	AL139424.3	3.626012510251142e-06
HES5	AL020997.2	3.616961174748093e-06
ZNF684	MRPL20-AS1	3.5991365394368353e-06
ZNF362	NFIA-AS1	3.5960337677104664e-06
RUNX3	AL135960.1	3.59165709558106e-06
EXO5	ZFP69B	3.5834790585004306e-06
PRDM16	AC098484.4	3.560232903779542e-06
PRDM16	DLGAP3	3.5534575506676237e-06
SSBP3	MEAF6	3.537383012013794e-06
SSBP3	AL162430.2	3.5361024915421415e-06
NOC2L	DLGAP3	3.5283629439959976e-06
TAL1	SDC3	3.527746000524908e-06
PRDM16	AL606760.1	3.5248005007069932e-06
ZBTB40	AL121992.1	3.5235036055488423e-06
ZNF691	ACOT11	3.5211970478425448e-06
NFYC	CELA2A	3.5128477885491863e-06
MTF1	PADI2	3.500468547294836e-06
HIVEP3	AL356055.1	3.4930496159374706e-06
FOXD2	AJAP1	3.4654538712384095e-06
ZFP69B	TCEA3	3.462126250196445e-06
CPTP	AL451042.2	3.453996261441391e-06
ASAP3	AL162430.2	3.4458842357201597e-06
MYCL	AL513320.1	3.4442582142049613e-06
HES4	FOXD3-AS1	3.4435543738864e-06
NOC2L	PABPC4-AS1	3.4382593000873896e-06
ZNF684	GABRD	3.412058063072241e-06
EXO5	IPO13	3.408550521958147e-06
POU3F1	SMPDL3B	3.4039051232732717e-06
ZNF691	AL050343.3	3.402518782502693e-06
TAL1	AL031985.3	3.4019058992429065e-06
FOXO6	MACF1	3.3917895919273646e-06
ZNF691	CDCA8	3.370148879580864e-06
NOC2L	AL031432.5	3.369904307929685e-06
HIVEP3	GRIK3	3.3493989619216815e-06
NFYC	AL357078.2	3.34143429446782e-06
KDM4A	PADI2	3.3355976874389956e-06
ASAP3	FO704657.1	3.301984739520938e-06
ZNF684	TCTEX1D1	3.2954457818066246e-06
ZNF362	AL135960.1	3.2932306596491174e-06
HES5	HPCA	3.2889276555548917e-06
POU3F1	LINC01359	3.2768351259443485e-06
E2F2	WNT4	3.2725599991306333e-06
YBX1	AL450043.1	3.267025996936483e-06
RUNX3	ARHGEF16	3.2630744163934765e-06
ZBTB40	SLC2A5	3.24826747031676e-06
ZSCAN20	GRIK3	3.2472491209134165e-06
ZNF691	MIIP	3.2468182710379046e-06
HIVEP3	SZRD1	3.2416317156763698e-06
MYCL	AL590434.1	3.236976861913286e-06
ZNF436	AL513493.1	3.2355096948587245e-06
SMAP2	CD164L2	3.219811219919038e-06
HES5	AL109936.6	3.1680602883189885e-06
DMAP1	LINC01135	3.1678297850583677e-06
RUNX3	GPR153	3.148928325334026e-06
KDM4A	FO704657.1	3.1442846410724783e-06
MORN1	STK40	3.1418872031764787e-06
ZBTB40	AC119677.1	3.1024057959895662e-06
SSBP3	AL031727.2	3.099828954964887e-06
KDM4A	ORC1	3.0949897359646237e-06
EXO5	BMP8B	3.080650886753482e-06
NFYC	UQCRHL	3.0720030918676115e-06
CPTP	AL513477.2	3.0629594288238606e-06
CPTP	CEP104	3.061247800275737e-06
RUNX3	AL590822.1	3.0578534200196075e-06
NFIA	AL020996.1	3.0481282051845573e-06
TFAP2E	AKR7A3	3.0216702493846226e-06
MTF1	PNRC2	2.9835407998683983e-06
ZCCHC17	BEST4	2.9681940201778923e-06
AKR1A1	AL031432.5	2.9539363242147223e-06
LUZP1	AC098484.4	2.95285417147023e-06
ZNF362	CELA2A	2.950774488016797e-06
NOC2L	AL139423.2	2.9454255815953872e-06
EXO5	SLC2A5	2.9348638323756038e-06
AKR1A1	PLA2G5	2.926900328313413e-06
SSBP3	LINC01778	2.9219083993861437e-06
ZFP69B	CYP2J2	2.911040556252288e-06
NOC2L	IL23R	2.9083639801874824e-06
SCMH1	AL627309.5	2.894949298746456e-06
ASAP3	RHCE	2.8893241599491014e-06
PRDM16	AC004865.2	2.8869367094056965e-06
ZNF362	THEMIS2	2.8811610934394304e-06
E2F2	AL513320.1	2.8752514678701985e-06
FOXD2	AL513320.1	2.86987597790029e-06
NFYC	PGM1	2.853439881408793e-06
ZBTB40	AJAP1	2.8443997812239616e-06
ZNF362	DFFA	2.839217789730321e-06
EXO5	DFFA	2.8336424293744715e-06
SSBP3	CELA2B	2.8296137604253375e-06
HIVEP3	AL606760.2	2.82212734684687e-06
RUNX3	LINC01770	2.8145275772602804e-06
NOC2L	AL627309.1	2.8114052477834694e-06
ZBTB40	AL805961.1	2.8078745487541366e-06
VAMP3	KCNQ4	2.7927786991304643e-06
RLF	SH3D21	2.786231125162071e-06
CPTP	CELA2B	2.767078780022675e-06
MORN1	FHL3	2.7548614810538218e-06
KDM4A	AL606760.2	2.7472541260327524e-06
SCMH1	AL513320.1	2.7400422068608985e-06
ZNF684	HIVEP3	2.739224158648961e-06
ASAP3	CSF3R	2.737881239619351e-06
SCMH1	AL590434.1	2.72876294752794e-06
ZSCAN20	SMIM1	2.727946775834771e-06
SCMH1	SLC25A33	2.713628940872655e-06
HEYL	CC2D1B	2.7093953946871143e-06
KDM4A	SMIM1	2.707302636744328e-06
NOC2L	C1QC	2.70316847491868e-06
ASAP3	ZYG11A	2.6973465018173224e-06
HES5	AL139424.2	2.6896969784776754e-06
MTF1	AL031283.1	2.688309936599643e-06
ZNF362	TCTEX1D4	2.685619304295782e-06
HES5	SLC2A5	2.6760061678433694e-06
MYCL	AL627309.1	2.673333564600513e-06
CPTP	EXO5	2.6720876595077806e-06
ASAP3	KDM4A-AS1	2.671909330469588e-06
ZNF362	AL049795.2	2.6700728485917294e-06
GMEB1	PADI2	2.6605811853478724e-06
ZFP69	LINC01409	2.6533469833997283e-06
HES5	ZNF691	2.651967167354848e-06
ZBTB40	SAMD11	2.6480062476819075e-06
GMEB1	INPP5B	2.6478929680283015e-06
ZNF684	MAN1C1	2.6404818341341348e-06
FOXO6	AL513218.2	2.634758417425093e-06
KDM4A	HYI-AS1	2.6322008305620235e-06
POU3F1	AL139286.3	2.6237910078182934e-06
ZSCAN20	FABP3	2.6229975187414344e-06
TAL1	MTHFR	2.6184771818795778e-06
HDAC1	DMRTA2	2.5955688606441612e-06
CPTP	AL391244.2	2.587017697330485e-06
FOXD3	AC114488.1	2.5857670960912703e-06
ZNF684	AGRN	2.5775786797832323e-06
MTF1	ACOT7	2.5681987378233213e-06
PRDM16	AKR7A3	2.563067603238697e-06
NFYC	AL049795.2	2.5568005135395433e-06
GMEB1	FNDC10	2.5536513678776977e-06
ZNF436	CALML6	2.543599523177182e-06
NFIA	MATN1	2.5410827594286816e-06
RLF	SLFNL1	2.5226922890526434e-06
HEYL	AL513493.1	2.5145599648873175e-06
ASAP3	ZFP69	2.5129876018905913e-06
HEYL	MAN1C1	2.4954805260340752e-06
ZBTB17	NMNAT1	2.4887556144524333e-06
MTF1	PAFAH2	2.478617288303776e-06
DMAP1	KDF1	2.4746995008202045e-06
DMAP1	TFAP2E	2.4664075918754783e-06
EXO5	TAS1R3	2.4459355711029354e-06
SSBP3	CCDC24	2.4420133285347926e-06
LUZP1	AL050343.3	2.42217243942732e-06
POU3F1	CSMD2	2.41643078385655e-06
ZFP69B	GJA9	2.415134567270191e-06
NFYC	NDUFS5	2.3930718285773735e-06
ZNF691	TP73	2.3780079099920227e-06
TAL1	LINC01771	2.376786944151542e-06
FOXJ3	LINC01767	2.3733419593377735e-06
MTF1	KCNQ4	2.3720226801462784e-06
TAL1	CRYBG2	2.3688443954555583e-06
RLF	AC098484.4	2.3686347584530035e-06
ASAP3	AL139424.1	2.3675795722152645e-06
ZBTB40	CLDN19	2.3622134954172696e-06
NOC2L	SGIP1	2.361171307235484e-06
MYCL	CLDN19	2.360806178763954e-06
ZBTB48	AKR7A3	2.3490782015830828e-06
TAL1	FOXD3	2.3487367951715956e-06
DMAP1	LRP8	2.346235154079255e-06
HIVEP3	STK40	2.3275157589798947e-06
JUN	LINC01770	2.324006685214454e-06
ASAP3	HPCAL4	2.3206964147523126e-06
RUNX3	TSSK3	2.3190026019163636e-06
TAL1	CAMTA1-IT1	2.3041605321428562e-06
FOXO6	AL445183.2	2.3025652422140483e-06
TAL1	HPCA	2.2939530875411636e-06
ZNF684	CELA2A	2.293039769842645e-06
ZCCHC17	AL513493.1	2.2897817788367075e-06
HDAC1	TCTEX1D4	2.2820276505499358e-06
ZBTB48	PLA2G2C	2.2792568600829945e-06
ZNF684	TMEM269	2.2753167762051085e-06
AKR1A1	KIAA2013	2.2747380669668638e-06
POU3F1	SLC2A5	2.2684819620063726e-06
MTF1	AL049795.2	2.259657076375594e-06
ZNF691	AGMAT	2.25764507889561e-06
POU3F1	PADI2	2.2506565877204567e-06
ZNF436	PRDM16	2.2486689956336294e-06
ASAP3	BMP8B	2.2401913215101225e-06
TAL1	CD164L2	2.233300999811808e-06
HEYL	AL139424.1	2.2324382640601447e-06
HES5	ATAD3B	2.2187615846603755e-06
HES5	C1orf216	2.2131575124731893e-06
DMAP1	GPR153	2.1984453288175313e-06
CPTP	PRKCZ	2.1977632538938188e-06
HIVEP3	DISP3	2.190394394965776e-06
CPTP	PLA2G2C	2.1902560609018926e-06
ZNF684	CLDN19	2.1827244606459614e-06
AGMAT	LINC01135	2.1782028825894865e-06
CPTP	LINC01562	2.1650779769158438e-06
HES4	RNF223	2.163896239214964e-06
NOC2L	AZIN2	2.143621758419422e-06
ZFP69	AC098484.4	2.1413093288314337e-06
MORN1	EPHB2	2.1370710821833955e-06
MTF1	CELA2A	2.135178696630235e-06
PRDM16	FGR	2.1290287358527805e-06
SCMH1	GPR153	2.124699156095717e-06
HEYL	DAB1	2.1177491705792315e-06
HES4	AL139286.3	2.1151239329340676e-06
LUZP1	ICMT	2.1108206084733597e-06
CPTP	NBPF3	2.105572882368291e-06
RUNX3	AC098484.4	2.104684306239722e-06
RLF	AL590438.1	2.098107075587883e-06
TAL1	AL390719.2	2.0893759399813198e-06
ASAP3	LINC01772	2.0799288383170503e-06
AGMAT	ITGB3BP	2.078033192655554e-06
ASAP3	AL357078.2	2.073203888597129e-06
POU3F1	ARHGEF16	2.072789555922107e-06
DMAP1	AL020996.1	2.06389463894399e-06
ZNF691	SLC30A2	2.060657220534568e-06
ZNF684	AL109811.1	2.0514859101456872e-06
TAL1	TP73	2.047435607166814e-06
ZNF684	LINC01137	2.045008465559324e-06
ZNF684	UBXN11	2.0444368945760104e-06
MORN1	ZFP69	2.0439433793844885e-06
ASAP3	C1QB	2.0317604291162664e-06
ZBTB48	NFIA-AS1	2.031123862771688e-06
PRKAA2	SLC30A2	2.0287031708134494e-06
DMRTA2	FBLIM1	2.028139742001387e-06
HIVEP3	MIR34AHG	2.0263172077240626e-06
ZNF362	SLFNL1	2.025068726512894e-06
MTF1	LINC00339	2.0205876957199243e-06
ZNF436	BTBD19	2.0203633778287194e-06
AKR1A1	KIAA1522	2.0168179201630116e-06
HIVEP3	BX293535.1	2.008436613197054e-06
AGMAT	HPDL	2.0069791336849447e-06
RUNX3	SRARP	2.006593083636524e-06
ZBTB17	IQCC	2.000928022732589e-06
EXO5	PUM1	1.9987471049554305e-06
AGMAT	E2F2	1.9869384909866113e-06
SSBP3	SRSF10	1.9835099837056505e-06
POU3F1	LINC01772	1.9787640870784796e-06
EXO5	AL139220.2	1.978464189655385e-06
ZBTB40	HP1BP3	1.9646047022239213e-06
ZNF684	LNCTAM34A	1.9619256833803876e-06
ZNF691	BX284668.2	1.95516833681246e-06
RLF	AL358075.1	1.95060730650971e-06
KDM4A	AL031602.2	1.939376418884698e-06
CPTP	MRPS15	1.9378121174090535e-06
MTF1	TTC34	1.935471273750047e-06
EXO5	EXTL1	1.9352548684838656e-06
HIVEP3	LURAP1	1.9338517877758504e-06
HES4	AL031289.2	1.931954260698837e-06
MTF1	WNT4	1.9297735815774307e-06
NOC2L	PADI2	1.9183402354881488e-06
SCMH1	TENT5B	1.914877427437652e-06
DMRTA2	AKR7A3	1.9117046338487923e-06
EXO5	LINC01772	1.9064082395946785e-06
ZFP69	ST3GAL3	1.9042713183220414e-06
ZFP69	AL031432.5	1.900187426185391e-06
ZNF436	SLC2A5	1.8975625546139817e-06
ZNF362	AL139423.2	1.8922877094501396e-06
ASAP3	AL591845.1	1.8864819539147042e-06
AGMAT	AL020996.1	1.8844620979595752e-06
HES5	AL606760.2	1.8719198180355791e-06
ZFP69	CELA2A	1.8716192781133517e-06
ZBTB48	AL139424.2	1.862553178924091e-06
AGMAT	AL034417.4	1.8602794944244357e-06
YBX1	EPHB2	1.8545372697859176e-06
ZBTB48	PLEKHN1	1.8470782058420275e-06
ASAP3	AL109936.2	1.8435480194533147e-06
KDM4A	AL109936.6	1.8398375146996487e-06
ZNF684	C1orf159	1.8287256749772824e-06
ZBTB40	AL139286.3	1.826899218932516e-06
ZNF362	EXTL1	1.825799985952717e-06
HEYL	CCDC163	1.8237444284623375e-06
RLF	SLC1A7	1.8230635554560527e-06
HES4	AL358075.1	1.818564518647733e-06
ZSCAN20	MMP23B	1.8169295674322008e-06
PRDM16	AL358075.1	1.8132271108444401e-06
ENO1	AC093424.1	1.8041176768791132e-06
ZFP69B	SMIM1	1.7881033223040497e-06
TAL1	GPR153	1.787830591357368e-06
RUNX3	CD164L2	1.7863077569964726e-06
ZNF684	TAS1R3	1.7854928944477375e-06
HES5	LINC01770	1.7852348310225168e-06
KDM4A	PRKAA2	1.7850032200667202e-06
ZBTB48	AL050343.2	1.781395918337753e-06
ZNF362	MARCKSL1	1.781194649169327e-06
HES4	PADI2	1.780032330054179e-06
HEYL	AL604028.1	1.7797210458001807e-06
AGMAT	AL031602.2	1.7778840930942292e-06
POU3F1	AL591845.1	1.7718108229845568e-06
DMAP1	AL357078.2	1.7698677575885755e-06
DMAP1	ST3GAL3	1.7685061974344796e-06
ZNF362	CNR2	1.7636847652406946e-06
RUNX3	DMRTA2	1.7576149424745954e-06
AKR1A1	LINC01778	1.743050800329353e-06
ZFP69B	AL139423.2	1.741922537893923e-06
POU3F1	AL139423.2	1.737046305209298e-06
ZBTB17	POU3F1	1.7345886268237477e-06
PRDM16	AL606760.2	1.7292791739100647e-06
MYCL	AL450043.1	1.7286770377319024e-06
MYCL	AL033528.2	1.7272023529091325e-06
ZNF691	EPHA10	1.727120539787898e-06
POU3F1	TMEM50A	1.7238673456735235e-06
NFYC	KANK4	1.7201675339545821e-06
HIVEP3	AL031283.1	1.7187443180008064e-06
ZSCAN20	AL604028.1	1.717588388666795e-06
KDM4A	BX284668.6	1.703375306342624e-06
HP1BP3	PLEKHN1	1.701742161636333e-06
ZNF691	TTLL10-AS1	1.700751444568053e-06
GMEB1	PLA2G2C	1.6954221650979788e-06
ZSCAN20	CAMTA1-IT1	1.6944892849070932e-06
AGMAT	KDF1	1.6873112185547585e-06
MTF1	SLFNL1	1.6859810718646528e-06
HEYL	WNT4	1.6758635031389e-06
PRKAA2	AL513218.2	1.6743125498040463e-06
NOC2L	AL662907.3	1.6738434240678062e-06
HES5	SH2D5	1.6688719583322425e-06
ASAP3	CRYBG2	1.6675726865406583e-06
ZNF436	BX284668.6	1.6653540033037376e-06
ZNF362	AL606760.2	1.6536737897407337e-06
ZBTB40	OSCP1	1.6529516266594543e-06
RUNX3	AL451042.2	1.639521563634684e-06
HES5	BX284668.2	1.6387902403418422e-06
GMEB1	SLFNL1	1.6383459124996746e-06
HDAC1	RNF223	1.6311949816466079e-06
PRDM16	AL603839.3	1.628281039402281e-06
GMEB1	ORC1	1.627599883578962e-06
MYCL	AC004865.2	1.6272435250245045e-06
GMEB1	CRYBG2	1.6271458883037226e-06
MYCL	CSMD2	1.6267578159017767e-06
JUN	BTF3L4	1.6263829864981855e-06
SCMH1	LDLRAD2	1.6180931162348482e-06
ASAP3	CCDC17	1.6132647410620839e-06
TAL1	AL139423.1	1.6084195828149277e-06
ZBTB40	AC004865.2	1.598703163462611e-06
TAL1	ZBTB8OS	1.5947578356117816e-06
KDM4A	BEST4	1.592571383077364e-06
MYCL	RAB42	1.5918648615591784e-06
PRDM16	CAMTA1-IT1	1.5818850583608124e-06
POU3F1	MYSM1	1.574784573441558e-06
MTF1	CAMTA1-IT1	1.5709632538621492e-06
DMAP1	RHBDL2	1.5697210217865022e-06
KDM4A	SLFNL1	1.5680317102117812e-06
EXO5	TCTEX1D1	1.5626195390377446e-06
AGMAT	SNHG12	1.5588477514349575e-06
ZNF684	PITHD1	1.5575514650783645e-06
CPTP	BMP8B	1.5572908746542258e-06
PRKAA2	CAMTA1-IT1	1.5519227295076265e-06
DMAP1	ALDH4A1	1.5515714818347216e-06
KDM4A	FAM87B	1.5479774478635368e-06
ZNF436	P3H1	1.539026487344163e-06
ZBTB40	AC119800.1	1.5319482305042406e-06
NFIA	AL031432.5	1.529446697769393e-06
CPTP	ATG4C	1.5275138708103868e-06
MORN1	FNDC5	1.5257098689698113e-06
POU3F1	TEKT2	1.5225669102180403e-06
ZNF684	RAB3B	1.5223682238279635e-06
KDM4A	CAMTA1-IT1	1.516964249488189e-06
TAL1	C1orf174	1.5093660366753438e-06
ZNF436	RHD	1.5088279124685946e-06
ZFP69B	FAF1	1.484463480765616e-06
GMEB1	DNAJC6	1.4754906909196751e-06
SCMH1	LINC01778	1.4724943294191866e-06
ZNF362	ATAD3B	1.4654716354513541e-06
CPTP	AL445183.2	1.4649527661259838e-06
RUNX3	RIMKLA	1.4620704522156083e-06
JUN	AL357140.1	1.4577899572369127e-06
HEYL	AC098484.4	1.4555229816101768e-06
SCMH1	FBXO2	1.4553449589958036e-06
ZNF436	LINC01771	1.4502474033733455e-06
ZBTB48	MIER1	1.4390339935620848e-06
POU3F1	TSSK3	1.4344960364412093e-06
EXO5	CAMTA1-IT1	1.4332811520056371e-06
GMEB1	CDC20	1.4308665688823358e-06
MYCL	AL109936.2	1.425478446225315e-06
NFIA	AL360012.1	1.419804164880611e-06
POU3F1	AL050343.3	1.41940836785033e-06
HES5	AL031985.3	1.416935484727487e-06
ZNF436	BEST4	1.4108512016370232e-06
HES4	AL357079.1	1.4093123541304057e-06
KDM4A	FAM229A	1.409254030356133e-06
ZNF362	AL109811.1	1.406997139867374e-06
AKR1A1	BX284668.6	1.3998773514727376e-06
MYCL	KIF2C	1.392426158719029e-06
ZNF436	LINC01355	1.39001040036747e-06
EXO5	BX293535.1	1.3888607517408074e-06
FOXJ3	CYP4X1	1.3851847070490538e-06
HES4	AL161644.1	1.3794523846518297e-06
HES5	AL109627.1	1.3746102750231672e-06
FOXJ3	AL513320.1	1.3656761655875958e-06
PRDM16	CYP2J2	1.3641666970469197e-06
ZBTB48	AL591845.1	1.3601519293054593e-06
ZNF436	RCAN3AS	1.3601466926376626e-06
NFYC	AL034417.4	1.3584110566868561e-06
ZNF362	AL513320.1	1.356338525187115e-06
ZCCHC17	PADI2	1.3560937299774526e-06
ZCCHC17	KDF1	1.3542053526370296e-06
HDAC1	UQCRHL	1.3533756693824667e-06
ZFP69	DISP3	1.3527650624162003e-06
ZBTB40	GPR153	1.3500215356263426e-06
ZNF691	AL031283.1	1.3493911588634936e-06
POU3F1	HPCA	1.344258124063312e-06
HIVEP3	AL139423.1	1.3420952254788199e-06
ZNF684	CC2D1B	1.3365054529823415e-06
SCMH1	CD164L2	1.3351756062917204e-06
HDAC1	DAB1	1.3351717016026227e-06
FOXO6	BX284668.2	1.3334339063691806e-06
ZNF684	AL662907.3	1.324335890694231e-06
ASAP3	AL358075.2	1.3231420828624177e-06
AGMAT	IFNLR1	1.3198371086926311e-06
FOXO6	AL139423.2	1.3185255247916705e-06
PRKAA2	UQCRHL	1.3135719620316214e-06
MORN1	OXCT2	1.3000105282034704e-06
NOC2L	AL139424.1	1.2982561400035468e-06
SSBP3	GABRD	1.2974546064048465e-06
RLF	EFCAB7	1.294125596450045e-06
ZNF684	AC254633.1	1.2922295928487642e-06
RUNX3	LINC01778	1.2895655843435904e-06
KDM4A	CNKSR1	1.2890129219043026e-06
HIVEP3	IL23R	1.283091983306919e-06
ZNF684	AC093424.1	1.2794439089676286e-06
PRDM16	SLFNL1	1.2790287359429305e-06
POU3F1	KANK4	1.2766157874116434e-06
GMEB1	C1orf159	1.2732411785629822e-06
VAMP3	SAMD11	1.2726483425500663e-06
ZNF684	AL139424.2	1.2721398176777286e-06
AGMAT	AL109936.6	1.2657592095541613e-06
HES5	CELA2A	1.2650216841127334e-06
SCMH1	ARHGEF16	1.2615022176137796e-06
ZNF436	FAM131C	1.2571578352929614e-06
MTF1	NCMAP-DT	1.254462436753214e-06
CPTP	BMP8A	1.25236347717647e-06
ZNF691	LINC01771	1.2513252511287835e-06
ASAP3	RAB42	1.2505995216859662e-06
FOXO6	AC004865.2	1.2442566778636714e-06
ZCCHC17	SLC2A1-AS1	1.243024089650344e-06
RUNX3	SAMD11	1.2430166514804286e-06
RLF	AC119677.1	1.2423139464698843e-06
FOXJ3	PTAFR	1.239507673833209e-06
PRDM16	TSSK3	1.2390376917165693e-06
ASAP3	AL606760.2	1.2360226455507247e-06
ZNF436	SDHB	1.2235693747126276e-06
NFYC	CCDC17	1.2169997142891372e-06
HDAC1	DRAXIN	1.2161457107146693e-06
POU3F1	SRARP	1.2125819273584055e-06
MYCL	CAMTA1-IT1	1.2121698533235647e-06
ZNF684	AL591845.1	1.203761514196406e-06
HEYL	CELA2A	1.203497288926786e-06
GMEB1	P3H1	1.2033742111756443e-06
ZNF684	PLCH2	1.1963472871815134e-06
TAL1	SKI	1.1961153442355851e-06
ASAP3	IFNLR1	1.1955080161179405e-06
SSBP3	EPHB2	1.1866267519433956e-06
POU3F1	KIAA0319L	1.186380981011207e-06
FOXD2	HP1BP3	1.1827731606796685e-06
NFYC	AL662907.3	1.1821270225010323e-06
TAL1	DPH2	1.1767911625693008e-06
MYCL	BX284668.2	1.1761074001491775e-06
SCMH1	TTLL10-AS1	1.1751615998566304e-06
HES5	WDTC1	1.1703011645068753e-06
HIVEP3	AL590438.1	1.1622944967857434e-06
MYCL	HYI-AS1	1.1593971652102747e-06
HIVEP3	AL034417.3	1.1558657541216503e-06
GMEB1	CSF3R	1.155260139727699e-06
NFYC	AL606760.2	1.1547411702668747e-06
E2F2	KIF2C	1.153591935685127e-06
KDM4A	LINC01355	1.147749061233776e-06
SSBP3	AL357140.1	1.1475716333519614e-06
ZBTB48	HPCA	1.1454376070798388e-06
ZNF691	TMEM52	1.1452718079256467e-06
ZNF684	AL031283.1	1.1448537430109132e-06
AGMAT	PADI2	1.1447708563414798e-06
ZNF684	C1QC	1.1408856868008412e-06
SCMH1	NFIA-AS1	1.1375939561758396e-06
NFIA	AL451042.2	1.12961492904595e-06
HEYL	RIMS3	1.1264309338738454e-06
ZFP69B	TSSK3	1.1166849016816913e-06
ZNF436	NFIA-AS1	1.1150757353656483e-06
MORN1	CAMTA1-IT1	1.114315941286628e-06
ZNF362	AL109936.6	1.1122933081758265e-06
RUNX3	CELA2A	1.1115596166822852e-06
SCMH1	PLEKHN1	1.1111052750044793e-06
TAL1	AL031289.2	1.1072614533445146e-06
E2F2	FABP3	1.10277409015792e-06
MTF1	LINC01359	1.1026924851156926e-06
ZBTB40	AL590438.1	1.1019848975499045e-06
EXO5	AL359881.1	1.0914421405142066e-06
DMAP1	AL139423.1	1.0886605897539984e-06
SCMH1	AL031727.2	1.087308741741356e-06
ZNF684	AL358075.1	1.082892448046e-06
HIVEP3	AL031727.2	1.0819943646546236e-06
NFYC	OXCT2	1.0813961774131756e-06
ZNF436	AL031432.5	1.0797144732129567e-06
ASAP3	KCNQ4	1.0793435835495099e-06
POU3F1	MIR34AHG	1.0774912021079096e-06
NFYC	PUM1	1.0697871960852437e-06
ZNF684	ARHGEF16	1.0678473027702594e-06
POU3F1	NPHP4	1.063375515715462e-06
PRDM16	TSPAN1	1.0609366635572772e-06
HDAC1	AL109936.2	1.0578806504019137e-06
MTF1	ARHGEF16	1.0574499712680312e-06
NFIA	AL590822.3	1.056359397575262e-06
ZNF362	FOXD3-AS1	1.0542915781637852e-06
HIVEP3	AL139424.2	1.0517408106487576e-06
HES5	GRIK3	1.0496282695191683e-06
NFIA	PINK1-AS	1.0455434173507439e-06
ZNF691	KIAA2013	1.0433231003778097e-06
MTF1	AL357079.1	1.0427009743154805e-06
NOC2L	AL031727.2	1.0423895984274557e-06
LUZP1	PNRC2	1.041095947157591e-06
SCMH1	BX284668.2	1.0393343956336743e-06
ZFP69	SHISAL2A	1.0381557045746779e-06
NFYC	CYP4X1	1.0379303164387484e-06
ASAP3	NFIA-AS1	1.035362030503119e-06
ZBTB17	OXCT2	1.0347701775532361e-06
NOC2L	AL034417.2	1.031017648516857e-06
RLF	HYI-AS1	1.0246094877551522e-06
HIVEP3	AC093424.1	1.0200660649465702e-06
HIVEP3	CCDC30	1.0183510650744274e-06
NFYC	LINC01715	1.0149934439159372e-06
TAL1	KCNQ4	1.011238713757628e-06
ZBTB17	PIK3CD-AS1	9.944841065940783e-07
AKR1A1	AL513320.1	9.925986402034679e-07
NFYC	IL23R	9.91849993761236e-07
ZBTB48	GPR153	9.88558901799323e-07
HP1BP3	LINC01778	9.833760583846734e-07
ZBTB17	AL357078.2	9.80067466932289e-07
HES4	BEST4	9.723988526914456e-07
MTF1	IFNLR1	9.68931767513537e-07
EXO5	AL031432.4	9.681064921059318e-07
FOXO6	MMACHC	9.646530806762316e-07
KDM4A	AL031283.1	9.630006349062718e-07
MTF1	AL109936.6	9.59793977109916e-07
ZSCAN20	NFIA-AS1	9.596118334325047e-07
ZBTB40	PRXL2B	9.516661978446112e-07
ZNF684	MTHFR	9.438092051244632e-07
ZBTB48	RPA2	9.357723890871093e-07
CPTP	AL606760.2	9.355472090679703e-07
HIVEP3	TMEM52	9.338567739396891e-07
POU3F1	TRABD2B	9.329142894844896e-07
PRKAA2	AC114488.1	9.318300441077232e-07
POU3F1	SLC1A7	9.238633620786134e-07
TFAP2E	AL031985.3	9.232160478886913e-07
ZFP69	BMP8B	9.195540999954699e-07
RUNX3	FAM87B	9.194748931753618e-07
ZNF436	AL161644.1	9.180330797371956e-07
MTF1	TMEM234	9.173184765787418e-07
KDM4A	AL031985.3	9.162207964321658e-07
ZBTB40	CASP9	9.155164594336919e-07
ZFP69	CD52	9.08876543110943e-07
ZNF362	COL8A2	9.078282671870459e-07
HEYL	AL358075.1	8.875493988968423e-07
ZFP69B	FOXO6	8.867857954149667e-07
KDM4A	SLC25A34	8.817666273389671e-07
PRDM16	AL020997.2	8.775704638124288e-07
DMAP1	AL645608.7	8.736702580580392e-07
DMAP1	AL109811.1	8.708232118838395e-07
CPTP	SAMD11	8.704889009462381e-07
DMRTA2	GRIK3	8.690724963305931e-07
ZNF684	HYI-AS1	8.686830237350938e-07
ZSCAN20	CELA2B	8.64894564340143e-07
LUZP1	AL391244.2	8.630535715582329e-07
NFYC	GPR153	8.561649241157321e-07
ZCCHC17	AL603839.3	8.517843811965146e-07
ASAP3	PLA2G2C	8.473146739469475e-07
ZBTB17	TCTEX1D1	8.458629057587039e-07
ZNF436	CDC20	8.439638409658166e-07
SCMH1	IFNLR1	8.425496932766241e-07
FOXJ3	RIMS3	8.394066470447279e-07
ZBTB40	DISP3	8.387778070720576e-07
ZNF684	AL031985.3	8.337010183686243e-07
ZNF436	OMA1	8.323506577081318e-07
DMAP1	AL513320.1	8.321952166242663e-07
ZNF691	AC254633.1	8.319184521583409e-07
SSBP3	AL139424.1	8.310850789552007e-07
ZNF684	AL031280.1	8.304721829440877e-07
ZFP69	AL137127.1	8.295527014297349e-07
ZNF684	LINC02812	8.293601274237407e-07
ZNF684	AL109936.2	8.258689910882749e-07
EXO5	FO704657.1	8.249754861474993e-07
ZFP69	AL513320.1	8.239646812566544e-07
FOXJ3	PRDM16-DT	8.212022145721609e-07
TAL1	AL590822.1	8.190016558373072e-07
NFYC	AL031283.1	8.106970555445142e-07
ZNF691	PGD	8.079931123126987e-07
ZNF684	AL359881.1	8.07678631619478e-07
KDM4A	HSPB7	8.026454203624911e-07
AKR1A1	BEST4	8.020797632222486e-07
ZFP69B	EXTL1	8.019293103707664e-07
LUZP1	CDC42-IT1	8.007988621763375e-07
PRDM16	L1TD1	8.003328403677752e-07
HIVEP3	LINC01562	7.967073727976513e-07
ZNF684	CAMTA1-IT1	7.960596820698573e-07
CPTP	PAQR7	7.941653172724458e-07
DMAP1	USP24	7.940188257197299e-07
CPTP	CCNL2	7.935457501132568e-07
EXO5	ACOT11	7.929578871139922e-07
HEYL	PLA2G5	7.916336138105693e-07
HEYL	AL139424.3	7.89415126136945e-07
SCMH1	EYA3	7.82580801788976e-07
NFYC	WDTC1	7.768606986316911e-07
TAL1	PLA2G2C	7.748557285163584e-07
SSBP3	MAP7D1	7.675350949976501e-07
RUNX3	AL513218.2	7.661197415077992e-07
GMEB1	AL513320.1	7.637171521627341e-07
ZBTB17	SDC3	7.636784891871213e-07
TAL1	SLC2A5	7.631913647461166e-07
EXO5	FAAH	7.622423677059754e-07
ASAP3	UBXN10-AS1	7.565817767210866e-07
HES5	AC254633.1	7.562619834328634e-07
AGMAT	SMPDL3B	7.530509925456314e-07
NOC2L	TCTEX1D4	7.479105686184429e-07
MYCL	AL031848.2	7.455416460459894e-07
GMEB1	SLC2A1-AS1	7.431764862882742e-07
ASAP3	FAAH	7.428658991418481e-07
AGMAT	AL049795.2	7.425494150228948e-07
MYCL	AL645608.7	7.420910227362598e-07
HP1BP3	TCEA3	7.368255404533187e-07
FOXD3	CYP2J2	7.311800999389523e-07
TAL1	NBPF3	7.260167879721205e-07
ZNF436	SLFNL1	7.242991041207022e-07
ZBTB17	AL590434.1	7.223349450399881e-07
VAMP3	AL359881.1	7.20079806077872e-07
TAL1	AKR7A3	7.196771241013994e-07
FOXD3	LINC01358	7.188962412927141e-07
PRKAA2	CYP2J2	7.185853234259265e-07
ZNF436	LRP8	7.156622652878514e-07
MORN1	AL139246.3	7.144006718019471e-07
ZBTB48	CA6	7.120332648870907e-07
AKR1A1	GABRD	7.119889040227702e-07
HES5	MARCKSL1	7.083828277454058e-07
MTF1	SLC2A1-AS1	7.079320883344742e-07
HES4	SMPDL3B	7.075508676570515e-07
PRDM16	AJAP1	7.060487814503491e-07
HIVEP3	SFN	7.039479838141072e-07
TAL1	KIF2C	7.015343164671605e-07
NFYC	PLA2G5	6.980207151948505e-07
ZBTB17	E2F2	6.980000373873411e-07
KDM4A	RERE-AS1	6.949515887289017e-07
NOC2L	UBXN10	6.87399059794095e-07
ZSCAN20	MIR4422HG	6.871377944081594e-07
ZCCHC17	SLC6A9	6.845777827854227e-07
AGMAT	RPS6KA1	6.820250883643989e-07
GMEB1	PDZK1IP1	6.805061322295047e-07
ZFP69	AL451042.2	6.757704334196621e-07
ASAP3	TTC39A	6.746737191579471e-07
HDAC1	TSSK3	6.727192370883399e-07
NFYC	NADK	6.679095105942818e-07
HIVEP3	BX284668.2	6.652740110773487e-07
MTF1	Z97987.1	6.64044494648468e-07
NOC2L	MAGOH	6.625172768871098e-07
TFAP2E	STIL	6.624642372000234e-07
HES5	LINC02596	6.610000038642773e-07
FOXD3	KLHL17	6.57854812676131e-07
ZBTB40	BMP8A	6.573814760714775e-07
CPTP	AL031289.2	6.52089502904531e-07
MTF1	CTNNBIP1	6.486282753406093e-07
MORN1	AL031727.2	6.479440807401827e-07
ZNF362	AL359881.1	6.476010908950802e-07
TAL1	AL031283.1	6.475998329304652e-07
ZBTB17	CELA2A	6.467180145073919e-07
ZBTB17	AC099791.4	6.453496290627732e-07
ZFP69B	LZIC	6.424777802606485e-07
NOC2L	FOXD2-AS1	6.407527433755345e-07
DMAP1	PLCH2	6.394466036907035e-07
ZBTB40	FAAH	6.360678170211531e-07
ASAP3	WDR78	6.343784993022298e-07
FOXO6	HSPB7	6.336816456676982e-07
KDM4A	CASZ1	6.325722805531641e-07
KDM4A	LINC01715	6.25291187906759e-07
ZNF691	NBPF3	6.231581929850429e-07
DMAP1	AL513218.2	6.225724989702547e-07
HES5	SRARP	6.213224708508952e-07
HES5	SLC2A1-AS1	6.152983547714336e-07
SCMH1	AL390719.2	6.139895719635385e-07
AGMAT	WNT4	6.135096593523587e-07
RUNX3	CAMTA1-IT1	6.01690456843588e-07
ZBTB40	CLSPN	6.016323411045699e-07
PRDM16	STPG1	6.012946594719053e-07
AGMAT	FAM43B	6.005490031138923e-07
MTF1	LINC02812	6.002019349067595e-07
ZBTB48	AL109936.6	5.99250463930078e-07
DMAP1	RHD	5.983342794495043e-07
ASAP3	EPS15	5.982486235725947e-07
KDM4A	KCNQ4	5.94651974865374e-07
ZBTB40	CEP85	5.922450681046912e-07
DMAP1	CD164L2	5.882475306837699e-07
GMEB1	HPDL	5.872055852424963e-07
HES5	AL357079.1	5.865047923225377e-07
MTF1	GRIK3	5.827127537762751e-07
ZFP69B	AL357079.1	5.818333185320259e-07
HIVEP3	SLC25A34	5.753005232159685e-07
MORN1	AL139289.2	5.748574635652592e-07
ZBTB17	AL031848.2	5.715170433228215e-07
TFAP2E	AL590434.1	5.686740497952505e-07
TAL1	AL121992.1	5.645955427634553e-07
POU3F1	CRYBG2	5.641866621889514e-07
ZBTB17	LINC01715	5.63634410364632e-07
SMAP2	LINC01778	5.557847163042817e-07
VAMP3	UTS2	5.535456396899551e-07
ZNF436	AL021154.1	5.519084474882617e-07
ZNF684	LINC01635	5.511079501752987e-07
ZSCAN20	AL513493.1	5.50636715489136e-07
ZFP69B	SLC30A2	5.476639123777883e-07
MYCL	SLFNL1	5.472596078634841e-07
HES4	AL034417.4	5.469676023117472e-07
NFYC	CD164L2	5.46343417383107e-07
PRDM16	AL033528.2	5.436443200329475e-07
ZNF684	AL109627.1	5.402834664713588e-07
ZFP69	BX284668.2	5.40220450431487e-07
FOXJ3	PLA2G5	5.401826003453779e-07
ASAP3	SLC2A5	5.378246184348044e-07
AGMAT	SLC2A5	5.360317832539685e-07
MTF1	PRDM2	5.323338138945725e-07
ZFP69B	TMEM201	5.32002355540429e-07
PRDM16	AL513493.1	5.310426776318063e-07
ZFP69B	AL139286.2	5.299428405381607e-07
E2F2	C1QC	5.236031889443223e-07
ZBTB40	NFIA-AS1	5.184643030504452e-07
MTF1	KLHL21	5.121222695895998e-07
TAL1	ZYG11A	5.119520109054573e-07
TAL1	AL139424.1	5.102306603841421e-07
HP1BP3	HTR6	5.085635222343669e-07
HIVEP3	ERMAP	5.081739483875694e-07
HES5	HTR6	5.07760387281817e-07
HEYL	AL513320.1	5.07456649803749e-07
MYCL	AL139424.2	5.057989748191601e-07
ZNF436	AL139423.1	5.001448822550705e-07
SCMH1	AL357140.1	4.977585293373869e-07
DMAP1	AL590438.1	4.972261015594775e-07
ZCCHC17	AL662907.3	4.895762548985884e-07
NOC2L	GPR153	4.895588092792024e-07
MTF1	RHCE	4.881330616933032e-07
ZNF436	AL020996.1	4.86318816338406e-07
EXO5	AL513320.1	4.829952037434931e-07
ZBTB40	AL445248.1	4.812587371063089e-07
HEYL	TMEM269	4.80871105610206e-07
AGMAT	TEKT2	4.805690031460636e-07
ZNF684	NFIA-AS1	4.79655711626652e-07
NFYC	C1QTNF12	4.778452189447136e-07
SCMH1	FOXD3-AS1	4.769612860230418e-07
KDM4A	POMGNT1	4.729690503658876e-07
NOC2L	SLC30A2	4.7006818434068475e-07
MAGOH	SAMD11	4.695458273185411e-07
MTF1	LINC01771	4.6649355366362974e-07
ZBTB17	Z97987.1	4.664480751890589e-07
RLF	HCRTR1	4.64582669135999e-07
NOC2L	DMRTA2	4.622090827946569e-07
DMAP1	LINC01635	4.6122338968690085e-07
NOC2L	AC099791.4	4.5943257393857613e-07
KDM4A	AL645608.7	4.594309729337382e-07
ASAP3	TFAP2E	4.5811940237272084e-07
KDM4A	AL590434.1	4.5798067711855295e-07
NFYC	AL121992.1	4.577147936119125e-07
ZBTB40	AL161644.1	4.572020408168144e-07
SCMH1	PGD	4.5647625688692533e-07
FOXJ3	AL031283.1	4.563255008992994e-07
POU3F1	CELA2A	4.552811778569693e-07
ZNF436	AL139286.2	4.545676199656783e-07
SCMH1	PODN	4.539490632619716e-07
MYCL	AC093151.8	4.524320757601832e-07
ZSCAN20	AL606760.1	4.521303965262727e-07
HIVEP3	FAM43B	4.404544983429546e-07
POU3F1	PUSL1	4.403690810003439e-07
MTF1	AL353622.1	4.400690649376358e-07
HIVEP3	FBXO44	4.38642251687293e-07
HDAC1	PABPC4	4.3707314109370513e-07
YBX1	ZMYM6	4.3578660740224773e-07
NOC2L	ARHGEF10L	4.3477937990963536e-07
PRKAA2	PABPC4-AS1	4.345925603954268e-07
DMRTA2	ACOT11	4.3290794340649766e-07
MYCL	EPHB2	4.314291513502709e-07
FOXD2	AL357078.2	4.281092740148534e-07
E2F2	TMEM269	4.251312960707619e-07
ZFP69B	EMC1	4.243792934029081e-07
HIVEP3	AL357078.2	4.2385352686886565e-07
ZNF691	AL109936.2	4.2303261985771363e-07
MTF1	ZSWIM5	4.2127764053253336e-07
POU3F1	HPDL	4.204017251152462e-07
AKR1A1	CELA2A	4.1889089403519086e-07
ZSCAN20	AL031280.1	4.1599854068934894e-07
ZBTB40	BTBD19	4.129974569514955e-07
ZBTB17	LINC01771	4.110048555950263e-07
TP73	LDLRAD2	4.1045568708354467e-07
ZNF362	TAS1R3	4.0921725357185454e-07
ZFP69B	PDZK1IP1	4.058312696560464e-07
ZNF684	PPCS	4.05274080943106e-07
ZNF691	DLGAP3	3.952466630391767e-07
POU3F1	FGGY	3.9433524795655355e-07
MYCL	AUNIP	3.943053344757647e-07
HES5	UQCRHL	3.93284474218654e-07
MTF1	PLEKHN1	3.9283541044120034e-07
AGMAT	ZMYM6	3.922791365409467e-07
ZBTB17	AL450043.1	3.918854503544641e-07
ZSCAN20	KDM4A-AS1	3.915558875080227e-07
NOC2L	TNFRSF9	3.8966078979768413e-07
FOXO6	OTUD3	3.8652281673001894e-07
ZBTB40	PDIK1L	3.8598558159383816e-07
TAL1	LINC01772	3.8379610771907543e-07
EXO5	AL590438.1	3.8053985726811304e-07
MTF1	AL109811.1	3.7754851192661115e-07
AGMAT	PIK3CD-AS1	3.769957508282549e-07
ZFP69B	AC119677.1	3.764663892883767e-07
ZBTB40	MYSM1	3.7591826597091427e-07
ZBTB17	LINC01358	3.7582230719021124e-07
ZBTB40	SLFNL1	3.757230962740187e-07
ZBTB17	FAM87B	3.7462250166808874e-07
ZCCHC17	AL162430.2	3.7395063216743284e-07
HES4	CMPK1	3.677940156658277e-07
ASAP3	AL139423.2	3.6589966309621554e-07
ZBTB17	PADI2	3.652013961753472e-07
TAL1	AL139424.3	3.6263848169365547e-07
POU3F1	BEST4	3.6009964152857346e-07
PRKAA2	AL359881.1	3.5894262195650194e-07
MTF1	AL590438.1	3.5441144883147017e-07
ZNF436	AL450043.1	3.520293436132581e-07
HES5	AL590822.3	3.5045953236291293e-07
NOC2L	SMPDL3B	3.5031531415633483e-07
ZCCHC17	SLFNL1-AS1	3.5022469080077535e-07
ASAP3	AL513320.1	3.49489480985996e-07
EXO5	MEAF6	3.484252169306966e-07
MORN1	LINC01767	3.4821367276550126e-07
FOXO6	SLC1A7	3.475751312235392e-07
HDAC1	AL033528.2	3.4728971826662137e-07
KDM4A	AL139424.1	3.4552596164381853e-07
SCMH1	AL450043.1	3.4313819057218027e-07
PRDM16	PIK3CD-AS1	3.429822010299723e-07
TAL1	EPHB2	3.4281637797199443e-07
HES5	CD164L2	3.411764752032054e-07
ZFP69B	IL23R	3.40443179991593e-07
KDM4A	AC099791.4	3.400283485620807e-07
MTF1	TNFRSF14	3.3753154432927773e-07
NOC2L	AL513477.2	3.367909201521246e-07
POU3F1	AL513493.1	3.353746026971119e-07
CPTP	SLFNL1-AS1	3.350897871319847e-07
FOXJ3	HES5	3.3473517195256785e-07
MTF1	DRAXIN	3.345200193599697e-07
HDAC1	AL031432.5	3.325596885777222e-07
AGMAT	TMEM52	3.2975088841863327e-07
MTF1	TSSK3	3.284458019764822e-07
ZNF362	AL513493.1	3.2817695297339356e-07
MTF1	UBXN10-AS1	3.2692425983655013e-07
DMRTA2	AL031005.2	3.233473006825587e-07
NOC2L	FBLIM1	3.207298849782868e-07
FOXO6	AL109936.2	3.183599111704354e-07
ZBTB40	AL604028.1	3.124133590862478e-07
HDAC1	CAMTA1-DT	3.1055900816042396e-07
ZNF691	IFFO2	3.1012721707988733e-07
KDM4A	PIK3CD-AS1	3.0825599197013685e-07
SSBP3	AL139423.2	3.0812485526141445e-07
RUNX3	RAB3B	3.073447806607712e-07
GMEB1	TMEM53	3.058070255043454e-07
ASAP3	RAB3B	3.046239821733407e-07
ZNF362	AL031985.3	3.043593648624917e-07
KDM4A	C1QB	3.031697237603802e-07
EXO5	CD164L2	3.0236113582597984e-07
PRDM16	AL031728.1	3.0061383871886775e-07
ZNF684	CDCA8	2.95568655777636e-07
HIVEP3	UTS2	2.932910145845977e-07
FOXD2	AL139424.1	2.9214929051327465e-07
MTF1	AL020997.2	2.9107166834655934e-07
HDAC1	AL139424.3	2.874959126592776e-07
RUNX3	TRNAU1AP	2.857980431139977e-07
CPTP	TTC34	2.856931696698711e-07
CPTP	AL359881.2	2.8528937296913294e-07
TAL1	IL23R	2.8400799198929375e-07
GMEB1	AL109936.6	2.8383603926882085e-07
ZNF691	UQCRHL	2.8377330638210533e-07
MTF1	CSF3R	2.8265517999611604e-07
GMEB1	TP73	2.8264940363198294e-07
HES5	PDZK1IP1	2.812943576670519e-07
NFYC	FGR	2.7980397378005505e-07
ZNF691	AL591845.1	2.7928498602663403e-07
ZNF691	CSF3R	2.7889266604822123e-07
TAL1	AL109936.2	2.788380541286656e-07
NFIA	LINC01226	2.7824731403526494e-07
NOC2L	FNDC5	2.7807791478376823e-07
ZBTB48	DHCR24	2.7797734664874726e-07
KDM4A	RAB3B	2.7607885372462217e-07
ZBTB40	AL137127.1	2.7599437914523076e-07
HES5	AL359881.1	2.7548663240284013e-07
ZNF684	PLA2G2C	2.745353074153629e-07
ZNF684	LINC01144	2.7392326845552924e-07
CPTP	AC098484.4	2.7381834836768783e-07
AGMAT	FAM41C	2.728919082036008e-07
FOXO6	AL645608.7	2.7182760593714684e-07
POU3F1	DNAJC6	2.697982691905385e-07
ZBTB48	LINC01226	2.677034976941399e-07
MAGOH	AC099791.2	2.668897638552305e-07
KDM4A	EXTL1	2.647696193334754e-07
ZFP69B	KDM4A-AS1	2.645269696448507e-07
GMEB1	SMPDL3B	2.6399053030254713e-07
ZNF691	PLA2G2C	2.6397140263387695e-07
PRKAA2	ARHGEF16	2.631976059866175e-07
MTF1	AL031985.3	2.626166148140173e-07
TFAP2E	LINC01135	2.622848138569168e-07
ZNF684	CSF3R	2.620677896814004e-07
TAL1	TTC39A	2.6062272055482017e-07
PRKAA2	EXOSC10	2.5922955161339996e-07
TAL1	AL096840.2	2.5896299243212004e-07
HDAC1	MXRA8	2.5884873381026275e-07
CPTP	AL139423.2	2.5686155548044806e-07
ZFP69B	NFIA-AS1	2.5671602863177565e-07
HIVEP3	SLC2A5	2.5658377544429485e-07
SCMH1	TMEM269	2.5657674458804535e-07
ASAP3	DVL1	2.5593158256305505e-07
ZFP69	PIK3CD-AS1	2.5319843503982924e-07
HIVEP3	KDF1	2.5187437469595173e-07
AGMAT	ELOA-AS1	2.503657445060184e-07
ZBTB17	DNAJC6	2.497200840554729e-07
SSBP3	PIGV	2.49008379756032e-07
ZNF691	PLA2G5	2.4837194825461696e-07
ZNF436	AJAP1	2.481302843069119e-07
DMAP1	AL450043.1	2.479065450963389e-07
ZFP69B	AC093151.8	2.475756013993503e-07
ZBTB17	KIF2C	2.473005096061518e-07
POU3F1	ATAD3B	2.4668015308327595e-07
FOXD2	CCDC163	2.4421410922913307e-07
ZNF362	AL450043.1	2.4409459241854777e-07
GMEB1	AURKAIP1	2.4401538922645107e-07
HES5	RBBP4	2.4259213881576994e-07
KDM4A	LINC01772	2.415065065619994e-07
ASAP3	CA6	2.384950673677306e-07
PRDM16	AL359881.1	2.382121625195723e-07
ZNF684	LINC01715	2.3792869086510625e-07
SCMH1	LNCTAM34A	2.365150581037004e-07
AGMAT	AL031289.2	2.358793482258131e-07
ZNF684	AL021154.1	2.3578706767944636e-07
HES5	SLFNL1	2.3475762125500773e-07
ZBTB17	AC093424.1	2.3379115216462284e-07
FOXO6	AL121992.1	2.3292155024445748e-07
SCMH1	AL513493.1	2.3132329792958875e-07
MORN1	IL23R	2.3037620678549614e-07
ZNF362	MED18	2.297321537878965e-07
HES5	AL450043.1	2.2873787225835244e-07
ZBTB48	DLEU2L	2.2828033282243833e-07
GMEB1	TNFRSF8	2.2715507100936082e-07
ZNF436	SNIP1	2.2590159454581622e-07
DMAP1	USP48	2.2565707847636234e-07
KDM4A	AL357078.2	2.2120138102518666e-07
HEYL	HCRTR1	2.201403858393246e-07
ZBTB40	WNT4	2.1987668858942237e-07
PRDM16	AL645728.1	2.1850749296184471e-07
HDAC1	AL590438.1	2.1833916511445715e-07
ENO1	AC093151.8	2.1799049552652071e-07
ZBTB48	AL139424.1	2.1753810294534337e-07
TAL1	CSF3R	2.1557100072543689e-07
ZFP69B	CEP85	2.1552134533285168e-07
MYCL	AL021154.1	2.1523333671491276e-07
HIVEP3	AL031432.5	2.1296786899993793e-07
KDM4A	BMP8B	2.129341323396112e-07
ZBTB17	AL512408.1	2.1129162528137527e-07
SSBP3	FOXD2-AS1	2.1013927712842195e-07
ZNF691	MIER1	2.0907131943998155e-07
SCMH1	SLC2A5	2.0672891369549372e-07
ZCCHC17	MDS2	2.0593797682570687e-07
MORN1	AL031432.5	2.0380662042287775e-07
SCMH1	LINC01767	2.0376588686528837e-07
FOXD2	AL109936.2	1.998209870965873e-07
DMAP1	EXO5	1.9905334936646605e-07
SFPQ	RNF223	1.9880994283996702e-07
HIVEP3	TMEM269	1.9847155053071044e-07
FOXJ3	FAM87B	1.9837290215802388e-07
FOXD3	AL391244.2	1.9735349745412262e-07
ZBTB17	PLEKHN1	1.950840077976212e-07
GMEB1	SLC66A1	1.9419877410840053e-07
TAL1	CENPS	1.9413802242972077e-07
KDM4A	HEYL	1.935151245031123e-07
CPTP	LINC01635	1.9304583586231554e-07
ZBTB40	CSF3R	1.9261685980597551e-07
EXO5	CDC42-AS1	1.9012786866959296e-07
TAL1	AL391244.2	1.885717462369864e-07
ZBTB48	AL662907.3	1.8806391220915788e-07
MTF1	RIMS3	1.8800420513179345e-07
CPTP	AL139286.3	1.876185316561421e-07
PRKAA2	FAM87B	1.8572328520677874e-07
ASAP3	PIK3CD-AS1	1.8371448559989252e-07
AGMAT	MMP23B	1.8356778094808405e-07
NFYC	AL139423.1	1.8345300405186701e-07
HES5	ENO1-AS1	1.8303513453044862e-07
ZBTB40	AC093424.1	1.8222474640734006e-07
SCMH1	AC098484.4	1.789272909771642e-07
RUNX3	LINC01767	1.7790990282529874e-07
ZBTB48	AL606760.2	1.769350558155058e-07
PRDM16	AL109811.2	1.769211608040065e-07
EXO5	PHF13	1.7644863693343068e-07
ZNF691	AL450043.1	1.757137744988535e-07
POU3F1	GPR153	1.7409160549531905e-07
HIVEP3	FGR	1.738693296309063e-07
FOXJ3	TSPAN1	1.7268663674134324e-07
NFYC	AL513493.1	1.726692797685413e-07
ASAP3	AL121992.1	1.7013944720585957e-07
POU3F1	IL23R	1.699759636254724e-07
ZFP69	AL603839.3	1.6946845613251045e-07
FOXD2	FO704657.1	1.6760620672463778e-07
TAL1	AL031728.1	1.673136191252585e-07
MTF1	PHF13	1.664759407255832e-07
ZNF691	RIMS3	1.6639882932825568e-07
HIVEP3	TTC34	1.6609554818240027e-07
ZFP69B	PLA2G2C	1.658906903965861e-07
HES5	AC114488.1	1.657609740083837e-07
MTF1	TMEM269	1.6450148833866576e-07
ZSCAN20	AL139424.3	1.6189666458910645e-07
ZBTB40	KIF2C	1.6145575276951505e-07
ZNF684	HCRTR1	1.6132992540842846e-07
ZNF691	AL139423.2	1.6127049699304307e-07
RUNX3	CELA2B	1.605995130908041e-07
ZBTB40	EPHB2	1.6043707736829025e-07
ZFP69	AL139246.3	1.590234200515188e-07
DMAP1	TXLNA	1.5793877220702493e-07
ZNF691	BEST4	1.5760065189402034e-07
ZNF691	CAMTA1-IT1	1.5600916871573485e-07
ZNF436	SHISAL2A	1.559227558070165e-07
ZBTB40	FNDC10	1.5515671294045497e-07
KDM4A	PIGV	1.5427321608995957e-07
GMEB1	BMP8B	1.5415135941418682e-07
ZNF684	AL603839.3	1.536309041008202e-07
ZFP69	HYI-AS1	1.5308766034447203e-07
GMEB1	SNHG12	1.5259968315607267e-07
MTF1	NBL1	1.525211111782036e-07
ZSCAN20	HCRTR1	1.516784422059494e-07
TFAP2E	PHF13	1.511499076723919e-07
MTF1	SRARP	1.497817284627835e-07
ZBTB17	AL603839.3	1.4812101848146347e-07
ZFP69B	SRARP	1.4754914672221308e-07
ZFP69B	CRYBG2	1.4754579958293914e-07
ZNF684	AL139423.2	1.4543906092121e-07
ZNF436	PPP1R8	1.452992818891202e-07
CPTP	LINC01144	1.4486167735838703e-07
E2F2	BMP8A	1.4434048507048745e-07
NOC2L	AL031289.2	1.4391703991498652e-07
MTF1	HCRTR1	1.4347796172678834e-07
MTF1	CD164L2	1.434540640678878e-07
ZNF436	ESPN	1.4303238937246155e-07
EXO5	PAFAH2	1.4279890969059514e-07
SCMH1	AC119800.1	1.4229462219235647e-07
ZBTB40	LINC02606	1.415817186327984e-07
ZFP69B	AL139289.2	1.4152959476029405e-07
MYCL	WNT4	1.3936016614945117e-07
ZNF691	CLDN19	1.3877594253971055e-07
VAMP3	AL031432.5	1.3863325274305733e-07
ZBTB40	AL513320.1	1.3847345469513803e-07
ZNF436	AL121992.1	1.3834101889530757e-07
SSBP3	CD164L2	1.3796553905737862e-07
AKR1A1	AL590822.1	1.372974509257178e-07
ZNF691	AC098484.4	1.3683153142060507e-07
DMAP1	AL513327.1	1.367039999654274e-07
ZNF436	TFAP2E	1.3625656982778733e-07
ZBTB48	TNFRSF9	1.3552706217547252e-07
NOC2L	LINC01715	1.3463262453754786e-07
AGMAT	ST3GAL3	1.3408109210146527e-07
ZNF362	CLDN19	1.339786126759178e-07
HIVEP3	TFAP2E	1.3383625969766022e-07
GMEB1	LINC01783	1.3321418242181414e-07
PRKAA2	AL391244.2	1.320280363668973e-07
POU3F1	RIMS3	1.317565824541531e-07
NFYC	AL031432.5	1.3113483423214325e-07
PRKAA2	AL096840.2	1.310007623532986e-07
MTF1	KDF1	1.3052222670299326e-07
FOXD3	AL031432.5	1.2974624287961675e-07
FOXD2	AL513493.1	1.2917670568847583e-07
ZNF684	EXTL1	1.273835773233987e-07
ZBTB40	AL096840.2	1.2574063507337157e-07
CPTP	IL23R	1.2483008686919504e-07
NOC2L	Z97987.1	1.2331318230188356e-07
KDM4A	PLA2G2C	1.2283928354319183e-07
ZBTB17	AL357079.1	1.2224423430538107e-07
HES5	CLDN19	1.2178527888847039e-07
SCMH1	LINC01355	1.2101417998011232e-07
ZBTB48	GJA9	1.2062860197863261e-07
SCMH1	AL109936.2	1.2055107396671638e-07
ZBTB40	MIB2	1.2008354646390668e-07
ZNF436	AL451042.2	1.1974528399730055e-07
ZBTB40	FNDC5	1.189917450548438e-07
ZBTB40	TMEM53	1.1811786377589872e-07
ZFP69	AL445183.2	1.1761552686450536e-07
HES5	AL162430.2	1.1667703222719409e-07
FOXO6	CSF3R	1.1579099178657722e-07
EXO5	AL512408.1	1.1547300064747513e-07
ZBTB17	PLA2G5	1.1543450697227829e-07
MTF1	AC114488.1	1.152308819096057e-07
CPTP	TFAP2E	1.142957329283215e-07
ZFP69B	GPR153	1.1293929095333641e-07
CPTP	AL603839.3	1.1179255117556796e-07
KDM4A	HCRTR1	1.1143295251865057e-07
FOXO6	RHBDL2	1.1052939318212604e-07
DMAP1	LINC01770	1.1037223349169929e-07
MORN1	KIAA1522	1.1033914857535653e-07
ZNF691	CYP4X1	1.0894591497151986e-07
FOXO6	SCNN1D	1.0654064342014417e-07
EXO5	LINC01137	1.0495885532339712e-07
POU3F1	AL109936.2	1.0410015732125059e-07
KDM4A	DNAJC6	1.0328454536169692e-07
ZFP69B	CELA2A	1.0258864347325522e-07
ZNF436	HNRNPR	1.01442743559802e-07
ZNF691	AL139424.3	1.0066863142978608e-07
PRDM16	TMEM51-AS1	9.987353554153697e-08
KDM4A	GPR153	9.962793229523097e-08
FOXJ3	AL137127.1	9.891037822223132e-08
EXO5	MAST2	9.834915325186318e-08
DMRTA2	PDZK1IP1	9.631943737385169e-08
ZBTB48	CSF3R	9.558334930914937e-08
ZBTB40	AL512408.1	9.048836295692765e-08
HES5	BEST4	8.968073471031987e-08
ZNF436	FHAD1	8.867308673549947e-08
ZSCAN20	AL513218.2	8.840825558299206e-08
SCMH1	WNT4	8.814993814663153e-08
ZSCAN20	HPCA	8.807330426416925e-08
KDM4A	AL606491.1	8.786572936687404e-08
ZFP69	AL031283.1	8.783656714877099e-08
ZBTB40	ERMAP	8.783634598471105e-08
ZNF362	AL590438.1	8.780135893548445e-08
CPTP	AL450043.1	8.629972246064007e-08
POU3F1	LRP8	8.576257391453986e-08
FOXD2	LINC01358	8.464064922958597e-08
TP73	AL513218.2	8.356858463609286e-08
ZBTB17	KDF1	8.255670183301176e-08
FOXD2	KDF1	8.235410870956876e-08
SCMH1	AL137857.1	8.203598180112301e-08
NFYC	MANEAL	8.1823450545995e-08
GMEB1	TFAP2E	8.180913543754862e-08
HEYL	AL109936.2	8.161719532198058e-08
ZFP69B	MMACHC	8.118246962572538e-08
LUZP1	PTPRU	8.063376073952712e-08
NOC2L	AC093424.1	8.04475563463031e-08
AGMAT	EXOSC10-AS1	8.001336707608447e-08
ZBTB48	AL137802.2	7.93450811542072e-08
HIVEP3	KIF17	7.872240050829059e-08
MTF1	AL513320.1	7.837391840114999e-08
MORN1	DMRTA2	7.71524062120392e-08
MYCL	TRNP1	7.687264487134909e-08
HEYL	DLGAP3	7.634299782599068e-08
FOXO6	KDF1	7.588223221244951e-08
KDM4A	AL139423.2	7.581333251477271e-08
EXO5	RHD	7.5491072255859e-08
KDM4A	BMP8A	7.451472545035233e-08
RLF	TRABD2B	7.448882315773804e-08
ZNF684	HPCA	7.432154323438816e-08
SCMH1	AC093424.1	7.362852535387262e-08
ZCCHC17	FNDC10	7.33185370460297e-08
FOXO6	AL020997.5	7.25289618237148e-08
HIVEP3	BEST4	7.24328226571641e-08
ZBTB40	AL139423.1	7.234250601958231e-08
GMEB1	AL139286.3	7.1951374271064e-08
TAL1	AL450043.1	7.121893861885864e-08
SSBP3	AL050343.2	7.095944697984349e-08
FOXD3	AL603839.3	7.052084943743711e-08
PRDM16	AL357140.1	7.025388510610072e-08
ZNF691	ATAD3C	6.879023327563296e-08
ZCCHC17	ALDH4A1	6.850514292497189e-08
PRKAA2	AL603839.3	6.792135123184092e-08
ZFP69	MXRA8	6.75787304598296e-08
HES5	TFAP2E	6.734434115698016e-08
HDAC1	TENT5B	6.699133275366474e-08
ZBTB17	BEND5	6.673620468454535e-08
MORN1	GPR153	6.661990663179019e-08
HES5	CPLANE2	6.61378740036202e-08
HES5	NBPF3	6.353938113451107e-08
HIVEP3	AL161644.1	6.343734926282028e-08
KDM4A	TFAP2E	6.323506361948713e-08
RLF	AL445248.1	6.296971178083264e-08
ZNF684	FOXD2-AS1	6.209183294400588e-08
CPTP	HPDL	6.153791715549583e-08
ZFP69B	FOXD3-AS1	6.099197522516032e-08
EXO5	DFFB	6.09320377858882e-08
FOXD2	AL096840.2	6.030769092916685e-08
AGMAT	GABRD	5.8951798313998666e-08
ZFP69B	HYI-AS1	5.820766327538624e-08
ZNF691	ZNF436-AS1	5.698979362618279e-08
FOXO6	AL139286.2	5.679838318973488e-08
HES5	LINC01144	5.669700042724024e-08
NOC2L	UBE4B	5.6237899488637897e-08
MORN1	CRYBG2	5.5491607042105765e-08
AGMAT	PABPC4-AS1	5.5401461760492576e-08
ZFP69B	KDF1	5.480466276181243e-08
ZFP69	AL590822.1	5.38397296793649e-08
ZNF362	MIR34AHG	5.34537464885481e-08
TFAP2E	TMEM269	5.19994333866726e-08
MTF1	AL020997.5	5.163013447999045e-08
MYCL	DISP3	5.1448834267114976e-08
FOXO6	AL137127.1	5.130829920364695e-08
SCMH1	ZSCAN20	5.1184681849582185e-08
KDM4A	ZFP69	5.0195407667827465e-08
HP1BP3	AL445248.1	5.0068585893673685e-08
NOC2L	TFAP2E	4.9863934571183745e-08
CPTP	AGMAT	4.96272007098969e-08
NOC2L	AL050343.3	4.957808932924477e-08
GMEB1	SLC2A5	4.89701386715902e-08
ZBTB40	AL445183.2	4.882805589172462e-08
RUNX3	PLA2G5	4.859580935006764e-08
POU3F1	AL603839.3	4.8516254442706565e-08
ZNF362	HMGN2	4.829839509271265e-08
POU3F1	AL358075.2	4.809766794351302e-08
ZFP69	AL031985.3	4.742144774868499e-08
MTF1	BEST4	4.71847221918791e-08
NFYC	NBPF3	4.656775314058976e-08
KDM4A	CSF3R	4.65324891681071e-08
CPTP	BEST4	4.5894310999873875e-08
NOC2L	AC119677.1	4.586078305742794e-08
CPTP	EXTL1	4.545819012104541e-08
EXO5	AL603839.3	4.534531914713385e-08
MORN1	PLA2G5	4.524962805144911e-08
HIVEP3	AL020996.1	4.449365458696463e-08
ZFP69B	ZSCAN20	4.409509743741904e-08
TAL1	TEKT2	4.382783376851928e-08
TAL1	CPT2	4.337071752285511e-08
RUNX3	AC093151.8	4.335663472326706e-08
LUZP1	HSPB7	4.3068995292185996e-08
TAL1	AL109936.6	4.305848727509826e-08
FOXD2	UBE2J2	4.1366235791545176e-08
HEYL	HPCA	4.127232645872891e-08
EXO5	KDM4A-AS1	4.122441514150401e-08
TAL1	MDS2	4.086083016427783e-08
SSBP3	TMEM269	4.0649216602570965e-08
HDAC1	KDM4A	4.0532172928874724e-08
ZBTB40	KDF1	3.962902994944543e-08
FOXD2	CRYBG2	3.912590018483389e-08
HES5	AL031848.2	3.888942228292646e-08
HDAC1	FBXO6	3.880563311484809e-08
HES4	DLEU2L	3.8749475382065104e-08
ZNF684	HEYL	3.774441308883622e-08
ZFP69B	CTRC	3.743247320574394e-08
HES5	EXO5	3.7321374200652524e-08
FOXD3	AL450043.1	3.722209917157179e-08
HIVEP3	FBXO6	3.7117001742833036e-08
ZBTB17	CSF3R	3.707532420560068e-08
GMEB1	PAFAH2	3.6740591368090916e-08
MTF1	AL137127.1	3.6489386799008324e-08
ZFP69	AC093424.1	3.633774801923725e-08
CPTP	IPP	3.600482778671176e-08
EXO5	OXCT2	3.4697614265811234e-08
ZSCAN20	DRAXIN	3.439113537831573e-08
GMEB1	AL031283.1	3.429512192002612e-08
ZBTB48	BEST4	3.4069715364067286e-08
HEYL	PLEKHN1	3.397156501401823e-08
MTF1	LINC01144	3.3435943928947565e-08
FOXO6	AGTRAP	3.230136379812188e-08
NOC2L	IQCC	3.197647960771499e-08
ZBTB48	AL031727.2	3.14991954640992e-08
AGMAT	PLA2G5	3.110528159070249e-08
PRKAA2	SRARP	3.092523141401333e-08
MORN1	SLC30A2	3.0324532938617086e-08
ZFP69	PINK1-AS	3.0151391474817036e-08
SCMH1	AL050343.3	2.9725153192867545e-08
NFYC	EBNA1BP2	2.9650712986993587e-08
PRDM16	MIR4422HG	2.9632714285567777e-08
GMEB1	AL031848.2	2.962761557459531e-08
ZFP69	FGGY	2.944026005015366e-08
ZFP69	AL353622.1	2.837380071735894e-08
ZCCHC17	CD164L2	2.756843932909293e-08
NOC2L	RLF	2.752884322174724e-08
MTF1	AL139286.3	2.752301336946822e-08
HIVEP3	AL109936.6	2.7520841670468795e-08
ZBTB17	AL645608.7	2.7224456671960147e-08
ZNF362	AL139286.3	2.7081967299633154e-08
ZNF691	TFAP2E	2.5452927982060686e-08
HES4	MATN1-AS1	2.525845301571646e-08
NOC2L	C1orf167	2.4601429694031256e-08
MTF1	AL031432.5	2.448724314155797e-08
ZBTB40	AL360012.1	2.3766912953314795e-08
RLF	AJAP1	2.350409546772516e-08
ZNF436	BMP8A	2.3477608832441224e-08
POU3F1	MIR4422HG	2.273935434069241e-08
SSBP3	NBPF3	2.2351201449543583e-08
MORN1	AL390719.2	2.200737900154692e-08
MTF1	DHCR24	2.199135238501274e-08
FOXJ3	AL031985.3	2.1614197115548298e-08
ZCCHC17	AL109936.2	2.1393938450422376e-08
SSBP3	KDF1	2.111489230093503e-08
TAL1	AL162430.2	2.108884460095183e-08
FOXO6	KCNQ4	2.035678743546299e-08
POU3F1	ERMAP	2.029161202677932e-08
HIVEP3	ZNF436-AS1	1.947559286255071e-08
ZNF436	AC098484.4	1.9381779895712692e-08
MORN1	SLFNL1	1.9058308820891598e-08
GMEB1	HCRTR1	1.871105643081572e-08
HIVEP3	AL109627.1	1.861876686927625e-08
HIVEP3	AL603839.3	1.8590893061133074e-08
MORN1	ACAP3	1.844458301520024e-08
TAL1	AL031432.5	1.8003390861757567e-08
FOXD2	AL033528.2	1.7816915953129845e-08
HES5	AL139286.3	1.7741100407095074e-08
HIVEP3	KCNQ4	1.7227604156243072e-08
ZNF436	CLDN19	1.718079920468103e-08
HIVEP3	TP73	1.686167631138734e-08
ZBTB48	IL23R	1.682400981873951e-08
RLF	AL591845.1	1.661612392842977e-08
HES5	AL139424.1	1.6407954276592626e-08
ZBTB48	AL031602.2	1.6273033084887134e-08
ZNF362	LINC01772	1.5671592471613716e-08
KDM4A	AL031432.5	1.5642615574376505e-08
EXO5	TTC39A	1.5026331170356704e-08
MYCL	LINC02596	1.493213710083144e-08
PRDM16	ZBTB8A	1.491975188360108e-08
ZNF684	AL450043.1	1.4893876399351672e-08
MORN1	AL359881.2	1.4868805717919928e-08
POU3F1	PLEKHN1	1.4700859098815214e-08
MTF1	FABP3	1.4360891861280426e-08
ASAP3	AL603839.3	1.4343829323127198e-08
TAL1	AL357078.2	1.4199021168000542e-08
ZNF436	FNDC5	1.408571700435136e-08
HES5	AL451042.2	1.4004503472891699e-08
HES5	PLA2G2C	1.3791054242093592e-08
MTF1	AL451042.2	1.3665727517947512e-08
PRDM16	AL031289.2	1.3612513131224006e-08
ZBTB40	AL020997.2	1.312366008692172e-08
ZNF362	AL603839.3	1.3096279879734687e-08
MYCL	AL359881.1	1.3051796147832225e-08
SCMH1	RHCE	1.2543456440849178e-08
MTF1	AL805961.1	1.2220728194999556e-08
ZNF691	AL512408.1	1.2219390414789963e-08
TAL1	AL662907.3	1.210893974022253e-08
ZBTB40	AL139424.1	1.1995930516756495e-08
CPTP	GPR157	1.1963178508965061e-08
HES5	AL512408.1	1.1865517955680143e-08
ZBTB40	TTC22	1.1446646872275043e-08
AGMAT	BEST4	1.1074107832394297e-08
ZBTB17	LINC01778	1.10692860308649e-08
RUNX3	AL358075.1	1.0177871754378791e-08
GMEB1	AL360012.1	1.0155628775982046e-08
ZNF436	KDF1	9.99693677928533e-09
MYCL	BMP8B	9.50323229758168e-09
ZBTB48	AL603839.3	9.267258768266299e-09
ASAP3	AL391244.2	9.003349802588895e-09
ZBTB17	AL109811.1	8.921148907548993e-09
DMAP1	CPLANE2	8.771474005192678e-09
HES4	ZFP69	8.571004276327945e-09
PRKAA2	AL627309.1	8.569110171555472e-09
POU3F1	KDF1	8.386396836533976e-09
VAMP3	GPR157	8.144766004094533e-09
ZFP69B	AL513327.1	7.914315058800098e-09
MAGOH	TOE1	7.897810236595841e-09
ASAP3	BEST4	7.719626073813396e-09
HEYL	CEP85	7.204690474869597e-09
GMEB1	GNL2	7.087684376450677e-09
EXO5	AC093425.1	6.987944985487393e-09
GMEB1	RNF223	6.882301418518098e-09
HEYL	FOXD3	6.879326676738746e-09
FOXD3	OXCT2	6.74733493664894e-09
HIVEP3	Z97987.1	6.605962744545276e-09
ZNF362	CA6	6.403507371128434e-09
HES4	PLCH2	6.385099573599075e-09
HIVEP3	ATAD3C	6.2860985927396364e-09
ZBTB48	LINC01135	6.1864567519574766e-09
MTF1	AL590434.1	6.121764292910828e-09
SCMH1	AL034417.3	5.876819280194784e-09
TAL1	BMP8B	5.8701103522997294e-09
HES5	CA6	5.78491803500201e-09
PRDM16	BEST4	5.612375688158142e-09
EXO5	AL031727.2	5.470218398984919e-09
ZFP69B	AL590822.3	5.1814737072121785e-09
ZBTB48	AL590438.1	5.165587994458124e-09
ZFP69B	LINC00115	5.149317621584991e-09
TAL1	AL021154.1	4.969005212005322e-09
AGMAT	PLEKHM2	4.554812464513227e-09
ZNF684	AL031727.2	4.43677352179065e-09
CPTP	PIK3CD-AS1	4.400935900213889e-09
HES5	PIK3CD-AS1	4.253686454431214e-09
SCMH1	SLFNL1-AS1	4.212791657378602e-09
ZFP69	EXTL1	3.9983884194495335e-09
ZNF684	CD164L2	3.906262884609601e-09
PRKAA2	AL390719.2	3.63338980390613e-09
KDM4A	AL450043.1	3.5831651975322963e-09
ZBTB48	SLC30A2	3.4497440076685244e-09
SSBP3	NPHP4	3.4134165314327716e-09
AKR1A1	AC099791.4	3.2356203208794934e-09
ZBTB17	AUNIP	3.075619249919996e-09
ZNF691	SAMD11	2.9957582012932223e-09
NFYC	FOXO6	2.9467420404082385e-09
FOXD3	AL109936.6	2.7347725851299653e-09
ZNF362	AL031289.2	2.568692694560658e-09
MORN1	AL161644.1	2.4603722310395068e-09
GMEB1	RCC2	2.365822659513273e-09
PRDM16	SLFNL1-AS1	2.3380181927569257e-09
ZBTB40	PABPC4-AS1	2.214705918194755e-09
NFYC	FAM131C	2.1686177780500383e-09
MYCL	UQCRHL	2.1433619918088185e-09
FOXD2	AL136985.3	2.083362471309347e-09
PRDM16	PRKCZ	1.958890570379771e-09
ZBTB17	CAMTA1-IT1	1.934366395442654e-09
ZNF684	AL137857.1	1.8940858905944448e-09
ENO1	AL590822.1	1.878711088306503e-09
HDAC1	AL121992.1	1.848509964355551e-09
ASAP3	YIPF1	1.7688938676200911e-09
ZNF436	AL445183.2	1.6436883102373062e-09
ZBTB40	AL391244.2	1.6209154954983072e-09
SCMH1	FAM76A	1.5290792127127548e-09
EXO5	AL031283.1	1.5080171854436566e-09
KDM4A	IL23R	1.4873429492761074e-09
MTF1	MIR4422HG	1.4781796903222834e-09
GMEB1	OSCP1	1.4164072980232274e-09
MTF1	FNDC10	1.2309807652751614e-09
GMEB1	LINC02596	1.1694750064422704e-09
TAL1	TSSK3	8.955580344368913e-10
CPTP	AC254633.1	7.837509033768068e-10
ZNF691	AC099791.4	7.217446551253178e-10
TAL1	FABP3	5.432491861117298e-10
ZNF362	TNFRSF4	4.4869062568616805e-10
PRKAA2	LINC01771	4.295601429493873e-10
ZNF691	TTC39A	4.043795097553977e-10
SCMH1	AL590438.1	3.7859831170574877e-10
NOC2L	AL033528.2	3.7610247486366666e-10
ZBTB48	LINC01359	2.7245199633295634e-10
TAL1	EXTL1	2.419501178316057e-10
HEYL	BX284668.2	2.1082474357187773e-10
MYCL	PLA2G5	1.6526825948830302e-10
FOXD2	RNF223	1.646108071879165e-10
ZBTB40	TRABD2B	8.048817579967483e-11
SSBP3	AL031432.5	6.814822352880561e-11
MTF1	CYP4B1	5.681580563007394e-11
HES5	AL590438.1	3.913441020818415e-11
ZNF362	AL691432.2	3.5791810486351166e-11
JUN	RNF223	2.2659137270266956e-11
HEYL	AL031432.5	2.1700235081148144e-11
PRKAA2	MDS2	2.1030766718674414e-11
ZNF691	AL590438.1	1.2095243037388788e-11
MORN1	HMGN2	7.362053965731312e-12
ZNF684	AL357140.1	5.315784316985982e-12
AGMAT	AL451042.2	3.411885168791899e-12
NFYC	AL590822.1	1.536603805029936e-12
RUNX3	AUNIP	1.3225149911381508e-12
ZNF684	SLFNL1-AS1	1.2504392246753108e-12
ZBTB48	AL450043.1	1.1472407835092384e-12
MYCL	AC114488.1	1.06908927250502e-12
MYCL	LINC01767	1.0348518282987287e-12
CPTP	PADI2	6.608611326998503e-13
FOXD2	EPHB2	3.629529828331972e-13
MYCL	SLFNL1-AS1	3.007272620200877e-13
NFYC	AL359881.1	1.1942271354475093e-13
ZNF691	KPNA6	8.834160699993054e-14
ZNF362	AL805961.1	5.415221854830498e-14
POU3F1	BMP8A	1.93136993857632e-14
GMEB1	AL031985.3	1.1510109754361455e-14
NOC2L	RNF19B	8.45944716979267e-15
HIVEP3	USP1	7.863562971895618e-15
ZBTB48	AL031432.5	2.826147976332997e-15
SCMH1	HMGN2	1.871061391368851e-15
SSBP3	OSCP1	4.2947999871364823e-16
